Index,target
66,25.417095033593043
67,16.832818341519207
68,30.29092472528049
69,33.04405111964335
70,29.596694081273952
71,34.287472871858405
72,36.540472273833096
73,25.897301050733624
74,50.391002722612036
75,40.88431958610939
76,46.53287086918085
77,44.649864331392706
141,26.585812799126224
142,34.77440045140984
143,33.37034455482132
144,34.61014224643715
217,30.124778458514847
218,29.30447696645045
219,34.21866143618724
220,27.39514243019799
221,21.28355407858404
222,27.25823327871371
223,21.68675868324045
224,26.327992889683443
225,24.30200212769317
226,27.103293649951937
227,34.276300074249235
228,32.24796940196614
229,38.09583828346955
230,33.24553010006702
231,50.76655799532743
232,37.53470220611152
233,35.740273146181245
234,40.793217404539696
235,39.08961820106162
236,40.49868094220439
237,39.95371421190489
238,45.33627206423876
239,44.92176104372302
240,57.53684973697331
241,86.96822051438288
242,64.89411261428428
243,54.08264433535007
244,58.23168830083109
423,26.54412183711002
424,29.95872758743021
425,28.974522175162207
426,38.21709464489898
427,37.65327559895634
428,52.586621772204154
429,45.651102957802635
430,35.88998292548216
431,43.274642099617814
432,44.49829232873665
433,42.52078837169158
434,36.31490613416564
447,23.997258872556404
448,30.399204222941428
449,29.84105998952328
450,29.735447138122936
519,30.929043652365486
520,34.88646276360899
521,36.85791874520774
522,34.06753706787482
554,18.44518700122956
555,27.91370349192162
556,46.51062914985288
557,39.50152730425439
558,35.72554837650153
559,21.488112704905262
560,26.156931908669883
561,26.39814998111919
562,31.65269841562359
563,24.63897072969295
585,32.244832547052155
586,41.71606093437478
587,31.97948163717855
588,34.69130696414137
589,34.037877957911725
590,38.26850881681527
591,44.55633986544411
592,39.73662488717594
593,56.02967673621579
594,43.09524055166498
595,33.90113376178574
596,43.629559068800866
606,26.998655605088977
607,29.10740135904414
608,26.9780119264314
609,27.098597793550006
610,25.254249239024844
611,28.64542391801323
612,31.096163020764983
613,38.61069822751142
614,29.1302237624273
615,37.76098947458007
616,33.25290863333927
617,45.708828810774996
618,28.140886082632733
619,35.12856066375753
620,35.736375054376204
621,51.35976312805541
622,42.0116547768226
623,40.51974670265154
624,45.42407947216437
625,48.130534920265376
626,59.165745767795165
638,42.9721180871714
639,31.39142231294236
640,46.11675696780253
641,57.73026803776183
713,59.2817714861747
714,38.440044642153076
715,65.93016154959544
716,46.10380973448747
717,45.51766530725496
718,58.00278342212943
719,52.54235625014294
720,78.01616982809627
721,64.271504138698
722,69.55191117778327
723,53.184745696931905
724,84.99127045033337
731,32.51612040920673
732,28.970636575723738
733,21.41194951642415
734,29.819200061512866
735,23.380079707877712
736,33.83774894872355
737,31.695503812512833
738,30.4092424358278
739,35.05392506718585
740,35.082585645174674
741,53.57474928015663
742,55.97019964254506
759,34.25068414752194
760,42.168660045277285
761,38.81766251764625
762,32.818014108869875
763,39.136211859131485
770,30.55157785814255
771,31.407377416868528
772,28.923590714699927
773,32.189920453818786
774,35.592763945960215
775,22.185255135409435
776,35.41288853471215
777,19.52466357805168
778,27.373255450198535
779,35.10212299151288
780,40.53780217470901
781,39.79699955140212
782,31.205441944135657
783,38.45334742857801
784,42.655013116692835
785,44.773424926470966
786,38.5899925640712
787,36.736699175862256
788,40.73801955355374
789,41.307255491253784
790,45.218394966164816
791,61.85268331720904
792,66.80699307027005
822,38.44741730917103
823,40.6619213634858
824,64.75307018803754
825,41.558909986084224
826,58.770676388143634
839,26.46982700525308
840,29.03342390678523
841,35.38525425182436
842,33.10691937931779
843,35.48221216159946
844,37.25592756713345
845,43.47240177557155
846,37.5530833513965
847,44.15969846658338
848,38.53319153664987
849,49.21043886231846
850,41.71586593639564
911,24.463345685844295
912,22.757804536545542
913,35.05167409509534
914,29.266566424494393
915,30.84122949063036
916,32.80338456130277
917,34.23972701647545
918,54.028912944432534
919,40.281136933066385
920,37.00869752380221
921,41.59019533919679
922,44.075446893308474
944,30.00861242568923
945,36.59439593442287
946,31.985424939930034
947,30.008103890540696
948,39.24206770814721
949,42.56103603127874
959,49.15053641837903
960,61.14929019799682
961,42.637107266879795
962,41.57193778352999
963,42.933441079664995
964,52.00495723479121
965,48.69799487139498
966,71.04360433032544
967,52.396535956209846
968,66.99042948419789
969,71.5029375801699
970,73.45070955470716
1097,6.845975908920089
1098,12.393388958794397
1099,11.94206126294008
1100,15.356667013260271
1101,18.968138630357537
1102,16.185093982273315
1103,8.377812083947816
1133,28.551233043951207
1134,37.51856005362715
1135,48.66433388524886
1136,39.45025966147774
1137,64.20981868377115
1138,47.899625031287385
1139,34.82873562874074
1140,40.40373367593667
1141,33.71928485298178
1142,33.35556945159936
1143,40.65671155843495
1156,34.630889998068966
1157,28.766550787225817
1158,36.39512459373365
1159,33.2731609238919
1271,33.904157211799685
1272,25.9128026129543
1273,32.81243229732704
1274,34.67087993470636
1275,32.02739674543606
1276,32.33705543647212
1277,41.0307638873408
1278,36.6192219129577
1279,45.93790833730444
1280,43.10881776362197
1281,43.02067926871691
1282,45.83018657130436
1294,51.85671239267473
1295,58.124256208174295
1296,56.52553159643937
1297,62.03484356971829
1298,65.50941870867864
1299,43.0217073767721
1300,68.7977968611943
1301,75.99421437767117
1302,101.60841236210966
1303,50.52771495298003
1304,54.22399142277983
1305,89.80001606514969
1318,18.680382441518603
1319,26.202139710462596
1320,19.803717811800233
1321,31.191408526918742
1322,27.24624354050203
1323,27.032282497764562
1324,31.24666535647492
1325,35.159213905299616
1326,37.12498880285458
1327,42.49601766391539
1328,38.27996361256929
1329,49.32633490447034
1443,32.18068460258286
1444,34.75035910997896
1445,35.87330460757259
1446,35.38858643994945
1447,29.01344249487682
1448,33.1849496322955
1449,26.630089172854802
1450,34.765689125531
1451,38.97303850568594
1452,55.486266004323454
1453,47.833540255101575
1491,29.42492060290293
1492,36.626228259155404
1493,30.757051074425256
1494,50.550058627609765
1495,33.42330444771675
1496,41.64652045859048
1497,35.46966974411121
1498,44.190470471856386
1499,38.61899587638314
1500,44.15834211471883
1501,37.91475548200981
1502,43.42396210154975
1540,33.590638620056815
1541,53.551146045341916
1542,34.21240699552889
1543,38.870526070328985
1544,56.410224503434115
1545,33.79466328502269
1546,40.851856623349384
1547,54.398657725312724
1548,79.01148548849014
1549,71.64166534265316
1550,51.819159994664545
1551,66.90839114563256
1682,36.33899072588728
1683,60.895750708939076
1684,45.55569860243379
1685,42.059003529871816
1686,47.98044602490665
1687,45.91157704887752
1688,45.51029380889843
1689,70.63430371255903
1690,46.40388612185011
1691,76.60408009903233
1692,55.82513034341016
1693,76.09748654153684
1788,15.492237308330537
1789,16.34676960884125
1790,16.987668834224273
1791,18.348698825232567
1792,19.203231125743265
1793,21.391208419940646
1794,24.29931647976327
1795,33.261335279957756
1796,27.769092224726705
1797,30.597968744307103
1798,34.81193680049475
1799,35.95933371637535
1823,15.151343178387592
1824,30.426831707554676
1825,32.773902266542926
1826,35.17068669297104
1827,38.45055063699926
1828,43.85359441920534
1829,39.69817053874832
1830,44.51415958765954
1831,52.519441477528275
1832,51.85848318849976
1833,37.353708115071676
1834,50.2358547936429
1835,17.341300749161363
1836,29.02185607964975
1837,36.91570950420585
1838,36.83647796396363
1839,33.77310472003489
1888,19.404531683607466
1889,25.56525896154318
1890,26.633424337181566
1891,28.10127086575369
1892,30.902562388012456
1893,37.0908746632698
1894,34.15870505784823
1895,30.84824071512135
1896,33.79095094424679
1897,38.763884456918504
1898,52.04742786531166
1899,48.24479798859609
1900,20.67901936052338
1901,33.10198384003378
1902,31.658313427464904
1903,33.08464443268155
1921,23.349817729259648
1922,29.83099461988688
1923,35.61962574221048
1924,26.831062605600074
1925,29.40732082747717
1926,38.63128198338354
1927,34.83315588263721
1928,35.337554721571315
1929,42.81996473501493
2057,25.7095901721079
2058,27.07062016311619
2059,29.15178091974972
2060,38.3040615749748
2061,27.226396343023005
2062,28.450806764041353
2063,30.800171238738756
2064,43.27972706009238
2065,44.042021049744314
2066,39.918426209553765
2067,41.64147987375075
2068,49.35693279242301
2139,46.146501397590775
2140,43.321148329733035
2141,46.735754080053226
2142,72.14923925563947
2218,25.572813892685893
2219,39.0140803671163
2220,16.313698144343896
2221,31.002699618496393
2222,35.43114235482554
2223,37.000235348657064
2224,39.03395152958326
2225,39.31471420356628
2226,38.12059275544007
2227,45.120607898923865
2255,39.33353351118449
2256,26.36268489726296
2257,34.14047226232764
2258,26.892120872790436
2259,33.44055125135915
2260,28.794045924996688
2261,35.67712110924444
2262,53.3721018568393
2263,47.4942626571567
2264,45.41849522638829
2265,43.59322175926032
2266,48.50293105380691
2271,35.19036582037522
2272,22.34984641458629
2273,31.286422568280592
2274,32.586788451735124
2287,29.473610514611963
2288,25.635262065759093
2289,27.28312050004002
2290,35.01198804135439
2336,22.453136987241727
2337,27.895624689105517
2338,31.347154931365907
2339,32.585254468158375
2340,36.63988879587372
2341,43.24443202664955
2342,38.810699708514896
2343,48.2126426239095
2344,42.46629085959771
2345,43.54120073356502
2346,45.784470903454064
2347,46.12371455025039
2413,15.716910014749871
2414,24.144846127125163
2415,14.145770400336573
2416,23.373068818579334
2417,25.160934694147215
2418,15.06139553940703
2419,25.496389620843466
2420,25.480759500862227
2437,40.0760472352111
2438,29.14440443216826
2439,50.14734727235177
2440,67.88032104289508
2479,32.30729844418025
2480,36.21554849809968
2481,30.632013639763585
2482,43.14347884877687
2483,28.294383810073548
2484,26.802475735902455
2485,24.775111473440226
2486,24.9914941199958
2487,26.90078071712818
2488,24.1151261826462
2489,38.95694474783898
2490,42.25306457809963
2491,39.56715240149301
2492,29.598396895764274
2493,36.97645628607756
2494,42.850571156853995
2535,43.58896737820482
2536,44.737785563693976
2537,40.53099296105717
2538,53.349970759681845
2539,51.51047413542851
2557,32.083217560280794
2558,24.351350667931783
2559,27.855092656024908
2560,33.847452155945476
2561,35.84396676853569
2562,29.04842265911911
2563,35.74839370436509
2564,50.17641031944757
2565,54.402884381424414
2566,44.35565040080829
2567,44.78074879337717
2568,48.182041218245985
2573,34.62933140038203
2574,45.235470832808716
2575,40.07710422696969
2576,44.838198306544385
2577,29.871332618102862
2578,40.27104680222181
2579,43.73725365348722
2580,40.92030484959218
2581,62.789075310594754
2582,49.22320393641459
2583,52.35416857453746
2584,51.505974968765635
2585,23.754939228544245
2586,21.463668848505698
2587,27.359116508393143
2588,21.25355922510068
2589,36.659580927417984
2590,37.72518353605049
2591,51.28857591413975
2592,41.49892646715745
2593,44.48087828144776
2594,33.964803103215246
2595,33.75103820823454
2596,21.86519313610497
2597,37.33780614857255
2598,48.021015861280695
2599,38.09092321487817
2600,47.06907056117553
2601,52.91996554018695
2602,31.49468033154689
2603,39.75432723378953
2604,56.12511521592092
2605,49.40194954063676
2606,18.30609718530043
2607,25.29377176642523
2608,21.80345792758549
2609,28.71190096846808
2610,26.792726744041637
2632,45.58614823974299
2633,40.655572869652765
2634,50.6827792197862
2635,35.609314551441166
2636,29.76432791709233
2637,25.573594179050076
2638,32.16877354121564
2639,32.14798918252563
2640,31.898549841585854
2641,42.23844593779078
2642,67.31254021449176
2643,41.734772060734365
2644,46.958856030338545
2645,71.9323369823832
2646,60.47867968853584
2647,59.771894713181474
2672,18.253161511504274
2673,20.361907265459436
2674,23.1631987877182
2675,26.284939922668507
2676,24.686215310933584
2677,36.79403679167733
2678,33.99626872114121
2679,40.39087671111967
2680,31.394020024111377
2830,32.18605097902974
2831,19.947351415123187
2832,31.841539820739257
2833,24.72298715645165
2834,30.958385185521962
2903,19.267524717510582
2904,19.02983009678394
2905,22.017169696848768
2906,22.68565391955343
2955,37.02280108822501
2956,44.62378989741121
2957,37.75591441804884
2958,29.0184962499089
2959,33.43318659036324
2960,48.00576915718272
2961,41.390925594441384
2962,49.42012742192004
2963,47.12581974378862
2964,36.571672353808005
2965,44.46904923008676
2966,50.01646227996107
2967,38.47123393926165
2968,47.56968902667132
2969,39.909722131853364
2970,49.26480824439153
2971,65.24365389488348
2972,46.46808153036083
2973,55.36168909183662
2974,71.04198905234277
2975,48.52595060236117
3006,43.65781433150264
3007,77.12942130918121
3008,44.71739826538295
3009,84.31847481407188
3010,50.70178375949586
3011,79.51048535879225
3012,51.49730925408017
3013,51.49490800537499
3014,82.42802326066335
3031,32.87480811174771
3032,27.703014669208166
3033,53.59466502147286
3034,58.589188831025595
3035,34.48891672983669
3036,42.75202161423158
3037,46.387493515023955
3038,43.912761161013904
3167,22.74496549843947
3168,24.319628564575424
3169,28.88163123077622
3170,20.75008318549348
3175,34.061417170599874
3176,38.158651190207344
3177,33.51984726469353
3178,33.656738907388025
3179,38.59479446524045
3180,38.63499842158431
3181,51.875017174996145
3182,51.41660477155978
3183,47.512976823353505
3184,40.146197926901145
3185,75.94783374858575
3186,52.03015231495109
3192,32.15375703104397
3193,29.11477088805856
3194,32.2977512020084
3195,42.65027786521698
3196,36.65042612382756
3197,18.58853921007838
3198,17.310264211034976
3199,30.56548260765934
3200,24.459925324366864
3201,34.19867235320175
3202,35.217588194230075
3203,29.769449227049712
3204,41.828534080801816
3293,33.54221862058014
3294,35.82002134172754
3295,32.09699295427423
3296,37.2590810621397
3297,33.28003765264763
3298,41.173891077203734
3299,45.60149220851906
3300,38.88262069716519
3301,43.33780682580214
3302,40.40054345764456
3303,40.59517831309899
3304,50.88646349553094
3305,50.9945619431257
3306,46.59139543134069
3307,66.60605896530086
3308,40.426739759582745
3309,22.57708812465219
3310,28.15208617184813
3311,32.53722111254209
3312,36.45074347341536
3313,42.7341589858718
3334,23.796744337963084
3335,35.291251590645416
3336,32.96344903853977
3337,27.44524533689708
3338,27.802424280502073
3339,31.185789078859216
3340,29.199258983610328
3341,36.88655504463251
3342,32.63993339334515
3343,62.8670806627579
3344,39.23585431050575
3345,41.30203406615814
3346,52.96444258322218
3347,33.363413395004606
3348,43.41963403522245
3361,24.841144531192825
3362,25.723261829025155
3363,23.697271067034883
3364,36.53253629658403
3393,25.760042445315122
3394,26.001260517764436
3395,30.856127799335106
3396,36.21749277140336
3425,31.45601766562458
3426,35.96057520405996
3427,34.55625604509244
3428,66.21157468774153
3429,43.003155500468566
3430,44.029493206420426
3431,61.97467152936707
3432,48.95643098392316
3472,22.08191737523744
3473,29.06959195636224
3474,24.617929279447964
3475,26.378640423389975
3476,30.91305809226914
3477,42.20505652884193
3478,36.91797060639724
3479,37.18409566007099
3480,39.23742681702816
3481,49.84349645652298
3482,29.230805906903896
3483,40.8716406878489
3521,23.738617712108294
3522,16.19279889756534
3523,21.554163869633584
3524,29.875283444445046
3583,26.50412465171661
3584,23.785588121422705
3585,20.853418516001113
3586,36.493079193008725
3587,35.07192379975445
3588,37.291610100030624
3589,42.205810679912304
3590,50.14384504654882
3591,52.20233117866953
3592,45.187457146120295
3593,39.57873955595383
3594,18.16515011260307
3595,29.5804258250432
3596,23.87100924911181
3597,32.99920071700519
3598,35.87450137730807
3599,19.299717988282104
3600,19.940617213665142
3601,24.795484495235833
3602,23.730842571320103
3603,27.33149639944633
3604,31.466232915391764
3605,29.57464368828696
3606,42.829862084911326
3607,36.93451327541613
3608,35.22704478652228
3609,40.281158817307045
3610,30.94388093143008
3644,19.72301929657747
3645,22.417494281272404
3646,23.05839350665544
3647,18.286281217049634
3648,25.594405410865953
3649,28.58174501093078
3650,30.55608923000048
3651,31.733494691557247
3652,30.00138129772605
3653,42.07834439498948
3654,41.23578969361209
3655,39.38990745771695
3812,29.35738993708457
3813,31.608888437762253
3814,37.14809627261087
3815,31.91427843655631
3816,61.87810895413922
3817,45.217028774724014
3818,34.41052943070537
3819,31.069688120246127
3820,43.030850268795696
3821,40.17640157416343
3822,50.93183846709152
3823,46.61302139724224
3824,42.42489117843994
3825,43.91685775206929
3826,73.62639658754392
3827,42.89897665438877
3828,51.705239491818894
3829,53.19453072690592
3886,28.091278784798437
3887,30.58030467391835
3888,49.0880177138752
3889,30.804141656379734
4051,19.508511972409224
4052,25.269558097411206
4053,25.190326557168994
4054,28.604932307489186
4055,27.113024233318093
4056,20.6077857970919
4057,25.941565771838533
4058,31.302930743906778
4059,25.11209409223256
4060,35.404391409961285
4061,29.120414708579446
4062,30.848822617462154
4128,21.55286233557493
4129,23.740839629772303
4130,32.24800728238981
4131,27.39666345254178
4132,37.23727609884595
4133,26.780566171245404
4134,16.28670892001709
4135,37.388336188910124
4136,48.24924193054788
4137,39.54977427987266
4176,23.6623747499529
4177,24.631714358126747
4178,27.170168250623075
4179,23.711850407301252
4201,46.90172512278232
4202,39.039376010387
4203,39.810005970912606
4204,36.923435474711205
4205,34.10808245637056
4206,44.51535889340559
4207,73.82403064919178
4228,47.02187626910338
4229,51.55629393798255
4230,39.34932883127852
4231,43.27159215487586
4232,61.13144219598843
4239,25.65840493401018
4240,30.11359106264714
4241,36.48795141571052
4242,30.39354652078267
4249,30.54702066155155
4250,28.441798359319066
4251,31.963220647203087
4252,34.741706968390545
4253,36.5434512781413
4254,37.033133048844405
4255,41.23805596458209
4256,43.4003682546073
4257,34.098483402456935
4258,39.39931591476177
4259,36.39885566978224
4260,43.302637682387214
4270,36.83817843937084
4271,29.46475112502575
4272,38.90477963150127
4273,52.63669122441519
4274,32.67826318105799
4275,48.42322751332278
4276,31.024697168237147
4277,40.78025556783127
4278,31.78037798847332
4279,54.75749242341325
4280,57.2401835570002
4281,36.6094216510043
4282,62.57349525656538
4283,51.16999072901555
4284,53.18637752070617
4285,69.11703963401767
4323,16.209259750091654
4324,26.291090468845127
4325,26.355489186352628
4326,27.36409608290949
4327,32.90534392308912
4328,30.184219603173368
4329,30.55718251476329
4330,60.3706065995921
4331,41.817297532382995
4332,49.18905030811532
4333,32.79037830013213
4362,16.129706672643408
4363,22.290433950579114
4364,23.544647404023557
4365,16.319278202172114
4366,20.133565105426037
4367,39.83123526827303
4368,19.112953049070597
4369,28.50834221918739
4370,34.687500997855516
4371,30.957036203286336
4399,29.014324298374
4400,40.324364223101234
4401,35.52918153123035
4402,48.56508695258606
4403,86.41150489757406
4425,31.076931788547448
4426,40.011365591420315
4427,56.39451628455413
4428,33.539128083998506
4429,34.1841400529207
4430,33.05604321437384
4431,38.07504896468121
4432,43.23996315056433
4433,48.72472188784304
4434,43.447334701556045
4435,57.5037636389652
4484,20.285315943781352
4485,21.381066316741364
4486,30.635949732305754
4487,34.494311211107146
4545,25.087771224755443
4546,30.848817349757425
4547,16.073303631784597
4548,35.394351277805484
4549,33.5247749107118
4550,43.897585643695464
4551,47.485346382315896
4552,37.1861939441151
4553,43.328953994866474
4554,49.2007020221822
4555,41.195309412724455
4561,17.589998145118763
4562,22.52409696693166
4563,24.712074261129025
4564,19.726328896395543
4698,26.956448201757162
4699,30.15742087694968
4700,31.874191986412846
4701,31.410673225144258
4702,32.30054741305187
4703,33.235763367149424
4704,44.01840872692276
4705,44.98348622004714
4706,35.13625694690523
4707,45.881762632506415
4708,41.15353861381751
4785,22.886305913168716
4786,27.875574729624862
4787,41.575478076395015
4788,26.611711585350935
4828,30.558634796527137
4829,39.96817750107184
4830,21.297266329305067
4831,30.541429325866275
4832,49.507937444512955
4837,14.412964207632733
4838,16.78698957963615
4839,18.254836108208274
4840,46.7155555749277
4891,27.268348666850343
4892,26.737789430753807
4893,30.686477868893192
4894,26.973014982426832
4956,35.55446145608254
4957,61.408147503135595
4958,68.86793445442412
4959,44.97469202547095
4997,21.578440358957536
4998,28.566114940082336
4999,25.999975136671168
5000,27.542132860415272
5001,22.845116752197164
5002,29.25979432078246
5003,26.992384594970886
5004,29.867667599501374
5005,32.664157784091806
5006,29.515720402936566
5007,48.15606426482355
5008,58.58955595606949
5045,14.747721918853383
5046,17.683414975997625
5047,22.031784567070734
5048,25.47397531471255
5085,24.755596757828542
5086,20.48998215872031
5087,21.024064846539503
5088,31.960427865803688
5089,32.70814362875057
5090,33.098399979093294
5091,31.628805366664466
5092,36.47426839149498
5093,36.87238935040526
5094,39.09698724993547
5095,34.34360417482416
5096,40.323713611686586
5097,30.294527981887946
5098,45.04165445268337
5099,35.3275085687227
5100,38.389798600027156
5101,45.050193139148696
5102,44.9128176600936
5103,37.832197711037736
5104,60.03936437969062
5257,16.546690730444915
5258,18.627851487078445
5259,23.269085693521454
5260,19.323920707104726
5261,25.991145675538007
5262,27.352175666546287
5263,22.744912142886527
5264,30.961755960857126
5265,28.80399130406628
5266,29.363006676412382
5267,37.05846005655788
5268,39.05805747821906
5372,37.62482487719189
5373,43.06526265533714
5374,62.23501041887113
5375,42.96768165838467
5376,50.09502907303201
5377,47.042829495380566
5378,49.44710633620283
5379,51.583717509939355
5380,50.42586325023152
5381,83.89724569655807
5382,60.77577502888518
5383,58.94375784193817
5419,26.919819032096264
5420,23.08147058324338
5421,28.547280339367
5422,27.32659646490037
5423,48.65171489390688
5424,29.469717890934206
5425,40.06051822568008
5426,48.95165669746942
5427,64.44865578178583
5428,46.93666925113599
5429,39.08664015440244
5438,36.99347639914722
5439,54.02978874610743
5440,54.133709867494986
5441,59.29244005014711
5454,44.14564528075094
5455,29.694906877048062
5456,31.236415210043937
5457,32.56585894564405
5458,50.92141546100565
5459,57.92164143110565
5460,45.37111364826021
5461,72.06324597375388
5494,23.432985210293975
5495,23.08847405200348
5496,28.56993914522693
5497,24.08182534314405
5498,27.253001744623855
5499,32.99866574041601
5500,34.553144706457246
5501,40.87741624718898
5629,13.977451549771331
5630,19.845314212337158
5631,17.84690844766851
5632,22.887823807045244
5633,36.49227919835849
5634,33.40203585909525
5635,49.289337661851235
5636,41.0938789062417
5637,38.67509950615273
5638,53.79285838667758
5639,47.167675761428725
5640,43.815219503969345
5641,53.36070968234793
5642,42.23620041962115
5643,58.03642032172945
5644,48.714732301865105
5645,14.529435920330748
5646,22.209656269759172
5647,18.157674745778614
5648,26.69242739571775
5649,27.040462005730895
5650,36.322930418616906
5651,33.379598912583674
5652,29.44063746327535
5653,34.09602554750512
5666,41.798896496645696
5667,46.76940675794423
5668,33.67110633096169
5669,46.588736682938126
5670,35.05737139630411
5671,37.047714287690724
5672,58.402585334855466
5673,61.435850732600244
5674,47.2487281432185
5675,46.77509406972696
5676,69.66774458044567
5677,63.77768626726241
5732,21.838751297359472
5733,37.51964160890784
5734,28.854010875805898
5735,29.189966088838815
5736,35.702020043812006
5737,33.763833405904656
5738,37.34330118854905
5739,49.22468590895701
5740,46.387487938796816
5741,38.20638642890761
5742,38.69616287070436
5743,48.384206217279264
5863,42.12156131271789
5864,40.23248859091073
5865,62.1198646873664
5866,58.03861237785443
5867,69.74819335301093
5868,65.67588115098144
5869,74.74602378547196
5870,56.224935174198244
5871,51.12482649175701
5872,56.66119457114205
5873,66.46709582353084
5874,55.110250784320534
5907,30.390824868963463
5908,31.819769580835626
5909,35.737061321011254
5910,65.0838045312663
5911,36.22392013186172
5912,37.14078963445014
5913,36.41087861696653
5914,50.67164024491518
5915,59.65505540627243
5916,52.908102949192454
5917,63.48337284254414
5918,65.94586222235729
5940,33.458806160316655
5941,30.957543896533842
5942,32.769386733060635
5943,29.455213067352148
5944,17.856411384239884
5945,22.711278665810568
5946,25.488508642470393
5947,32.87586437652893
5948,30.770642074296426
5949,32.13246320418315
5950,35.854946999440635
5951,31.934284951531232
5952,37.48361593704559
5953,36.362531072850686
5954,40.19888807858758
5955,64.23028738426692
5980,32.41957062815965
5981,35.326480183826995
5982,14.581788787140166
5983,36.97337424245904
5984,53.56376028285538
5985,39.14595266673472
5986,23.654633884715082
5987,30.692097448112428
5988,37.188299075964736
5989,50.98814812943713
5990,37.42181177855911
5991,36.82376747540446
5992,43.83688326572447
5993,44.49668798716069
5994,44.28835380377004
5995,58.22492302450804
5996,65.73531982275274
6001,34.99057522150861
6002,24.65725264846401
6003,23.694939738866495
6004,50.97651746848629
6005,48.69224660077509
6006,40.48146701525013
6007,70.53057659030503
6008,80.0725998203998
6021,27.544263198112226
6022,32.24989483054328
6023,44.74381549967093
6024,45.491451753508414
6025,53.237892187858726
6026,64.06797768091485
6027,48.4132316280818
6028,49.06808593438568
6029,61.47173701777979
6030,73.17404607752971
6031,51.08044028119709
6032,73.03166321598128
6122,39.53540975109365
6123,28.471692100389337
6124,48.718180590604256
6125,33.92579774940782
6261,28.60758459245092
6262,40.608589535630834
6263,48.316394882380884
6264,65.15663371199498
6265,36.57728420372979
6266,42.86478458532142
6267,44.818863174439635
6268,56.85323103690903
6269,42.74197908694658
6270,45.426697789343194
6271,46.86715010190503
6272,45.82327236786954
6313,35.35153610064805
6314,46.90692236381851
6315,52.33766971814762
6316,39.35418024428078
6317,49.873031958282944
6318,41.048464010516795
6319,45.2392852162034
6320,48.74164037829118
6321,17.570838941592783
6322,19.0386854701649
6323,25.44063082054992
6324,26.295163121060632
6325,26.53638119350994
6326,28.004227722082057
6327,28.965576560156613
6328,41.07339804090036
6329,42.2483799541026
6330,43.54527529065334
6331,39.66247442130606
6332,29.98597890215131
6348,16.396515545993704
6349,19.090990530688643
6350,17.78513053432361
6351,22.53318127833046
6352,21.440954357093105
6353,25.896140485730058
6354,21.337661271251925
6355,36.29842081717505
6356,34.086381977378714
6357,38.11430195576031
6388,31.439268359185142
6389,31.573669894070598
6390,21.895043779973534
6391,27.55262690244807
6392,34.98827765000939
6393,28.73921971800531
6394,26.5145191670397
6395,45.96266036568678
6396,32.10066289143651
6397,32.488578833045196
6398,53.27461301312912
6399,38.926239722682645
6462,15.462631413553261
6463,23.78727444008739
6464,33.255790930779455
6465,39.33728666847295
6486,15.389667324787553
6487,26.136458814523017
6488,25.977995734038586
6489,23.152642666180846
6490,32.779622237357344
6491,28.811725858618615
6492,32.508808751843866
6493,37.12670547853745
6494,36.08540606431642
6495,41.551889224622506
6496,43.12396450113662
6497,52.98033098046066
6538,33.31727619159414
6539,27.420581936368375
6540,31.132336344406916
6541,34.58336193697236
6558,35.31487120009683
6559,42.4369473161071
6560,32.294166116414125
6561,37.84588389332068
6562,21.08452349488104
6563,27.059202695010697
6564,24.66111577740832
6565,39.54264378308922
6566,34.31258286741577
6567,34.3108593215124
6568,36.90962296996375
6569,22.597627112672015
6570,41.06319946425601
6571,41.0025378488822
6572,45.9976083358006
6573,47.13458226505638
6574,28.063575034745785
6575,30.938111029996243
6576,41.652708967292945
6577,35.070283374349486
6578,44.0191534577669
6579,35.99535411652404
6580,29.197251064927976
6581,24.15218184349166
6582,27.061162152210116
6603,33.699730164142885
6604,35.56725784564875
6605,28.231112417047648
6606,36.35167595961441
6607,33.644250531225126
6608,30.59334871760195
6609,46.44144654195586
6610,32.885065674376165
6611,34.37720354205857
6612,44.60908041858179
6613,39.82882543273293
6614,41.029039840064286
6643,17.45708088539608
6644,22.28788662136781
6645,20.689162009632874
6646,25.623260831445783
6647,31.170673881320077
6648,26.505378129278114
6649,25.919648898538334
6650,36.26675923534008
6651,27.12221580906219
6652,27.04712211376434
6653,29.835650812379207
6654,35.463773517753324
6663,27.70558142190834
6664,35.75005962273023
6665,30.888030315733353
6666,38.066362373098166
6667,34.07714785706406
6668,51.82344365492111
6669,40.154939269551114
6670,40.71368110170537
6671,39.467677893231894
6672,49.812067658111054
6673,51.79366233842791
6674,35.53172140482266
6675,27.35376644304144
6676,31.409271418744666
6677,22.43914787963679
6678,32.43450965934859
6753,46.61985793074789
6754,56.3742693189932
6755,62.131302304529584
6756,45.3595822339088
6757,33.21800488582776
6758,36.26353181252109
6759,40.17650194202849
6760,41.115645979038504
6768,32.66692008161794
6769,56.19335423301226
6770,51.355865635739384
6771,67.07258478101075
6772,79.70004715926908
6773,65.76181490389767
6774,77.1984221202068
6775,45.745032445580236
6776,49.738522497575815
6777,51.64202988749836
6778,50.77651996415303
6779,49.740132849101094
6788,20.658745682962113
6789,22.6330899020318
6790,24.286984508409965
6791,23.48762220254251
6792,24.74183565598696
6793,27.64994371580957
6794,29.917152550249163
6795,29.893091004650202
6796,36.98758212333883
6797,33.9346570117785
6798,38.711911045879326
6799,42.89671430231908
6842,33.05477431630567
6843,47.15168482591966
6844,52.02857489303611
6845,41.691694464252684
6846,41.394761847403956
6895,31.804354817657426
6896,34.99934364405123
6897,28.926742645417598
6898,43.83277469109991
6899,37.38414322348563
6900,38.38659063545193
6901,54.266802443640074
6902,54.5858917703703
6903,56.60803236240574
6904,46.21131045806918
6905,67.18598779894464
6906,59.561046104837146
6907,48.98009521402987
6908,56.23759134281889
6909,52.01074464493088
6910,45.29067478148474
6956,28.221131643753644
6957,35.12957468463623
6958,37.317551978833606
6959,45.10458886582586
6960,48.776850760478005
6961,45.958168577194705
6962,34.96083891304933
6963,63.16423393337378
6972,26.66496157387744
6973,33.4665880771962
6974,12.667954341589642
6975,31.880086795372115
6976,37.55454210614407
6977,33.80041143277075
6978,32.145132570871255
6979,32.64980056704709
6980,37.26501534319376
6981,44.307291167668076
6982,55.28640632565003
6983,42.5179247126248
7052,30.29427118682245
7053,28.522223230831433
7054,32.848011293659916
7055,44.113008540665554
7084,12.484348235263852
7085,13.76614668602992
7086,15.368394749487514
7087,15.795660899742863
7088,22.600810854784257
7089,23.482928152616616
7090,27.5108481309982
7091,34.60533924968684
7092,32.89979810038809
7093,31.301073488653152
7094,36.235172310466055
7095,27.462725039800283
7096,29.856611298020944
7097,38.86536777387569
7098,44.51955021670909
7099,51.35537347182504
7100,58.521910897840584
7101,44.90596118375745
7102,43.33452810803485
7103,39.63007570725344
7104,41.69693097476443
7121,21.666692389230167
7122,28.014997686394853
7123,25.665881481850814
7124,49.33176362677745
7134,55.98406389817922
7135,31.416202022843933
7136,47.40725452558717
7137,67.30174635527007
7199,25.064615454031944
7200,24.906152373547513
7201,40.8937641515341
7202,40.80226889665719
7203,31.336003483595555
7204,28.939416222668754
7205,35.77328042467939
7206,37.20864336696291
7207,34.13822310500073
7208,38.316227595872036
7209,40.62529414780318
7210,39.77140095355423
7279,25.70525331270212
7280,17.97338642035311
7281,18.626950845311363
7282,28.78789007901068
7287,30.454500389629743
7288,27.470684241287586
7289,31.49860421966919
7290,24.267474118318773
7291,33.934997078497645
7292,23.762258343180207
7293,40.27155664665197
7294,45.12409434629052
7295,31.93410266940768
7296,46.01697888379972
7297,43.20230447067213
7298,57.81293901790893
7371,15.377146554475928
7372,18.178438076734707
7373,18.52647268674786
7374,24.821601499569034
7375,25.88976687520742
7376,28.61182685722399
7377,33.8663752917284
7378,34.720907592239115
7379,26.40077737019407
7380,30.293506358693087
7381,32.07417137707983
7382,31.786552183933978
7510,43.80704422013366
7511,46.663505737035685
7512,41.42294465993173
7513,47.63658484714531
7514,44.07266063379175
7551,10.747223633891466
7552,12.883554385168246
7553,13.844903223242802
7554,15.953648977197954
7590,28.584903029022684
7591,31.572242629087512
7592,36.39952491333657
7593,28.73073507390945
7594,41.36065898606804
7595,23.41608329180277
7596,30.416880459507276
7597,39.025780856258244
7629,32.167318268588105
7630,31.795222112976
7631,31.27207137522936
7632,23.228513051513616
7633,35.78421743827662
7634,40.43582821007207
7639,30.763467667647838
7640,38.39204147415566
7641,48.06110645497944
7642,50.18503570363901
7643,52.01816368342273
7644,47.08761243495551
7645,56.54521260850669
7646,63.5381424300476
7647,55.18590049652236
7648,20.934905925185255
7649,25.1488739813729
7650,17.923504779521465
7651,21.844608220339225
7652,26.086161273848482
7653,26.541012421425478
7654,26.089684725571168
7655,44.75791463718435
7656,23.80539216014057
7657,35.38302974348301
7658,40.07467785437363
7659,38.086525136521416
7690,18.64947254309854
7691,23.904020977602954
7692,21.292300984872888
7693,25.76701806986919
7694,20.976351567493374
7695,32.196801309808826
7696,15.227031841451826
7697,41.09816041273388
7698,25.378277793719555
7699,34.11813498434107
7700,49.234572221206044
7701,46.01023863151368
7734,15.241671263202363
7735,20.068953547451414
7736,26.257265822708746
7737,29.139697540788816
7738,31.176889920262006
7739,27.565212941497116
7740,28.85992439391577
7749,15.59580673185009
7750,19.809774788037736
7751,17.09123825774384
7752,24.18572937643249
7753,23.30713553032281
7754,25.41588128427795
7783,25.706831956423486
7784,30.24124962530265
7785,39.57536458110924
7786,24.381618022647736
7787,34.53156371338382
7788,17.968987327882786
7789,24.343347680946174
7790,25.41151305658456
7791,20.959850379670286
7810,37.380840136906855
7811,54.1772772004115
7812,37.90117335021404
7813,44.54329708148889
7814,46.14064620759481
7815,44.41219454070501
7816,42.49737216925443
7817,71.76063764309929
7818,61.34345581489596
7842,28.23568794813081
7843,38.039003947252034
7844,41.47673242645025
7845,39.815390700346526
7878,29.292196719742556
7879,29.411154191957856
7880,37.42626860946675
7881,30.154587712723156
7882,37.26026911963874
7883,31.220270921204396
7884,20.23735738974284
7885,45.05979029991685
7886,40.684569725819834
7887,37.33039004683635
7888,44.72462237122723
7889,44.29396279747514
7895,32.55949145927716
7896,33.44160875710951
7897,23.000112979323454
7898,23.367037552084213
7899,34.36028835217329
7912,17.4744895380759
7913,23.76961835089709
7914,29.317031400771384
7915,29.77188254834838
7916,30.4891245286506
7917,32.31654327329091
7918,36.56118814270578
7919,36.15740032447787
7920,37.863194383050946
7921,39.435941462839516
7922,44.9928295845233
7923,43.622261454013824
7957,33.84366690674748
7958,33.85779187713509
7959,25.24789811283869
7960,30.843234579560956
7961,33.64474946870144
7962,39.68135811662674
7963,40.54751907690187
7964,43.2095792107071
7965,42.32626152528384
7966,50.23338702926459
7967,82.96524913803131
7968,50.065781977745026
7969,48.99615761497264
7970,67.89234685934211
7971,48.2044023564063
7972,48.796015043748234
7973,24.882949640611656
7974,31.33333444235732
7975,22.102052090742973
7976,28.272076693539972
7983,21.328926854686802
7984,19.46492262490361
7985,26.3733656657862
7986,25.522356816998144
8027,42.21072924292271
8028,52.3717915019184
8029,34.89626597627406
8030,48.59121159238001
8031,35.50821044856681
8032,37.109014972250414
8033,37.34953294841025
8034,40.862666615392946
8035,39.61989817170247
8036,40.024056244895405
8037,44.55037607418459
8038,50.21816273745082
8101,27.3243286584033
8102,34.84629623360035
8103,29.226809269668564
8104,30.119686944138437
8105,19.81118334041816
8106,20.772532178492717
8107,21.120566788505855
8108,24.028674848328478
8126,39.006428912694965
8127,33.83470995407579
8128,57.590008688539875
8129,41.76936111070448
8139,36.69958503960646
8140,37.21331464570647
8141,40.162589991041195
8142,19.61315338246459
8143,42.0602639097255
8144,35.34604072230723
8145,37.28195861128239
8146,25.227306265772086
8147,20.134744363474773
8148,28.48344893560786
8149,24.431467411627303
8150,20.201208887455216
8151,23.00250040971401
8152,22.737220791665756
8153,26.76514077004734
8154,25.993363461501495
8162,42.984640158428164
8163,48.132372055368734
8164,31.153358381354593
8165,33.41453883429229
8166,41.989178655123254
8167,46.29375410471418
8168,40.87161231282148
8169,41.11782549450834
8170,62.12634247962265
8171,46.70215507464218
8172,43.47164767046824
8173,66.05516467065225
8203,24.056034062660103
8204,25.44464905099001
8205,32.43232363211481
8206,35.82848397699786
8207,36.248375499715685
8208,36.52830095248585
8209,40.55257943353902
8210,37.88455153806812
8211,55.80447130454699
8212,63.43464616017768
8213,51.36072810886968
8214,53.963257869440255
8215,17.084464777050805
8216,18.659127843186774
8217,24.795793575523525
8218,28.103582788279866
8219,36.05260620747922
8220,33.22725313962148
8221,36.21459273968631
8222,33.17560659670091
8223,37.710024265580074
8224,43.87075154351577
8225,46.565226528210715
8226,41.393433085671184
8305,22.347592867616648
8306,30.055398214366697
8307,29.790118596318436
8308,31.83912449068537
8309,24.454279519513925
8310,37.983381396841715
8343,22.49770489175739
8344,21.64669604296935
8345,21.195368347115032
8346,20.45117603589082
8468,26.65411270751966
8469,38.048424707536924
8470,23.971240830782442
8471,32.67453039054427
8472,29.59920055851355
8473,32.293647676882195
8474,38.486391935835805
8475,34.48478135993219
8476,28.589838575160776
8477,44.11087882815642
8478,48.18698344834661
8479,42.49900509119715
8480,63.49087492698416
8481,49.54874771715794
8482,48.53144207559193
8483,52.40941181506921
8536,26.570143520911426
8537,28.017624997875064
8538,35.641481462881956
8539,39.87286356888187
8540,22.592368957503588
8541,27.019970088818923
8542,24.91474778658643
8543,21.262447415539597
8544,24.249787015604426
8545,42.569982317204484
8546,11.667800821069221
8547,27.293739321033414
8548,25.77303463630949
8549,30.059476154316542
8550,38.89974172235367
8551,35.490536482210736
8564,25.392392351071415
8565,32.27325039463237
8566,31.50147308608654
8567,39.79397734731555
8568,61.844954037183996
8569,43.32210958160551
8570,48.43546503634932
8571,57.44517057978558
8572,67.0471127088012
8573,49.303510039827984
8574,61.31858616366672
8575,48.20955025896294
8604,23.69667022671898
8605,30.873916337372492
8606,27.295291460197063
8607,28.239283135404044
8624,24.354337076321173
8625,24.089057458272897
8626,28.623475127152076
8627,25.426025903682216
8677,26.190647537582606
8678,38.40528555589018
8679,35.95021681407482
8680,29.799432418635796
8681,32.30107009779361
8682,31.425103363630235
8683,42.916264473426814
8684,36.71684933514717
8685,26.28162294267299
8686,30.11743509873969
8687,46.44024041783609
8688,37.92995705112796
8732,47.25302480610792
8733,52.82802285330385
8734,40.657009202622106
8735,46.814337438643115
8768,34.890101468050574
8769,34.81086992780836
8770,38.51834029349844
8771,33.59735298936891
8772,39.12800372418269
8773,41.44127769074665
8774,40.47926538288027
8775,33.84777163070807
8776,25.90227166323138
8777,30.836370485044284
8778,25.49504692224874
8840,27.453730098772525
8841,28.279274422947637
8842,32.37090866538729
8843,35.60375801220697
8844,35.03772753859583
8845,45.7422451476049
8846,41.17980857150301
8847,46.94156701095263
8848,42.410554096439014
8849,44.80854468504341
8850,49.486672223574494
8851,45.395091793498196
8852,32.875694193675386
8853,39.277639544060406
8854,58.666410134802796
8855,51.984533682571495
8868,36.43831324738742
8869,49.86247413168694
8870,39.006204666935425
8871,40.67050553312165
8872,43.88679945893863
8873,41.285737891325724
8874,71.68110649269865
8875,58.35317382771622
8876,55.94993167192545
8877,46.3054536394727
8878,74.12028429303834
8879,48.56842002872504
8898,38.841486619459
8899,24.469979755998338
8900,24.311516675513907
8901,32.171733230535814
8902,32.16845400307445
8903,31.296307232999418
8904,34.76235654285348
8905,35.187179894438316
8906,29.7160964964149
8907,52.75931024486315
8908,46.33936817085455
8965,33.13584139741289
8966,30.630937942246668
8967,30.54252129914189
8968,30.56178407538347
9070,25.915494204884276
9071,32.40922991830308
9072,26.826609907127867
9073,36.08817631788764
9074,24.519507318139063
9087,25.0990021787478
9088,36.999277827208324
9089,41.96921141645532
9090,13.371329321717472
9091,25.08620389239676
9092,32.07387847352156
9093,31.8085988554733
9094,13.918483883796036
9095,18.3364677771255
9096,31.63492528639771
9097,31.354655807986887
9155,29.680761081362405
9156,20.722265732890577
9157,27.706629200898703
9158,27.496042253037956
9159,40.8496290821961
9160,44.774665095265
9161,33.834648195007986
9162,42.138485969504906
9163,43.46228189807285
9164,45.543935178829805
9165,37.60555398280412
9166,45.983931839691294
9167,29.837468209814894
9168,32.439989996042215
9169,34.254319835740645
9170,30.03180889016786
9171,56.63865859992314
9172,44.30510552523006
9173,57.79905057517013
9195,24.177771696228536
9196,21.273187088128577
9197,29.19462551000631
9198,28.984515886601294
9282,47.82665618374373
9283,38.65452776014424
9284,47.0764336266043
9285,52.4369253323111
9286,49.70218997336926
9287,53.91290285025743
9288,53.21059268409281
9313,22.04353044787652
9314,28.524707338503752
9315,28.979558486080748
9316,26.851612702865275
9359,33.2116861906701
9360,44.413328827982546
9361,53.404432653406715
9362,34.96052004972766
9363,27.029977888337807
9364,32.41892785772768
9365,45.76755710464903
9366,69.3530414172354
9367,69.34000652689483
9368,32.47842147251881
9369,34.13231607889699
9370,45.36697133873958
9371,28.111047743565123
9372,60.56320950445685
9373,42.08606145397425
9374,52.185380212862064
9375,40.8393459158167
9376,28.79169531676918
9377,46.603170611751885
9378,68.71283075728574
9379,41.017898934777094
9380,32.80645664977016
9381,35.77669426365216
9382,35.47874815375291
9383,38.3801385836148
9384,33.91810837474573
9385,34.4092783424038
9386,34.38210195791754
9387,31.44279395862236
9388,38.27605652428872
9389,35.219634967726314
9390,49.57946829956106
9391,44.43500735635
9392,34.19044270475178
9393,22.778690444034318
9394,26.543095916021365
9395,27.4106222187661
9396,34.06157980823453
9397,29.66306161095728
9398,37.090792842076
9399,47.206283232108426
9400,45.02253905304547
9401,44.343721326430085
9402,41.45143600279456
9403,32.73327002482963
9502,32.92626785039053
9503,23.354458273857297
9504,27.879190942542486
9505,29.335354293537492
9506,30.78905788846709
9507,37.417122927111
9508,36.77878633826915
9509,17.379356247432156
9510,32.610372650382764
9511,29.364037809907416
9512,25.4483341327281
9513,23.865398150562363
9514,24.290811490733
9515,24.957371784431963
9516,20.63193554236613
9517,32.82407614003884
9518,34.608889679630124
9519,27.82744369279306
9520,30.491285363518763
9521,26.37258265806622
9522,35.65432668850152
9543,45.080263398578126
9544,45.825888993917516
9545,41.97755244041576
9546,35.73714093689219
9547,45.833269775259176
9548,32.95469277957792
9549,38.59228113759328
9550,45.692473351066745
9551,47.61366036475112
9552,54.67494472055334
9553,43.48188761048729
9554,38.13528722341799
9724,32.8728011378087
9725,26.874060392080075
9726,36.42180842301433
9727,29.555190445050272
9728,26.081079922103832
9729,26.100195437698275
9730,32.964868654094
9731,28.531262936159937
9732,35.44484811691883
9733,37.00850327547287
9734,38.97896817301944
9735,41.63962419663808
9778,31.25202283288821
9779,29.799599631960845
9780,35.719749587056675
9781,37.43952577676324
9826,32.93268525517205
9827,34.00254878563383
9828,30.446700677280923
9829,34.859631895919314
9830,34.609453005324156
9831,35.9784693315344
9832,36.585215049538746
9833,42.2633567111418
9834,39.56516917423539
9835,39.71356764595202
9836,45.898125491489296
9837,45.01098643396672
9850,24.22987261183694
9851,34.58815030970534
9852,40.70835072201481
9853,41.25330533805544
9854,44.16373734473757
9855,41.43829874291549
9856,44.678176538345326
9857,46.12432664397369
9858,48.16096590326576
9859,26.31199273956683
9860,30.99127034144297
9861,33.39343994117218
9862,33.672238820065516
9863,32.835457053150364
9945,28.997533707505838
9946,64.780561359317
9947,34.137480615858756
9948,45.40853702063973
9949,36.842969060426945
9950,49.609898108327016
9951,81.07161926391669
9952,47.49843117949963
9953,49.48765848900103
9954,46.19791766064229
9955,50.015671728958594
10058,18.672016212521036
10059,32.9126449928189
10060,31.31392038108399
10061,30.221693459846612
10062,33.70761047761972
10063,31.020969205218314
10064,31.253536623841526
10065,35.635743572509845
10066,50.611987794211124
10067,40.56228789916149
10068,41.593288276738626
10069,50.320062585645324
10070,36.88077817761717
10071,33.29407420099908
10072,40.50259411478469
10073,49.93264741735475
10074,45.07584970525071
10145,27.53639636317535
10146,19.378266793299197
10147,33.77682775524567
10148,32.67552621379714
10149,40.07792596488064
10186,41.11084121801776
10187,32.23157740978815
10188,48.312148874270235
10189,45.95696306034573
10190,36.59689866771294
10191,37.50404128460549
10192,58.879404141479654
10193,60.92359265511405
10194,40.46910483897629
10206,32.872202134626086
10207,30.045967784474826
10208,32.0695233341663
10209,34.08301764799124
10210,32.31497910599574
10211,37.54301539157776
10212,31.90694072378315
10213,37.981623620769724
10214,57.08187357918475
10215,46.212127155797916
10239,33.99510892866656
10240,35.142505844547166
10241,32.57842262445555
10242,32.49858117195955
10271,27.4999214267578
10272,22.834625674715817
10273,29.715483718276786
10274,33.636587159094546
10275,28.25116064142734
10276,37.71728012380888
10277,38.852688142410926
10278,26.54545731928966
10279,47.406956949587034
10280,45.71840819614404
10281,45.11543206412238
10282,50.42281607589526
10283,17.834801828542716
10284,23.223751797932607
10285,30.717924069554968
10286,27.586580291986664
10310,43.51994369755715
10311,37.77406956337185
10312,35.419488567068264
10313,25.567502981521095
10314,35.69776779729468
10315,53.80233978712719
10316,41.844305378208325
10317,35.86730384819113
10318,49.09870323153488
10319,55.02257780016695
10320,46.93638170905708
10321,45.24637117795949
10322,25.889750137884814
10323,35.55977201571055
10324,44.62780153449121
10325,36.35150797046915
10326,37.93232697281407
10327,33.491417399424165
10328,31.27937855962783
10329,36.6612687394586
10330,32.89889703095458
10331,41.642535051859845
10332,30.340741217806176
10333,32.486299406705214
10334,54.58005957034487
10335,33.50587558946831
10413,27.353107925438284
10414,40.90119093743254
10415,35.282257462907886
10416,40.475430539793415
10477,31.160991445213043
10478,32.33597335841527
10479,30.263021697387856
10480,35.10765608943069
10481,54.70066550964946
10545,22.821403711372085
10546,20.66090831151776
10547,29.617518715877672
10548,30.10124154867674
10549,32.150319755862526
10550,41.392514834853756
10551,35.1573107452053
10552,59.66671865463527
10553,41.52280733691886
10554,32.36912639517798
10555,40.921139847674574
10556,48.849884749598964
10634,41.16708355295626
10635,29.810393563061673
10636,39.19659610022967
10637,53.222012834117486
10638,40.93628589167937
10639,36.32856081353553
10640,55.068587762927045
10641,53.04734796802858
10677,25.58418450704105
10678,24.092276432869973
10679,21.351182671144223
10680,25.191851405316783
10681,26.625635070372915
10682,33.95348533685493
10683,18.783416006146233
10684,35.906631735349265
10685,32.01603645319237
10686,38.90016379639935
10687,30.465008490349106
10688,43.975181626619694
10689,33.39146257489304
10690,36.75639493566043
10691,56.027129194953446
10692,39.869036238037154
10699,26.714846069850246
10700,29.92726908174668
10701,38.68535400499923
10702,34.2935975348412
10703,36.025843426439025
10704,37.30106335645977
10705,41.032944766090175
10706,47.4632524546567
10707,46.82141017215805
10708,40.85889084132984
10709,47.59275603624373
10710,43.70529398473682
10772,31.51863658041532
10773,34.13674921624665
10774,36.033802462871535
10775,41.866315717525715
10776,41.699831665254955
10777,42.01805390246302
10778,37.52434137135712
10779,46.880662508070586
10780,63.48719599305757
10781,74.08554011798711
10782,44.94883479451512
10783,52.058864800849626
10793,15.717869413966252
10794,20.173055542603205
10795,28.09449396448093
10796,32.14999894018415
10797,26.413217535524733
10824,47.92839415537524
10825,38.76988084247887
10826,31.718903234782424
10827,31.741556709182042
10828,36.65085885379587
10829,55.68915587181742
10830,69.10018082884709
10883,17.79880284807747
10884,24.173163201140866
10885,23.21533781478898
10886,28.363069711729565
10934,30.93394793205575
10935,29.442039857884673
10936,25.390058333904122
10937,20.96156158743674
10938,30.35156427057195
10939,32.117447996165325
10940,33.38785195153773
10941,32.36910915438772
10942,39.16173651043361
10943,35.86878654674846
10944,21.996009908979268
10945,40.51178087448697
11128,31.766903850877192
11129,20.006136466805152
11130,38.317664192774515
11131,39.162454669528245
11132,46.76792556454045
11133,36.80392347307824
11134,38.90619855847977
11135,60.82403151547794
11136,44.2764810505138
11137,62.594619931047134
11138,40.699307743880034
11139,42.436133929642445
11189,26.333902658911086
11190,36.74250106647671
11191,30.447772698003675
11192,39.83843890002533
11193,38.62887692970859
11194,37.35804257817575
11195,41.08065461577939
11196,39.46225645764929
11197,40.042294016007176
11198,44.97201032305584
11199,41.632364276408616
11200,53.62473084529563
11236,18.34495955960224
11237,18.53453108913096
11238,27.282916814197787
11239,29.498479105716775
11240,29.767282175487708
11261,19.612089842428215
11262,18.867897531204004
11263,24.97697826621913
11264,26.64843273450484
11361,46.80062367813796
11362,50.64111788848605
11363,57.789252814605824
11364,38.06474607791163
11412,16.09747598165181
11413,25.431590937458417
11414,25.779625547471568
11415,25.407529391859462
11416,32.79488512591798
11417,32.54229385186431
11418,24.35102024082986
11419,26.578555044913152
11420,39.24596170180198
11421,38.57533114824079
11422,46.41464640580774
11423,47.225847291624575
11424,16.542750623844437
11425,20.491439061983815
11426,23.02745096619434
11427,29.82907746951308
11428,23.367633668939238
11429,40.10252491073489
11430,46.83389114877366
11431,42.00319713397319
11432,39.97840656010642
11466,20.257409301999687
11467,20.28499429932132
11468,29.060965021709755
11469,28.475235790969975
11470,32.06454473839677
11471,25.641650804439486
11472,31.371813308008427
11473,34.12475278250571
11474,32.50233434551725
11475,36.88718618182513
11476,38.14621696215621
11494,33.20196733370101
11495,34.232923248599796
11496,36.99618371358883
11497,32.227543862205756
11539,32.023568330261284
11540,24.34694996054887
11541,40.95888606755623
11542,27.40540151562427
11543,31.618429512288657
11641,16.391060612818933
11642,18.472221369452463
11643,17.593627523342796
11644,22.02122865465813
11645,24.422839023983165
11646,25.997502090119127
11647,25.94585554719854
11648,26.293890157211692
11649,29.28122975727652
11650,32.564957424433906
11651,42.83283622099343
11652,39.394168925074275
11757,38.277201891857416
11758,17.23847005996346
11759,39.772633417751166
11760,28.974195385095108
11761,34.55272569949143
11762,55.91706827334212
11763,44.464928391033915
11814,36.38278292197848
11815,30.370472396079727
11816,31.25790089916682
11817,37.78530346092216
11818,42.84485800463973
11819,41.83975647721791
11820,20.108294877840056
11821,35.03660870973757
11822,38.888357109616486
11823,40.406863821057314
11833,14.73390271868412
11834,15.16116886893947
11835,16.6290153975116
11836,18.203678463647556
11837,21.004969985906335
11838,20.63287383029423
11839,27.2208672584853
11840,27.96858302143218
11841,30.156560315629555
11842,33.09225337277378
11843,40.18674449146244
11844,42.00144930004187
11995,14.650242497754014
11996,15.690822876070769
11997,17.55835055757663
11998,18.19924978295966
12009,37.22432645240648
12010,29.278826484929787
12011,52.754122011697284
12012,47.468566955653024
12013,68.25374451569637
12014,54.25299442381519
12015,37.384201861972045
12016,39.09615985345296
12017,53.897747836898034
12018,43.14840207187655
12019,66.62582479461669
12020,59.48332348712471
12032,40.727512692320445
12033,43.23593959920934
12034,43.20213901370992
12035,38.036808032817184
12036,46.51385062130181
12047,29.337600349702562
12048,32.67297455978054
12049,25.660156466277545
12050,38.6874329403306
12051,41.707420948522085
12106,49.299397158549674
12107,50.44679407443028
12108,42.91118323395446
12109,44.09577261549635
12110,80.22524745664762
12111,47.969464089681374
12112,51.8300650951281
12113,61.45407088077319
12114,84.65394134991324
12115,61.633695583634534
12116,28.291014234644294
12117,37.11863149995332
12118,44.51844209929164
12119,31.533655336408692
12120,44.13647676884366
12121,47.415915431057805
12122,33.90118328188498
12123,34.29954889091775
12124,36.03897513746441
12125,55.33454770081486
12126,55.40048467838763
12127,39.48036418568102
12132,48.723737114596446
12133,34.135612514472506
12134,40.828636415628345
12135,45.012403261392826
12186,30.383927823095092
12187,18.874709027246567
12188,36.55940747424758
12189,29.0823334179192
12190,35.602006250984445
12191,42.33535410338256
12192,35.83443336021695
12193,38.42630147369064
12194,44.32354641876172
12195,38.901781309408406
12196,43.264108563613775
12197,45.07017366201913
12210,35.508107040785454
12211,25.963882461573846
12212,16.100838442757855
12213,28.660510004287545
12233,20.95372269948301
12234,23.141699993680383
12235,25.222860750313913
12236,31.704037640941138
12237,32.96552709807284
12238,39.84343017867689
12239,33.76498596866606
12240,36.06338712099834
12241,37.314964150750576
12242,37.608157165175164
12243,39.262188340997
12244,42.24187554027224
12245,55.06977198929516
12246,57.09891903051475
12247,52.258273643843935
12248,54.14992210866196
12249,59.227892497716994
12250,64.1648041786628
12251,66.96230391459926
12252,61.287710141635074
12253,62.540698040711575
12254,64.05645844182219
12255,66.33459718007653
12256,68.10074738992539
12269,37.126776973366326
12270,52.395325517172246
12271,47.27731609144648
12272,47.1671314276276
12273,50.29058482861498
12274,44.24858686548074
12275,50.68709872077322
12276,47.41312547625705
12277,58.68122129078386
12278,69.59976000613908
12279,57.99475729337203
12280,78.03491704392535
12307,21.2183439888884
12308,21.166697445967813
12309,22.848177049667612
12310,28.83538657353116
12311,28.64458872071677
12312,34.30832153387217
12313,32.555306484480354
12314,58.695854376302705
12315,44.2140042052669
12316,41.43275708987319
12317,36.548631498133794
12318,50.86059431527655
12363,25.335590771938588
12364,23.04432039190004
12365,31.899522654530713
12366,14.673082657122581
12367,30.956092252542383
12391,38.09915157751605
12392,41.353217259892986
12393,35.74000268754295
12394,36.260096312186576
12395,40.48917793539028
12396,39.23149224135279
12397,49.039669442496866
12425,32.86023742077726
12426,48.5947031094404
12427,39.88808160714964
12428,45.46514299221814
12429,57.29687742133517
12430,48.34839465417934
12431,56.492660943954924
12432,47.767758291757886
12441,24.50920020503056
12442,34.16376477352867
12443,31.687063006097908
12444,23.874521033732726
12445,35.78839684819916
12446,26.23906431062482
12447,34.30468451924637
12448,37.18239413414175
12449,36.9668384890093
12450,48.04077723844733
12451,43.840934857318544
12452,77.89114782576272
12514,18.276610059627785
12515,21.718800807269602
12516,20.73339042359609
12517,25.160991554911412
12518,23.348633868048815
12519,48.13954296945339
12520,40.11481146173448
12521,38.07240765816857
12522,52.17816534315754
12523,58.133777417490975
12524,66.02024759849922
12525,44.2482251207063
12526,66.43070394964475
12527,44.54876166656371
12528,45.67278134814018
12667,32.974376489861676
12668,32.2943405160114
12669,36.58426103258447
12670,33.799359605027306
12671,45.544019004906836
12672,54.62062496367837
12673,41.22201950515064
12674,66.0346690375823
12675,60.14220072875696
12676,54.800994385374125
12677,49.641063558196336
12678,49.26449944672
12711,37.46039757034196
12712,25.596133799114007
12713,32.123648239148025
12714,40.199169264068296
12715,37.999110513974735
12716,39.19116101443765
12717,32.57910604064761
12718,38.55378524077728
12719,31.8960835234506
12720,35.957553815434586
12721,33.10311761616473
12722,57.7124309759444
12723,51.36273244857056
12724,40.488879027210196
12725,50.153570621542016
12726,44.489057256409424
12727,40.684846307055835
12733,23.264180621897452
12734,24.518394075341874
12735,30.999570965969113
12736,29.40084635423419
12737,36.81578708561435
12738,34.710564783381855
12739,30.521481024100595
12740,45.762531496399
12741,40.761317011738655
12754,34.37701304388587
12755,32.99192150727862
12756,26.4839503329189
12757,21.756549162139464
12777,14.831648393231788
12778,20.889082585326328
12779,22.99782833928149
12780,22.012417955607972
12781,31.666982524106082
12782,25.66824177837747
12783,32.44228328437458
12784,28.311070220151805
12785,36.3094923628676
12786,35.1974907348942
12800,35.82964353764767
12801,29.32922885018153
12802,34.30930655453284
12803,38.68863189182727
12804,39.4181298566134
12805,40.72884454776804
12806,40.70408151014462
12807,59.58167866283077
12808,44.72134625550404
12809,61.65813608496153
12826,27.130036465756767
12827,18.89167188291018
12828,20.359518411482313
12829,30.73421374560568
12853,16.883702016040242
12854,23.819730054244456
12855,32.06161808881371
12856,34.490813455460376
12857,34.83884806547352
12858,41.91844448883425
12859,45.237420162897855
12860,39.90483922978597
12861,40.44436723637018
12862,44.25507827449174
12863,42.450220128568006
12864,38.91975818678071
12865,58.75098944475988
12866,57.85653889961287
12867,48.39043364527912
12868,56.25447588122585
12875,25.480862189932246
12876,27.58960794388741
12877,23.61861662727145
12878,34.456480158807466
12879,49.9619593452516
12880,37.29468202163845
12881,43.24710444266259
12882,42.75866637599567
12883,39.91254349802067
12884,76.40489086533347
12916,20.291616228177872
12917,31.642006716428853
12918,30.62374368453451
12919,35.53210472865522
12920,41.39586460109484
12933,20.95648255289806
12934,19.357757941163136
12935,20.93242100729909
12936,29.522343651881485
12937,36.40320169544244
12938,31.104362237794426
12939,32.611391930782695
12940,34.67170911459693
12941,37.29334747319689
12942,36.81448613875046
12943,33.95036010204377
13020,30.512515834101983
13021,29.455413670366056
13022,31.0070584902314
13023,37.99375520181469
13024,47.225478230252826
13025,69.71696874822419
13026,39.11379999929385
13027,39.83928675467386
13028,57.07254408735266
13029,60.30682528079244
13030,54.26292247101468
13031,50.28081312191007
13032,65.21801915197035
13033,51.58099325399853
13034,43.035183320052425
13039,18.523837047596125
13040,26.844956622407587
13041,34.33912889402995
13042,35.0076131167346
13043,31.754993898621514
13044,32.20984504619849
13065,19.8027098470753
13066,29.61926094778051
13067,32.44813746736091
13068,27.56920864019127
13069,33.94356899325466
13070,33.6782893752064
13071,34.46235599595263
13072,36.57917807464281
13073,29.321238921374636
13074,45.61172010644797
13075,41.86252308712935
13076,50.63929790103048
13077,21.559451107239017
13078,22.04188725213761
13079,25.377261462215596
13080,38.5256633212761
13081,31.00988111323825
13134,16.05265053480078
13135,21.441600504190657
13136,30.16240123193586
13137,25.736569193919802
13162,26.04873768350255
13163,26.18313921838802
13164,23.464602688094118
13165,27.99902035697329
13166,35.49319262859566
13167,54.463132040801064
13168,35.71785522198887
13169,48.492278308418314
13170,39.561923280334206
13171,46.586524260252176
13172,63.17835737052022
13173,49.92457605439171
13195,41.9465556524103
13196,30.219039404605596
13197,32.379603742645344
13198,30.493275749322272
13199,32.88702450234403
13200,37.23599399297629
13201,37.2909132221405
13202,39.68236915019247
13203,38.35147487349933
13204,46.27609716495208
13205,41.992364849569746
13206,55.92510700508217
13219,29.713679837475617
13220,22.19544602025428
13221,30.702613672871784
13222,29.523351935908977
13223,33.22645778672081
13224,34.25270261698962
13225,47.65849138350944
13226,42.000143754116735
13227,46.568560562397145
13252,31.537976707861517
13253,18.393098300523675
13254,18.23463522003926
13255,30.342456700783003
13256,34.319238165980146
13257,29.04309425237325
13258,48.33986338039167
13259,52.491602316870136
13260,54.56672099682083
13261,39.324039287165085
13262,64.9885094121099
13263,46.38935397166906
13294,40.05814333518493
13295,34.81199437384592
13296,48.79336664128666
13297,46.048802281544354
13298,42.61517273472574
13299,53.08732935448344
13300,38.82745097627828
13301,45.084492511387644
13302,44.29502129907076
13303,52.439924581094324
13304,48.33393917555805
13305,67.90522698151574
13332,46.1901772246735
13333,33.69646348793216
13334,44.22067812191207
13335,58.47157609212669
13336,38.577129723823674
13337,40.45976554843024
13338,59.35806781266485
13339,58.12165910468367
13340,46.34825128194725
13341,47.68353099990092
13342,73.43963260705912
13343,45.79625706331228
13344,14.754834577063079
13345,16.222681105635196
13346,17.79734417177115
13347,23.665206834336992
13348,27.720711810040207
13349,29.90868910423758
13507,17.671406082897285
13508,23.56685374278473
13509,14.010863312754061
13510,30.934228789128156
13564,50.21702574123423
13565,38.69845694295292
13566,34.353110448263095
13567,58.591675870496566
13568,35.29319712975755
13569,50.84867097369119
13570,37.58544518168927
13571,49.05514296977021
13572,73.61646706095442
13573,42.6160167623618
13574,60.946319297733694
13575,52.89675800481491
13674,23.19794374471175
13675,19.866092986356442
13676,26.667719489675186
13677,27.01575409968833
13720,19.189901352144048
13721,15.964867131352584
13722,25.006117471789295
13723,19.72750749168592
13724,16.761514988784995
13725,26.20244648215543
13726,28.896921466850365
13727,36.27132883697192
13728,47.464042594713696
13729,34.3283572828574
13730,35.582570736301825
13731,44.05917100222877
13732,52.03805063722729
13750,23.22405617100658
13751,33.151924656655204
13752,26.63242795757209
13753,27.31192117859802
13754,43.6822419915238
13755,31.990997958676736
13756,34.062736255981974
13757,32.777811307140546
13758,60.79426275890948
13759,53.23113806695473
13760,37.9217462825736
13761,41.03859031802253
13867,27.087586087714747
13868,18.3341252880699
13869,28.207547520128763
13870,33.76022945419705
13871,34.79703211317701
13872,37.632893828772886
13873,41.141863426498695
13874,33.985542824558685
13875,56.99097816883603
13876,43.6878869112143
13877,73.99030670364046
13878,47.65662598826139
13896,38.880608796555585
13897,32.176213685527685
13898,41.77257142805318
13899,37.168305466592685
13918,24.603724411011257
13919,32.71121091069503
13920,53.93927458790256
13921,37.459417554584604
13922,45.17057710803051
13923,41.61966837989813
13924,40.37739105402425
13925,34.84061465946963
13926,39.65204895605127
13927,41.237960362429064
13928,47.3229153538459
13929,53.19865682411503
13946,20.787936466351155
13947,30.948998725346833
13948,26.176886435741018
13949,31.11098525755392
13950,31.245386792439376
13951,32.231971386483934
13952,34.12711576502227
14097,22.410995129549576
14098,20.333357824638703
14099,34.6808031425004
14100,35.64215198057496
14219,30.44124331466083
14220,29.77628254367884
14221,37.556801681065515
14222,31.910216286645102
14325,37.18699388878986
14326,51.66303140164283
14327,39.448370546954216
14328,40.36615489670352
14329,44.79963170355205
14330,40.53187475362237
14331,69.29470407976969
14332,47.83904419366013
14333,39.382492676801256
14384,19.50472630817682
14385,22.919332058497012
14386,26.602740878588122
14387,27.484858176420467
14388,34.97903044804284
14389,30.53735084458964
14390,33.3124466549934
14391,40.68709613214401
14392,34.91213592833445
14393,34.828809030455716
14394,45.633842212569405
14395,32.2381671693476
14396,21.930546863309583
14397,45.66372381263013
14398,52.09294093677066
14399,55.952492662181285
14400,16.97694219726924
14401,19.80581871684965
14402,23.327241004733672
14403,24.715855993063578
14404,28.530142896317507
14405,31.545067493703947
14406,26.80054020141978
14407,28.914744943130707
14408,45.028449337835916
14409,35.653636857641075
14410,36.658308205760655
14468,24.50449398391747
14469,36.50549892709737
14470,34.81051745957322
14471,37.77388035267693
14472,36.24662885920367
14473,34.08705071685357
14474,35.11398686401199
14475,46.21054176143694
14476,42.03560651359554
14477,45.56324008273527
14478,42.93724545186188
14479,41.23179343829908
14498,17.308351559033703
14499,18.162883859544415
14500,19.12423269761897
14501,21.33979498913797
14502,24.861217277021993
14503,23.58294227797859
14504,26.570281878043417
14505,28.75825917224079
14506,35.31866760311024
14507,26.360172254638414
14508,37.56181489195086
14509,32.68288606478121
14510,21.120262311380266
14511,21.867978074327148
14512,28.163106887148324
14513,24.72443959122917
14514,21.39258883287387
14515,33.68645839142367
14516,20.16956235646707
14517,35.5297735005739
14518,27.667400179857232
14519,30.097441639604753
14520,34.114797863962835
14521,33.03999412556605
14535,17.638946337039684
14536,19.027561325369604
14537,23.882428606940287
14538,31.511002413448125
14539,34.284561544889534
14540,29.961320570549866
14541,31.249024590772123
14542,42.25927466450314
14543,41.36503042635958
14544,31.921768923948655
14545,34.9385770838961
14546,38.65352980094406
14547,14.978157093153236
14548,42.4188342754322
14549,27.071816695883463
14550,37.749738710976516
14551,35.87306813090308
14552,37.33134915848822
14553,54.33173994810537
14554,49.076105262763704
14555,44.73354890835105
14556,55.9731770778976
14557,47.29646983521671
14558,56.891690523441724
14563,58.24595115734235
14564,47.65957763701537
14565,45.77187362906231
14566,48.93398302604153
14567,55.36798655902512
14568,59.37530166056988
14591,16.215830569173278
14592,26.990207056230375
14593,37.50136632967889
14594,56.26269397851593
14602,41.29739131829387
14603,50.723765874855
14604,38.80618470049438
14605,40.643617034408756
14639,21.066470119488237
14640,21.41450472950138
14641,19.016417811898997
14642,27.647596325121164
14663,16.957371929058347
14664,26.39830342242879
14665,32.87948031305602
14666,22.88040458626744
14667,18.237348553429406
14668,28.529312991625204
14669,50.145400208440954
14670,36.563447562655476
14671,46.91222449712516
14672,41.08537890750636
14673,40.14257945874224
14674,46.64625615752575
14675,52.924713918500984
14676,38.33957397991264
14677,39.387777096710195
14678,61.40586036785875
14679,37.912157240920834
14680,37.5158842481788
14681,43.26202596239672
14682,41.011514755482544
14694,45.74810964277128
14695,34.057842966547526
14696,34.04286172858043
14697,51.50379802980378
14794,17.555032691705275
14795,16.235408692247898
14796,35.55896776795143
14797,31.889557760881665
14831,14.58127913012143
14832,15.115361817940624
14833,19.036465258758383
14834,20.025399094154565
14835,23.81562445180952
14836,28.350042120688684
14837,32.77764325200402
14838,41.71207705487687
14839,35.99391863217627
14861,43.272152192241364
14862,36.15359952795378
14863,29.78382873271663
14864,29.565766472882665
14865,36.604727142448
14866,34.80728985558773
14867,31.02242317437011
14868,44.82875300684151
14869,55.33344311937091
14870,38.27280791325657
14871,43.592769487968354
14872,45.70835558220857
14873,35.65220390851446
14874,37.02314323799346
14875,41.883589264310594
14876,50.168608393280984
14877,21.345587669708905
14878,22.093303432655773
14879,26.014406873473547
14880,26.441673023728896
14881,25.056581487121647
14882,34.418281440249864
14977,15.461218392686852
14978,19.489138371068435
14979,19.33067529058402
14980,20.398840666222405
14981,28.826776778597697
14982,24.454345641925634
14983,23.575751795815968
14984,29.33679792081795
14985,34.59134635532235
14986,35.55269519339691
14987,38.13021494180992
14988,30.55810074339272
15001,34.44707141656896
15002,33.71716039908534
15003,43.34365575802277
15004,41.65052645358816
15005,41.95618057967864
15006,61.6636400534547
15007,41.88771807452394
15008,67.90260564854138
15009,37.294473440779065
15010,49.920410047607035
15011,35.095691805496074
15012,23.446244924051975
15013,33.35656944241106
15014,31.700305973430623
15015,39.964925690561564
15016,53.811529157544626
15017,65.38744115758163
15018,46.55305521771773
15019,57.26628331390927
15020,64.33055461782016
15021,47.13158963345076
15022,56.357822510455335
15039,24.631137698568182
15040,34.87568039522057
15041,33.5300079753894
15042,27.504435184158282
15043,33.92647922437213
15044,42.35688444536927
15045,42.346216047903745
15120,44.36294227085751
15121,42.102093409069504
15122,50.8869651617578
15123,38.43907182564812
15136,30.306874596833318
15137,43.93418914906977
15138,27.948027559295614
15139,19.3221936644959
15140,31.706817206786823
15141,34.39295075539708
15186,19.624613662342014
15187,20.77201057822262
15188,18.66678827599013
15189,30.5609766816062
15190,30.82977975137713
15191,28.11124322108322
15192,27.116053785914033
15193,26.903878902375936
15194,34.22270303065414
15216,28.574639896986024
15217,34.008313104301735
15218,39.01511232697115
15219,42.50915489859757
15220,21.6676652352008
15221,32.13761512751168
15222,48.37961019935533
15223,30.292373046178
15224,32.13630854800568
15225,38.94098547970489
15226,38.46618156793471
15227,34.037373682144974
15228,39.06843673388501
15229,33.78229762304572
15230,48.599013348343874
15231,39.7818436227556
15232,21.49148337215491
15233,26.078683649237178
15234,35.25476502630213
15235,32.2214108084732
15236,42.39240434608389
15237,17.01816262520242
15238,44.245787260853156
15239,44.09659511724896
15240,46.24708513501499
15241,50.12341093153662
15242,45.660051157863286
15243,55.54431056518934
15260,29.663596495213206
15261,25.493453288137154
15262,35.818149592381005
15263,27.26452157421126
15264,38.237053835644915
15265,58.31243247036849
15266,43.793696153741614
15267,58.935346851134675
15268,36.51313537567459
15269,38.0225559647439
15270,48.20974243242458
15271,40.0848677330502
15281,18.4404987201859
15282,28.494744441617748
15283,26.069072526693724
15284,25.612529497040995
15285,25.877853899589233
15286,27.770094194943134
15287,32.42863542406301
15288,42.38645979666038
15289,25.783186953303293
15290,33.014666350023084
15291,36.886557430580474
15292,35.77356253707618
15574,32.859637051154905
15575,39.02036432909062
15576,27.102114377875587
15577,26.297268714147002
15578,39.12545021114005
15579,30.79013290052663
15580,35.45736113040095
15581,41.99584548861057
15582,50.28436986130303
15583,38.11635984449027
15584,42.568404236090245
15585,41.00142744813148
15606,20.1813787920638
15607,24.29808852334593
15608,27.359114030522132
15609,34.22602620422053
15654,19.358126872107945
15655,21.28082454825706
15656,26.135691829827742
15657,23.417155299533846
15711,37.3067307363437
15712,41.1444095257174
15713,36.55534108500068
15714,34.575557007327866
15715,53.316926595473696
15716,38.179796878112484
15717,37.31467813926022
15718,38.88955595626757
15719,38.57385242107699
15720,43.45591351547623
15721,23.615047537932426
15722,33.269612106430536
15723,30.84394019150652
15724,40.284871684876954
15725,46.2476028754618
15726,59.00536627193085
15727,60.580029338066815
15728,61.83424279151127
15729,49.96815701665457
15730,53.36862747004553
15731,57.797172448027055
15732,53.76200703834358
15733,54.24260845897518
15734,93.27807228105334
15735,94.96457658930318
15736,65.10556120716002
15737,63.02292331932213
15762,29.028103107038355
15763,39.09258475593673
15764,43.83572244015928
15765,35.057155176517135
15766,41.75655466737964
15767,61.921012868673685
15768,40.17021000589459
15769,45.388326310142034
15791,33.91291428929682
15792,39.13059557654202
15793,37.91397915570218
15794,36.98501879641289
15795,50.55170991748462
15796,40.5571117900289
15797,62.26569669655065
15798,48.20478296513281
15799,50.49389027037239
15800,52.272963462100805
15801,56.346279160470445
15802,67.63813570151467
15815,28.160088322758916
15816,27.38831101421308
15817,22.323334109237393
15818,25.957959210438567
15819,34.07757487910818
15820,37.13363667176205
15821,34.46820487597832
15822,34.37226474893771
15823,49.43667482170168
15824,36.20645866272237
15825,43.20697572363313
15826,40.75132180307698
15882,19.51154401785872
15883,22.233603999875296
15884,28.52873281269647
15885,31.864107022774462
15943,35.75442317480252
15944,34.53218737926616
15945,42.580310980082736
15946,37.54348205484263
15947,47.913235539903184
15948,14.619008200937124
15949,15.259907426320162
15950,17.554701258081366
15951,20.862490470837713
15952,23.663781993096492
15953,24.545899290928823
15954,26.919924662932253
15955,28.89426888200194
15956,28.122491573456102
15957,29.59033810202822
15958,34.714008453369836
15959,36.18185498194196
15960,38.272154444262945
15961,33.037861821037474
15962,26.44515035789521
15963,38.06091809156148
15964,45.39095485492795
15965,36.28773990244175
15966,37.24398093603559
15967,39.7622707583038
15968,39.983934910693776
15969,59.421274154104914
15970,46.13073505891425
15971,16.385282629998287
15972,17.95994569613425
15973,19.107342612014854
15974,23.269664125281913
15975,27.190767566099666
15976,25.29917833899487
15977,34.01997906674005
15978,35.088144442378436
15979,38.53033519002026
15980,37.11765865609139
15981,30.18262329788258
15982,34.21754998713461
16004,35.31400997266823
16005,24.223919288808666
16006,32.30495791855048
16007,38.72878841848207
16008,37.83206092244201
16009,29.247101099272292
16010,34.35050548832675
16011,49.921413251588284
16012,41.76531343740619
16013,42.88608498762603
16018,18.713410547419603
16019,24.315993591937154
16020,28.984812795701785
16021,32.117914401351385
16061,47.38677818433942
16062,47.41899068751099
16063,48.72298416358923
16064,48.603613638676464
16065,80.9222070907082
16066,80.61073933966482
16067,53.741173050965905
16068,85.848035593351
16069,56.13494601049
16070,56.95331156597598
16071,61.63850374291464
16072,88.06947627382011
16073,19.8610358651299
16074,17.542180487769727
16075,20.6363366253984
16076,19.14442855122732
16133,21.14731300536203
16134,20.695985309507705
16135,19.552111845349764
16136,22.966717595669955
16137,32.64886716148969
16150,36.21630520025609
16151,49.196328957040535
16152,47.17733726425678
16153,36.01914608458331
16154,43.20892178158079
16155,44.38629152314834
16156,46.95852085985446
16157,42.300565599213286
16158,66.37049001193435
16159,49.02504581509356
16222,31.007164717805686
16223,35.21183100633276
16224,31.020443667032296
16225,36.21207613050581
16234,33.185239114331864
16235,35.24909331286706
16236,32.15080145333489
16237,38.02537194747448
16238,58.17863725083189
16239,46.42990643519687
16240,55.64121215449593
16246,28.467129457993554
16247,36.709017492562786
16248,27.251617107157582
16249,34.19384025555473
16250,36.94647975706022
16271,51.5005296068133
16272,36.01292937254851
16273,44.782356756621645
16274,39.8356885939101
16275,43.30866742222486
16276,43.437369674578186
16277,47.23709237420804
16278,70.74153491647198
16279,54.198900818151195
16280,50.16174349117403
16281,54.28802376310942
16282,85.57764759814543
16354,34.63126989038407
16355,36.8573588730192
16356,37.0084689947031
16357,40.57593478841419
16358,43.69590916836311
16359,42.504004308315395
16360,24.57499011819378
16361,25.1366578033346
16362,30.498022775402852
16363,29.326564313923292
16364,24.426358541317946
16365,29.378393453589837
16366,27.713158058273287
16383,21.819506192844052
16384,28.834765771290485
16385,33.87568113066721
16386,25.347221452759463
16387,31.505605845193607
16388,38.13129725669407
16389,36.69026373704432
16390,34.53569852225201
16391,35.68939997693543
16392,42.5702580204964
16393,32.807724327958184
16394,44.66450742571361
16395,63.30009863594982
16396,39.30616764956522
16397,49.03600462354708
16398,65.85214818223757
16399,57.13621669242367
16484,22.330339839887266
16485,22.35792483720889
16486,24.652718668970103
16487,21.320867910614794
16488,24.015342895309736
16489,27.074208665761837
16490,32.416506512033855
16503,15.673318376898347
16504,17.061933365228253
16505,18.343731815994328
16506,19.62553026676039
16521,26.467636266916394
16522,22.52247128049968
16523,28.60396701819318
16524,24.551985494212623
16525,25.806198947657073
16526,28.7935385477219
16527,30.126967483187556
16528,37.085516913405726
16529,34.69807501666344
16530,32.667028179856864
16531,38.45147094526886
16532,40.22670783227052
16538,27.122957494787684
16539,25.12455173011903
16540,27.914617707774504
16541,32.75322164684455
16542,33.61368551872443
16543,43.02741904575731
16584,15.451670781784635
16585,15.878936932039998
16586,17.56041653573979
16587,17.90845114575294
16588,20.096428439950316
16589,25.991876099837768
16590,25.726596481789493
16591,31.808092219482994
16592,36.37009488568379
16630,35.83594149391482
16631,31.67714343237042
16632,37.22455648224473
16633,37.57259109225788
16634,40.37544640658818
16635,34.809200837595725
16636,34.67268599383378
16637,40.93620141034622
16638,59.68675984052359
16639,48.37198285760088
16640,40.81474445500926
16641,47.305780149941825
16676,38.11206858430892
16677,19.983759483862883
16678,51.43846409803418
16679,66.98695344598234
16680,68.91521262542217
16681,45.15649958572437
16682,62.73520671288259
16683,49.6283872329474
16684,43.14891536588847
16685,51.46993021037217
16686,53.788587111380004
16687,65.0072480041192
16712,46.6464527827285
16713,36.267017576668145
16714,42.07882592884046
16715,45.47575807922572
16716,44.92928310411137
16717,47.65010942049172
16718,48.79679599890103
16719,46.522702717784625
16720,64.36687285310846
16721,48.88562079186842
16722,56.244648876490466
16723,68.57924248852349
16743,60.25007938494956
16744,41.17967743910721
16745,43.15582652049902
16746,39.50452925477341
16839,22.59906925008326
16840,22.440606169598837
16841,24.442535385990162
16842,22.52336116156372
16843,27.4574599833766
16844,31.270384693816247
16845,30.294592801685674
16846,31.65031097565688
16847,37.872266165573905
16848,37.92684530557692
16849,51.679649208538976
16850,38.654818205003394
16855,38.737797117597985
16856,32.12574214380795
16857,38.792967112241236
16858,30.613153243192635
16859,55.4185541505419
16860,34.63390387510069
16861,59.8825074396454
16862,46.71812156438266
16863,72.41778229139682
16864,43.15834891482529
16865,66.39016599927935
16880,51.69400785959866
16881,29.65546682626426
16882,34.77242962934252
16883,35.02470004548906
16884,34.17327276567361
16885,33.69055834211056
17000,25.802460552209418
17001,29.670118035775936
17002,18.20337922373143
17003,23.681443503129138
17004,13.150576040707016
17005,37.839575243152304
17006,52.69924364625506
17007,56.85971628703751
17008,35.496402631246454
17009,49.65797305536613
17010,51.907607243798786
17011,43.1196834345158
17072,30.60540785101889
17073,38.095244301323326
17074,74.00094189999312
17075,41.005323960801604
17076,40.38637359298672
17077,41.747403583995
17078,39.64218128176252
17079,37.05481993239924
17162,14.665232449051558
17163,26.18732469905553
17164,22.348976250202647
17165,25.04345123489759
17166,24.48234154600113
17167,40.61214982572827
17168,38.397366158496766
17169,48.426731888491155
17236,22.600339127431262
17237,18.76199067857838
17238,21.77691527596484
17239,31.937977534960524
17240,24.23369563993313
17241,31.328186758621776
17242,36.369102117998516
17243,34.29409137614815
17244,30.729587967285205
17245,29.158448352871915
17246,30.701390799326397
17247,32.43912405145967
17248,24.7937891448153
17249,35.294181152230095
17250,36.032345454115635
17251,34.390655264596596
17252,40.06259044906734
17253,48.46092177479565
17258,36.18058547956731
17259,37.23152920872586
17260,41.867953461490224
17261,44.54774033501983
17262,50.008469694981066
17300,28.375056594800085
17301,21.97663469613773
17302,38.29842423306912
17303,26.27335774429026
17304,26.702322243871613
17305,32.954214772919606
17306,32.52026731325617
17307,41.84889454120725
17308,38.514983599203575
17309,43.85557467464192
17310,46.60955252986633
17311,39.732123682502696
17324,26.193789224414893
17325,28.418659319399794
17326,27.681469325066857
17327,34.58989169669202
17328,35.330152618320696
17329,35.833176671540855
17330,39.27351395476829
17331,40.92914118183015
17332,47.16844615390563
17333,42.75677264002415
17334,45.54777895793501
17355,18.64979540800544
17356,22.4400207656604
17357,29.934193037282775
17358,26.49552574136363
17359,32.36338840392944
17360,17.337077858148497
17361,37.005097200741154
17362,34.88740879933715
17363,31.075269428912925
17364,35.786977146336355
17365,35.57885899905909
17366,34.40847716654645
17371,16.679648031028787
17372,28.229325278354377
17373,27.805582579821685
17374,33.80784677727298
17541,23.68038073540724
17542,20.241713439488095
17543,37.469681819850784
17544,37.34697833646472
17545,32.85810652931245
17546,32.90215149174876
17547,46.50663460528697
17548,24.11750508795347
17549,30.117845405516995
17550,41.793259412139705
17551,36.963863735363205
17552,33.57093539814098
17557,19.025859791965203
17558,21.473195738765256
17559,22.658809450623743
17560,27.321725046882783
17561,30.855088914536253
17562,33.048379441962574
17563,49.00747445520692
17564,44.22334525829685
17565,36.56836427451541
17566,34.939543155167954
17567,36.87150693275465
17568,34.60547582500528
17653,15.753839372288596
17654,19.275261660172617
17655,23.809679329051782
17656,26.29052123861905
17657,26.559324308389982
17658,30.907693899463098
17659,29.286526968786717
17660,27.333432794811173
17661,33.05826992167329
17662,33.65139235260863
17663,39.983538054096016
17664,55.230182842420426
17681,32.281154563772134
17682,36.99514557354837
17683,31.873652176856424
17684,33.82871027886381
17685,34.485941628598894
17722,19.24016670592578
17723,30.86907549349359
17724,28.977486266388773
17725,26.87226396415629
17726,39.57548772972306
17727,39.38546452612118
17728,40.55364048001937
17729,42.46141801967145
17730,36.381886762395446
17731,42.143989473947464
17732,26.393235864568354
17733,34.12176588863539
17765,12.684970775209784
17766,19.059331128273172
17767,18.0498591990007
17768,22.87714148324976
17769,29.892401061696184
17770,26.960231456274613
17771,36.907660640142616
17772,33.42898932686022
17773,18.75713797371828
17774,39.231835572116786
17775,31.778675229011085
17776,37.780310579558574
17797,24.105437395744385
17798,34.97199656350734
17799,22.766869248783525
17800,36.61248052888899
17847,31.418881943933812
17848,27.36690041995324
17849,29.55045633344077
17850,30.575070587327538
17851,30.56674463029252
17852,34.788232304969036
17853,36.125977937356225
17854,65.41586874069965
17855,68.8286832660108
17882,28.700073429299806
17883,27.02211727732266
17884,35.37082184945575
17885,29.79014398042291
17886,41.4786802053559
17936,15.53217296692279
17937,20.841891396070455
17938,30.20359134919869
17939,27.912320969160138
17940,35.64771131323182
17951,32.5416539002186
17952,38.76399989217986
17953,37.5055897839082
17954,39.21476460407563
17955,38.11524547207405
17956,53.895845807639866
17957,43.991502039426635
17958,46.32630191967567
17959,45.51557995265195
17960,44.69676846588089
17961,46.88040485029727
17987,32.13495173196288
17988,34.75931548944957
17989,34.88915659151402
17990,38.211623945180676
17991,54.99251190404148
17997,34.921507457101306
17998,39.113408135465114
17999,36.381326448890796
18000,53.208608296738554
18001,35.24126359463561
18002,42.79199748963056
18003,44.595297603312154
18004,50.47206517552992
18005,61.99341640182061
18006,42.55624546905425
18007,50.85156407782478
18008,53.92049203547794
18096,26.57515563524297
18097,27.536504473317528
18098,26.53368294709483
18099,27.96911055510663
18100,28.89675856258996
18101,31.739970630218323
18102,12.37075960858619
18103,13.22529190909691
18104,16.853530734544776
18105,15.254806122809853
18106,18.669411873130038
18107,19.551529170962368
18108,24.592444530339115
18109,25.553793368413665
18110,30.72911026267586
18111,26.67712873869531
18112,37.697360294972356
18113,40.20657081756209
18124,21.107496632962437
18125,30.97569427658822
18126,23.64350853717295
18127,23.862102744798918
18128,26.0266193988165
18129,33.224668168662944
18130,29.62400487072933
18131,30.234305400066397
18132,42.58587833651097
18133,56.43965394390842
18134,40.08553017753433
18135,41.02484480392615
18184,14.37451250598044
18185,18.295615946798186
18186,18.030336328749925
18187,16.538428254578847
18188,22.940373604963867
18189,19.636107843930176
18190,27.45072972824407
18191,33.22452331649086
18192,35.90722878124143
18193,31.45445697477222
18194,29.101736754418134
18195,40.13180304241086
18221,33.11277436815623
18222,32.27944867398981
18223,30.335905609918036
18224,49.91729196069668
18321,20.641167060774798
18322,20.696337055418056
18323,38.03112197334458
18324,31.632700074682234
18325,30.35091666655611
18326,32.2883149026092
18327,33.24494534946929
18328,35.89008232419826
18329,39.81357152821588
18330,31.448135990911325
18331,43.382503929403
18332,23.278556311766025
18391,35.29186618646475
18392,34.47339951345506
18393,30.339435878702318
18394,16.080561438296144
18395,30.568797461523644
18396,35.190507532207
18397,28.894470925718913
18398,25.401747134705815
18399,20.33794068104274
18400,27.92000823467294
18401,30.97948267457651
18402,38.70178999212056
18403,32.5664246004661
18404,43.19374619913488
18405,51.833031443002746
18406,37.182661078775816
18407,56.49038451429076
18408,50.16619942699582
18479,15.892961783637922
18480,17.467624849773884
18481,22.029627515974667
18482,21.950395975732462
18483,24.644870960427404
18484,25.261708640211467
18485,25.902607865594504
18486,36.783800890215446
18487,35.07825974091668
18488,38.5996820288007
18489,43.00322161451708
18490,44.1782035277193
18566,20.12705073291384
18567,25.409184164739873
18568,31.597496439997222
18569,19.326958250195727
18570,40.927237803185186
18571,39.25386106902065
18572,34.14787846583623
18573,37.78021264892062
18574,36.98854624310072
18575,34.15978341414329
18576,50.27785650274639
18577,40.01168108545815
18578,68.26238064388845
18579,46.119630785136025
18580,46.51547626786761
18581,48.25678350789065
18653,31.37339994148269
18654,38.70910913262063
18655,34.257446455706344
18656,55.99634774314539
18657,40.7851185655277
18658,66.14948844410976
18659,45.57922871179862
18660,51.27627460008947
18661,48.12524583069242
18662,49.39068436101119
18663,78.33045506935164
18664,51.39469107093018
18665,28.808586037409313
18666,33.74268485922221
18667,26.18377498564919
18668,29.6138992825599
18669,17.09755308449509
18670,18.13813346281185
18671,23.392681897316265
18672,21.821542282902968
18673,26.462776489345977
18674,26.91762763692296
18757,29.1873355410888
18758,35.34806281902451
18759,38.251125750181465
18760,32.98108154397067
18761,26.60661673159065
18780,25.105745696887947
18781,28.654752982093598
18782,27.7072282283288
18783,38.36456036059478
18816,22.961966400339364
18817,40.482799396071954
18818,30.51130866660499
18819,33.48486568492095
18841,40.48519016243311
18842,46.397419695906734
18843,41.696364822573045
18844,32.945625383280706
18845,47.93172902327066
18846,50.07188990311447
18873,25.929590044886503
18874,53.46756161093733
18875,36.85405802367122
18876,54.66119436270368
18947,31.796695800946942
18948,30.411604264339708
18949,30.64133102868407
18950,20.58965084945092
18951,27.012055364121203
18952,31.27236901733263
18953,25.956087762402838
18954,36.76591324878719
18955,33.77648222964858
18956,38.045664479652494
18957,38.77927518797781
18958,42.92393175975993
18979,36.89318247390765
18980,47.85360703877079
18981,40.121740146421786
18982,25.351320130302078
18983,43.090184746356194
18984,41.521778521358726
18985,39.91584273967962
18986,47.14981780352736
18987,45.31007732603196
18988,50.89735947696003
18989,41.512295060950365
18990,46.21847089788466
18991,19.29929288690485
18992,28.740224380275286
18993,30.20807090884741
18994,35.64866742115788
18995,20.997260878254338
18996,25.196840178185354
18997,27.429722747492193
18998,34.08121658310026
18999,46.20929719799651
19000,32.621144131038655
19001,32.183732809850184
19002,33.56395499393805
19003,45.00045140795189
19004,51.7370423712736
19005,48.81105583763347
19006,47.11874376536028
19007,41.21241334823452
19008,65.28021664237708
19105,16.537307515265063
19106,19.95191326558524
19107,18.46000519141416
19108,21.36811325123677
19109,26.409028610613518
19110,22.091767468584685
19111,34.0927724117646
19112,34.13447816857935
19113,33.49733284590571
19114,35.64322435428441
19115,40.653713979656914
19116,33.32958183821893
19259,60.99559613668055
19260,46.44938701429749
19261,49.882912760423515
19262,60.34015652020576
19263,68.95069104266973
19264,54.98556297915382
19265,52.915254663483445
19266,77.91825248497798
19278,36.47512257276093
19279,30.173316775805667
19280,30.328674415061755
19281,36.80467931908556
19312,34.9669999824619
19313,30.946739810796515
19314,39.34999207501387
19315,28.766686202617393
19350,46.059071039567684
19351,40.194525083792506
19352,38.18785102955685
19353,49.706403579870745
19368,28.488274323279775
19369,25.886432640099358
19370,33.526297859120525
19371,45.7007666504499
19372,37.09600545802869
19373,37.60451415435197
19374,39.03921266656898
19375,41.20044143467522
19376,50.34812788323209
19377,48.54158101460892
19378,43.515451672025826
19379,47.04532292531226
19397,25.330552928625423
19398,19.65226179558831
19399,22.026287167591732
19400,28.080197907963615
19430,37.71724221632567
19431,33.77207722990896
19432,37.79999720829054
19433,51.31280217548193
19434,42.16195871418071
19435,39.727495368310926
19436,23.337710311199487
19437,47.690399580832455
19438,26.943899669730435
19439,46.3906271276592
19440,38.362220131608844
19441,50.9435898762801
19454,26.09061840055601
19455,23.292850330019903
19456,19.91753873776338
19457,30.059148993201873
19458,40.316975198943545
19459,31.361305811803284
19460,52.56594385645793
19461,34.30825816447029
19462,37.20226003286141
19463,47.582059684180216
19501,34.443507942698794
19502,35.876009697724015
19503,32.39432125790836
19504,54.39681456911905
19505,37.742294528594854
19506,36.492910558527
19507,44.21675339529129
19508,39.22587333904782
19509,40.6876307674976
19510,51.823637409708645
19511,62.90704893651359
19512,50.09369695557216
19566,13.758484490541896
19567,15.439964094241695
19568,17.627941388439083
19569,19.309420992138875
19570,23.871423658339673
19571,27.28602940865985
19572,28.647059399668137
19573,29.074325549923486
19574,27.582417475752408
19575,31.054629002465013
19576,32.24905457414089
19577,32.23982713651864
19590,17.231782803017712
19591,17.900267025722375
19592,19.39569855161611
19593,22.38303815168094
19687,21.971316380409334
19688,20.479408306238263
19689,26.853768659301643
19690,22.832632261851067
19691,31.332436748470734
19692,14.706585631590748
19693,33.70059705268359
19694,41.197010583465364
19695,43.02687933317441
19696,38.773756494942184
19697,44.36748839757261
19698,61.086395309815586
19759,41.436564287367894
19760,28.7586070644032
19761,22.43001037527784
19762,31.092465475786433
19775,42.885390290981306
19776,61.862637244275376
19777,54.80432443890306
19778,45.39093123580063
19914,18.444423306238214
19915,16.552834079133397
19916,23.034010969760622
19917,29.542772857709487
19926,26.062840332016826
19927,27.99675632526708
19928,38.233347296940366
19929,38.11279499944533
19930,41.22731286887236
19931,35.18652604001227
19932,43.191575997879156
19933,43.81282703083545
19934,67.63824722398742
19935,42.76690605378856
19936,40.87918453460419
19937,40.63914392533976
20000,18.447395133725465
20001,35.96822812945805
20002,29.390579112494017
20003,40.62985615622818
20004,36.12694759069374
20005,42.37560056195574
20006,36.21897870154711
20007,47.28277013625672
20008,35.500036970269726
20009,58.043471264937665
20010,52.31393424328041
20011,39.84874950258986
20012,19.374033937471367
20013,19.00193778185927
20014,27.963956582053775
20015,27.085362735944088
20016,29.566204645511355
20017,36.12661307638079
20018,32.18144808996408
20019,25.176661737583878
20020,35.994129166225584
20021,38.591662884693385
20068,25.97885290897107
20069,39.97911190441858
20070,29.061449610023715
20071,35.809818324478904
20072,36.930800537238405
20073,30.946951497951822
20095,25.183059574953987
20096,26.251224950592388
20097,42.038931799704585
20098,32.46712222317135
20147,33.473010929230476
20148,39.500031633757814
20149,33.93855378426429
20150,34.30732842009499
20151,38.50005106993663
20164,32.297690733768476
20165,24.27295922604958
20166,28.407695741995006
20167,30.432366515465993
20168,25.951680034884248
20169,33.44681715815229
20170,28.916485988992278
20171,40.597894412660835
20172,37.841162748848575
20173,44.03589074778064
20174,40.94872394805218
20175,44.97999617413484
20245,24.857044267428343
20246,27.444702714559455
20247,32.40638653369398
20248,34.380730752763654
20249,32.06187537540349
20250,32.70277460078654
20251,36.623878041604286
20252,35.63846765793077
20253,40.27970186437378
20254,42.681312233698826
20255,42.09558300295903
20256,37.00302110066172
20285,39.529598154531236
20286,41.025029680425
20287,32.786665097578414
20288,52.464782661002076
20289,42.253436305684424
20310,22.05246252071253
20311,26.187199036657965
20312,28.668040946225226
20313,26.349185568865053
20343,17.149306460998496
20344,17.57657261125386
20345,17.924607221267003
20346,20.619082205961924
20437,14.528175113641346
20438,15.703157026843577
20439,16.55768932735429
20440,17.091772015173483
20441,21.495311600889856
20442,26.749860035394263
20447,16.809221125218418
20448,18.091019575984493
20449,19.693267639442073
20450,23.641956077581458
20507,23.756119703367432
20508,22.557076244566233
20509,24.317787388508236
20510,24.45218892339372
20557,35.063429268197474
20558,21.198420095234376
20559,26.559785067302634
20560,32.15172328546273
20561,32.41943807022444
20562,43.6474426476353
20563,38.92782218269354
20611,44.32851717453661
20612,32.570119121543634
20613,30.211942653036253
20614,33.771405917447204
20615,35.79615273330686
20616,33.46037004138754
20738,26.469905584240955
20739,31.8312705563092
20740,32.16933780409699
20741,20.815371969222504
20762,26.22738282270516
20763,32.60174317576855
20764,31.509516254531206
20765,24.89746128074117
20766,22.380724353874896
20767,28.48492509590936
20768,32.023526512131276
20769,48.968277746681736
20770,21.56163014061432
20771,24.633323891099714
20772,38.293208238590175
20773,50.56891604869724
20790,46.16526381798979
20791,42.66716838212479
20792,65.22015085800835
20793,59.545254632689876
20888,13.483105452617046
20889,24.364298477237973
20890,29.005532683680983
20891,22.10061309452105
20892,32.266984381698904
20893,38.30696706357588
20894,32.71658607885542
20895,45.15993310569015
20900,22.03128145278027
20901,21.36632068179828
20902,31.954649091049312
20903,31.833686415277377
20904,29.914511918974775
20905,32.74806526154846
20906,44.757612199695835
20907,32.46908159156374
20908,38.22763020557985
20909,43.882673454430524
20953,21.907497874411693
20954,21.05648902562365
20955,30.445773976073504
20956,35.621090870335706
20957,30.064050928901395
20982,31.23222054437985
20983,34.608691269433585
20984,34.84926147048503
20985,43.90530785382999
20990,24.616334801264106
20991,34.4845324448899
20992,26.46406808930821
20993,31.41904185562047
20999,47.57764488780232
21000,32.39829082334348
21001,31.599163998408017
21002,38.40691086449403
21007,28.91968117850398
21008,32.227470391260326
21009,27.485434420274665
21010,33.89699918832408
21047,36.04531390558109
21048,23.348252422331555
21049,33.469675430026435
21050,36.44217440745986
21051,35.52915925097447
21052,33.556468245200406
21053,54.142188407482045
21054,21.020079544083778
21055,22.99442376315347
21056,25.182401057350837
21057,27.049928738856686
21058,32.62492678605262
21059,33.07977793362961
21060,37.614195602508765
21061,36.84241829396294
21089,41.95843068200106
21090,38.25089044676759
21091,57.55494555665798
21092,48.31194486634676
21093,59.884013130388404
21094,49.39090993676766
21095,47.88364194815678
21122,20.566148165675067
21123,33.07365079935255
21124,31.07524503468389
21125,21.503435458150655
21126,22.357967758661367
21127,25.148137708207095
21128,31.638070147899235
21129,31.50797532995928
21130,30.832699353363743
21131,33.32446817715832
21132,38.50856133943267
21133,37.736083780715354
21189,29.152349242894346
21190,25.92731502210289
21191,27.50197808823885
21192,39.72451105238526
21193,38.01450916654821
21194,50.0776990763157
21195,42.73097203730991
21196,43.370979917363144
21197,49.19202471980092
21198,64.36045539032507
21199,48.453103332179154
21200,47.53422073209291
21234,24.727000709281008
21235,27.811887043208465
21236,26.73670584505428
21237,39.76333033180873
21238,36.11902531887666
21239,36.24270286667994
21240,34.58983332783699
21241,40.530890904067704
21242,55.25386142482627
21243,58.37901828550116
21244,57.2332928175668
21245,42.488291908995485
21246,34.63240984000518
21247,30.153162165769274
21248,26.39404525715861
21249,27.96870832329457
21250,26.923333928356783
21251,28.144115708451714
21252,28.54827378164466
21253,33.90794040438691
21254,30.279491858012932
21321,40.38412026463558
21322,34.99869374696836
21323,20.647434851580613
21324,38.781623049337824
21325,43.18760329468565
21326,48.53880927914114
21327,42.95906919537155
21328,48.33652719700343
21329,46.751960997960694
21330,56.093563775087745
21331,45.41606115559113
21332,45.4544094157003
21421,35.54851606454853
21422,32.93679607181846
21423,34.50186463746213
21424,27.04789187756529
21469,32.25182296560226
21470,30.146600663369767
21471,33.91748171044914
21472,30.741715192871403
21473,42.215291144826764
21474,41.7557341981685
21475,42.64919651933542
21476,42.47044822095357
21477,35.18351834470783
21478,45.78070488004873
21491,23.152878891226067
21492,30.297498381834245
21493,30.730504965860796
21494,30.82956172719937
21495,30.40566686873101
21496,37.71379091048435
21497,35.437247262986816
21498,54.20787479091528
21499,47.36001304179397
21500,57.348110012568945
21501,43.80522354682132
21502,73.14630583241458
21553,35.748421312326506
21554,34.04288016302775
21555,37.061328212136864
21556,34.47217798198577
21557,53.85401585646688
21558,41.37007176859752
21559,47.97379018236612
21560,48.90073794149699
21605,71.48007603847766
21606,47.347883045267785
21607,54.648546473402945
21608,42.27237820455454
21609,47.22666727798092
21610,69.59632171042178
21611,77.51599141411921
21686,25.16208304224419
21687,33.98970030755323
21688,25.889907995566645
21689,37.380582237631735
21690,25.674909553785866
21691,26.72163051476187
21692,29.929838060709493
21693,39.22752966652868
21694,37.41640794545496
21695,52.90583303640249
21696,42.39354887998633
21697,54.76419563768555
21698,46.547236870490444
21699,58.27924502446755
21700,43.978071163994194
21701,52.86881571902253
21735,21.606303442614575
21736,15.607562696885942
21737,28.942012633752512
21738,22.836601031605422
21739,22.793384018204293
21740,26.43987184336148
21741,29.44828649439563
21742,29.0513093170324
21743,36.951434915906766
21744,38.42867244874595
21745,31.39960191360518
21746,35.62815468688909
21840,30.68638189152479
21841,26.709983274192357
21842,30.00436628581427
21843,37.340506263936994
21844,36.89133557071977
21845,39.814982712690856
21875,18.979594515958738
21876,19.220812588408037
21877,19.06234950792362
21878,27.996783310796495
21879,23.438304096318355
21880,27.652272152506
21891,18.971778879161107
21892,29.508460745491554
21893,25.701527755206655
21894,30.108479534451867
21934,32.419972521745564
21935,30.74201636976843
21936,18.930582956117235
21937,32.45388652075531
21938,37.64711899865929
21939,33.27896553698774
21940,29.433425826261036
21941,47.70629434920024
21942,50.09732694055577
21943,58.739260589233204
21944,35.99505919646267
21945,43.654120237068106
22029,49.815506141784354
22030,56.296683032411586
22031,75.4373304613405
22032,40.72779100079509
22033,44.33367481453537
22034,69.83067609181172
22208,43.875351032166144
22209,26.441875867811355
22210,27.574352272354915
22211,38.17250009326886
22212,45.43768686660106
22213,46.79234502290797
22214,46.14466508237139
22215,41.74791859458933
22216,50.256149069006284
22217,49.395207864768956
22218,21.432100732369165
22219,20.44669034869566
22220,29.94279183670934
22221,25.83084630146451
22222,39.22911544949546
22223,32.7548574240009
22224,35.32855685576146
22225,42.22324226557127
22226,40.33456325852137
22227,40.6113276408783
22244,30.24727091961899
22245,36.32316875685037
22246,36.367908084766476
22247,45.81147012778445
22248,34.74716307360212
22249,47.868635384826725
22250,33.50341200980681
22251,34.60426183474255
22252,35.03820420021423
22253,27.90978263402397
22254,65.8360307259437
22255,37.39363742761445
22256,41.961937786440885
22257,60.43769762192694
22258,60.589919092515515
22259,40.197888720868036
22296,12.60737992701452
22297,13.675545302652907
22298,14.423261065599789
22299,18.45118104398137
22300,17.35895412274403
22301,20.559926797936534
22302,24.1881656233844
22430,30.909625491841595
22431,46.69733234095381
22432,51.375699521438726
22433,45.39525987125986
22450,19.857818885213383
22451,21.72534656671924
22452,19.220443111553017
22453,24.767856161427325
22454,27.06264999318853
22455,30.515546794157814
22456,28.717115891780836
22457,36.97046367289287
22458,33.57132138619193
22459,36.47800886994059
22460,41.22215005011663
22484,43.62527704042567
22485,43.973311650438816
22486,40.161748232945826
22487,52.6071711436592
22488,42.15797403079715
22489,43.70557158592252
22494,26.465309467950604
22495,22.868179091547027
22496,18.602564492438795
22497,31.910627124781577
22498,37.321490848191594
22499,55.80407291330941
22500,49.32766718950225
22501,33.42433918868902
22502,36.356567772418245
22503,37.84039304963929
22504,44.65645718774728
22505,41.34833937646882
22518,16.884071271257532
22519,21.525305477700527
22520,27.369106594667393
22521,35.39736155410897
22522,24.933669079700636
22523,34.573276379791714
22524,43.49521882869101
22525,28.714450963619974
22526,36.70641715078546
22527,41.95917436028085
22528,42.874492795596645
22529,41.041773991575255
22681,19.56331137399125
22682,18.605485987639366
22683,21.11391289452826
22684,30.36879631009264
22685,34.8239824387296
22686,16.069354686309786
22687,18.043698905379472
22688,19.911226586885327
22689,21.165440040329756
22690,20.18002965665626
22691,27.59497038803641
22692,24.983250395306342
22693,31.357610748369744
22694,35.01343457113923
22695,38.32122378389559
22696,37.89826501281733
22723,35.836558401331835
22724,37.33079757031802
22725,37.80020206872622
22726,58.21213881249021
22727,51.58159975374706
22770,38.43309831499249
22771,42.97502498956879
22772,40.15789636553878
22773,38.30467921422116
22774,44.760475586311166
22775,49.79941396931279
22780,32.38225603280227
22781,27.736733623530647
22782,44.34641515753048
22783,38.93026060731156
22784,31.168028826531867
22785,39.47563148061525
22786,36.293907548667946
22787,42.50896819795342
22788,51.466150871832234
22789,50.78106055673682
22790,47.7706044581019
22791,43.29324875821366
22792,48.37650233072229
22793,39.46190923742329
22794,61.48652122381229
22795,33.4132316344985
22796,48.05344479470892
22797,68.58668675477787
22798,63.50341642979053
22799,42.020384026372106
22800,58.33380146972485
22801,56.03417581569858
22802,83.43289202639382
22803,71.68931529653491
22839,37.75615542832581
22840,31.130976725655927
22841,32.09004899148431
22842,25.897547520516085
22843,41.22384139634395
22844,34.551534973727584
22845,34.84796166219582
22846,41.29150110818837
22847,41.29982524324971
22848,43.86460007093947
22849,45.33351207470285
22857,24.89566726253232
22858,31.88334184365712
22859,37.32393835596758
22860,28.931999022245606
22874,17.74090277719703
22875,37.821809222739084
22876,30.70561618818865
22877,32.602467175120466
22878,37.51814202329094
22879,21.42996837289939
22888,38.88614480572448
22889,42.42794086238379
22890,65.16889407342835
22891,70.90614848553001
22892,64.37693135604617
22893,46.49465270324315
22894,50.752657983432414
22895,83.18671445116773
22896,49.25192985851413
22912,31.24649207466235
22913,35.10172952739995
22914,34.754949708202346
22915,39.712726849656065
22916,41.3502112894882
22917,42.27292746810452
22918,69.39516178048841
22919,48.41725990648087
22920,74.15329424259458
22921,74.02112644522154
22922,77.52150866177719
22923,88.61400749829971
22964,35.669467203314795
22965,44.046484336173826
22966,42.82460340715644
22967,38.34508069927096
22968,46.46468051394319
22985,43.81024910923806
22986,46.58039697593475
22987,38.46917443780606
22988,46.19880973873056
23022,19.254773375671817
23023,28.08239064098084
23024,23.63072796406656
23025,35.47711830359972
23026,33.64546523351895
23027,45.83446375172441
23028,35.30060258980039
23029,35.100945038564895
23030,34.656731521603355
23031,57.96252618571772
23032,47.49869774414055
23033,43.22579679943367
23034,39.16992744754299
23035,49.651808879244946
23036,48.853656885638046
23037,58.981956006039574
23038,50.75754677504061
23112,23.629687681573024
23113,19.284841542222573
23114,25.552385357722123
23115,30.727702251984326
23144,24.007038471078637
23145,31.785612874031884
23146,23.9636526827331
23147,30.81014955396803
23148,31.055882034873214
23149,36.26301176226832
23150,42.999325986160684
23151,43.362845271951976
23152,36.02479850881913
23153,88.62207192890212
23154,37.354138675061904
23155,52.41115100452536
23178,31.9018756544029
23179,35.62794358546579
23180,58.480779830688626
23181,38.994977925645145
23182,52.462616241426275
23183,19.735432687396077
23184,18.35034115078883
23185,20.32468536985853
23186,24.75228650117385
23187,24.380190345561743
23188,21.689238812589473
23189,18.399210655259893
23190,29.066770604753145
23191,20.215091793845147
23192,27.816080603031374
23193,29.576791746973385
23194,27.578385982304724
23195,41.02680222127061
23196,35.88814384655172
23197,39.19375368896832
23198,36.02624069666327
23199,39.05613609403282
23200,54.90913542395334
23224,26.934638892688945
23225,37.09570115168463
23226,32.64403847477034
23227,32.56480693452812
23261,25.557781076363035
23262,26.838555509121917
23263,44.37270603245228
23264,33.43493789198465
23265,49.54146148277641
23266,56.32038789817795
23267,39.74411002704496
23268,61.04164331751042
23269,41.172750109955054
23270,43.128472642028925
23271,45.38780689231785
23272,43.91547462800878
23301,13.88733993126445
23302,15.782452610091923
23303,18.983425285284433
23304,18.290879516980816
23305,26.105501401294703
23306,20.213577193129915
23307,26.374304471065642
23308,27.842150999637752
23309,30.37816290384827
23310,38.99325974428245
23311,30.655090783298768
23312,23.97696473896694
23313,32.326895837486404
23314,44.554935074179014
23315,34.71714094786539
23316,35.84782927694757
23317,38.88742174612177
23318,42.41879344087815
23319,61.757590475904394
23320,46.64113306583481
23321,42.835083763709534
23322,43.80692491191927
23323,46.84910748760234
23336,52.87154676609623
23337,55.05952406029359
23338,62.61639024130238
23339,46.2359939026911
23340,40.63143396485871
23341,45.91022541034806
23342,70.54379196727662
23343,78.22619545590386
23344,73.88757773022247
23345,84.89583499612398
23346,58.135208546373
23347,65.47033767855955
23360,18.34123602194437
23361,22.79642215058132
23362,19.86425254515975
23363,26.34542943578697
23364,27.306778273861525
23365,26.827865580685575
23366,35.04216861793319
23367,34.776888999884946
23368,43.21338876786819
23369,36.770050674767404
23370,51.48209740658281
23381,20.26465582371896
23382,24.292575802100565
23383,30.23843681382734
23384,33.467176303257865
23385,30.77168954982696
23386,33.62540265504318
23387,41.08480116793651
23388,40.65521117816423
23389,31.427602747664707
23390,39.24287196524539
23391,43.637984963932404
23392,38.05916549962365
23442,42.6569236542836
23443,43.251338596612
23444,40.85295850976822
23445,66.08797537369755
23506,29.75870337558132
23507,22.133653020796153
23508,31.974265667100312
23509,19.77253447027018
23510,34.42082882329256
23511,26.69746877524561
23512,20.439919457063418
23513,39.32421975927779
23514,41.815303832812624
23515,39.14798431943303
23516,45.54396361574653
23517,48.4556447079405
23552,22.581979957018305
23553,21.94460418335793
23554,33.838792588974
23555,27.62612668961563
23556,29.131367955607466
23557,32.8360727130829
23558,26.81049465209278
23559,41.52725694931866
23560,35.03149144643475
23561,40.00491495849999
23562,34.191344463884235
23563,44.250188480316005
23564,71.93874175076665
23565,48.91881049690367
23566,30.08649802505235
23567,44.25827695576529
23568,42.24954461006523
23569,42.8935170819306
23570,65.13908818068545
23571,47.69358287560829
23572,44.843469017840135
23573,46.87569090463098
23574,70.17581791062061
23575,77.90212274630412
23604,25.854916759475557
23605,26.2029513694887
23606,28.39092866368606
23607,31.299036723508678
23608,33.81661109118146
23609,32.05479480237282
23614,14.871681845330812
23615,23.75475947468373
23616,8.136886468831882
23617,22.59489595421919
23618,52.60781195149014
23619,32.44763397028041
23620,28.83007331281138
23621,41.983002862383266
23622,53.921314461832175
23623,38.3370730843089
23624,48.83024425252339
23625,45.68827141342853
23655,47.295125400242696
23656,41.29638465451407
23657,34.17783199022647
23658,31.96579315043013
23659,37.07404279677163
23660,35.0961695450362
23661,43.68380789759882
23662,41.2798857636892
23663,41.61928695189686
23664,44.39313475715091
23665,52.87055166447869
23666,46.292535490150065
23667,34.105420778505845
23668,23.920296973911213
23669,25.70859311517485
23670,31.241478277221518
23671,31.62023365297162
23672,38.42269125364485
23673,38.47536469312298
23686,35.08888935069859
23687,31.688772036239754
23688,36.29432575854604
23689,37.14024565165863
23690,35.03582566074133
23691,37.59482357232327
23692,34.46796369739782
23693,45.13697611177074
23694,44.76233037025079
23695,46.518985236701944
23696,48.159983253440956
23697,42.40872156587342
23711,42.336184267178474
23712,39.47329421492173
23713,38.10808600328859
23714,39.50171194352681
23715,39.7818878399544
23716,47.20322930621994
23717,66.99204430526929
23718,71.09995025404116
23719,46.294617639129335
23720,74.56472569053226
23721,73.28472676103863
23722,49.72222976351752
23809,29.084702397235354
23810,46.285085780276425
23811,25.47149590944184
23812,29.478611943388508
23813,53.70139520685043
23814,28.919902726969156
23815,33.93639435271179
23816,31.497353175289113
23817,46.66071282617321
23818,54.37249577141484
23845,36.19757171822679
23846,40.22549169660839
23847,27.008357429268855
23848,36.986804528532474
23849,38.91134924246631
23850,54.32252775149004
23851,51.825254292299164
23852,38.37075240537499
23853,53.23214162695632
23854,48.4265721625357
23855,59.73171307207332
23856,49.758259365615956
23890,26.169651279247574
23891,25.69073858607164
23892,26.944952039516068
23893,39.90723128327385
23894,27.27661165683621
23895,46.35769261112144
23896,45.12438245971234
23897,39.206761012442406
23898,41.464514336553925
23899,39.12800145810042
23900,44.19111960206539
23901,74.62047291636067
23946,41.00845858466273
23947,30.637286702262045
23948,32.61163092133173
23949,41.36001664639855
23950,45.55416276161455
23951,43.22208988238857
23952,33.32756437465437
23953,43.583995572598226
23954,39.783439165114416
23955,52.42361655228998
23956,39.39860292240266
23957,49.93868310277009
23958,24.48004896717064
23959,23.629040118382598
23960,34.40341660543968
23961,31.11381175147664
23962,29.617895617554744
23963,37.25439013011586
23964,38.20415185839132
23965,49.69753227168504
23978,18.679418244043013
23979,27.827485122043548
23980,29.70418657534166
23981,29.938023234186787
23982,34.87098802307008
23983,46.01046397954658
23988,26.977749237104483
23989,35.813402303676085
23990,35.59571861297219
23991,38.44067911284192
23992,47.73105904117984
23993,41.330446187510425
23994,44.56772522986126
23995,43.33740015089145
23996,45.45980473587338
23997,41.888027785354694
23998,53.710714473749114
23999,32.55383294967512
24034,20.228107227726454
24035,34.36191947046049
24036,39.003153676903494
24037,19.9494210928778
24047,33.395557639580026
24048,31.07670226221986
24049,31.066238676078285
24050,40.190801809672806
24051,23.030216621356388
24052,38.264402846427245
24053,33.05973358298728
24054,32.23782090483374
24055,41.55899347741108
24056,41.20619568813255
24057,42.58736849704661
24058,49.067673079496274
24147,25.67339111822046
24148,23.329090605586202
24149,29.623546378715716
24150,32.93874816815394
24151,42.61932073396207
24152,40.058536275630225
24153,38.225058105250795
24154,31.491839728763438
24155,36.6518009429729
24172,30.772221017904485
24173,30.686614978694976
24174,33.939095879149676
24175,34.01257427337671
24176,29.383542669721116
24177,38.28827808333559
24178,34.59327139389545
24179,40.812870875597255
24180,37.69365554388859
24181,42.23960801755214
24182,40.270667068062835
24183,35.84919965636739
24184,27.194908058522053
24185,33.16958725865171
24186,35.996482862651085
24187,27.927811534292204
24188,34.640957238946505
24189,43.65865540092304
24190,33.609088900064116
24191,38.92527413441175
24192,40.66566364112396
24193,40.38051036241161
24194,50.32468190449498
24195,49.964461460742335
24201,17.388701505609067
24202,20.21757802518947
24203,19.152936101273742
24204,28.22177143903207
24224,33.40435267270525
24225,36.51019888226964
24226,31.853409296020935
24227,47.81554311442061
24228,42.03056752042005
24229,39.0332423497494
24230,44.1070981533152
24231,45.98451404744208
24232,46.72166017262311
24233,44.28301941748586
24248,15.042676037148048
24249,29.789802507943484
24250,20.0319448536042
24251,24.673179060047197
24252,30.299268528827113
24253,28.209612280353916
24254,39.291560328693905
24255,27.371424439660103
24256,32.309352501899795
24257,38.89549410902415
24258,36.496194145074185
24259,34.809372240014895
24260,64.10183488620156
24261,44.95324559673937
24262,44.9003214266222
24263,56.688936983684854
24264,38.96011708944153
24265,39.059231254742784
24266,49.68459594152305
24303,24.10780002708554
24304,21.60289657191931
24305,30.537330374792184
24306,28.56650960744514
24307,36.38113149175904
24308,29.769076517969005
24309,38.16740864685522
24310,34.553781927673064
24311,44.71502986468138
24312,43.147958204258146
24313,41.87843491937361
24314,44.47048339901078
24315,36.65488192251153
24316,46.266136091780155
24317,41.64818064407512
24318,44.79036367569994
24319,74.97429839279444
24320,39.22785389686016
24321,46.18369864748835
24322,20.372437535431068
24323,30.48185325150616
24324,10.129925048071733
24325,37.94247281068067
24326,33.35123612457216
24327,16.621690306504746
24328,40.4597681581993
24329,41.85126570448144
24330,34.43032610181202
24331,40.1121406865718
24332,33.204109493059214
24333,37.727048560754014
24334,36.29530618627092
24370,22.04402043805682
24371,25.165761573007103
24372,25.620612720584084
24373,29.273978896545735
24392,29.39078500536084
24393,34.15421304971015
24394,36.631688697435685
24395,37.4491394057608
24436,37.98051003196266
24437,54.27471457157242
24438,33.90679594926733
24439,45.7463978597689
24456,27.341112269100666
24457,36.4653764697944
24458,47.109973568890545
24459,37.443002452408244
24492,25.0419150434528
24493,36.350374218329094
24494,27.28869116771948
24495,32.25797481912353
24496,32.6420633748104
24657,46.77977015272333
24658,59.934925007941374
24659,40.78883308501084
24660,46.28230797895385
24750,21.594809820964237
24751,26.84935825546865
24752,18.504177135058235
24753,34.79838167466801
24754,20.21324173607966
24755,27.814670100323937
24756,25.280446048685597
24829,21.694297982359693
24830,28.175474872986946
24831,29.350456786189163
24832,29.85573995675015
24833,22.594329666002025
24834,30.915449240813473
24835,29.71640578201228
24836,26.603295350657078
24837,29.44491086659778
24838,30.548515686876733
24839,33.00299168127527
24840,36.47958698877974
24841,42.147507146244784
24939,33.8005288788673
24940,36.780084538644175
24941,35.722945271253806
24942,49.6535334113443
24943,32.902883452142326
24944,35.66283667708931
24945,40.317710710906425
24946,28.503442240194325
24947,52.72426768164833
24948,45.648754171708056
24949,54.38842785019802
24950,42.796597070928485
24989,23.625624230891916
24990,38.47956723925118
24991,31.506202526082966
24992,40.143680231117436
24993,36.5992923786387
24994,33.84552118250154
24995,41.173174213443225
24996,46.94533222666568
24997,42.8989390545506
24998,35.79096225300873
24999,43.35749817925605
25000,67.59136567549434
25076,59.99063316658136
25077,50.177195193660275
25078,51.39094310122973
25079,47.80588306756733
25080,48.455037785394055
25081,51.79296685113888
25082,56.678122256769406
25083,56.80849881694879
25084,75.27750208201941
25085,77.09126495421499
25086,53.7373178465543
25087,89.83937862130108
25144,44.73888083600478
25145,38.23364239977859
25146,43.13213848883721
25147,44.91168956868643
25148,47.765127768139486
25149,46.1742807416566
25150,53.950828547720256
25151,52.04797887887821
25152,46.12809834814895
25153,75.48675301671717
25154,48.630824924206
25155,66.93336877611567
25182,33.524057823178445
25183,37.658794339123894
25184,32.82476900832808
25185,32.501879483116035
25186,32.66462388851659
25187,35.211091808094615
25200,21.80945972903489
25201,40.46818219376936
25202,45.86080495766563
25203,59.843394461125094
25204,39.15484887306365
25205,62.403145702795555
25206,24.237836678265722
25207,19.465724388659908
25208,26.66703204491239
25209,24.134543592424542
25210,22.136137827755896
25211,29.958197361987956
25212,26.47038805895741
25213,28.51456009908837
25214,38.094892425029315
25215,30.244041356817945
25216,44.82874073448818
25217,40.636296096659905
25218,18.64109184847446
25219,23.096277977111406
25220,17.817667997008023
25221,18.779016835082587
25222,29.553393322139677
25223,24.061150266908626
25224,25.6209251228235
25225,31.40374803843192
25226,33.64620485285343
25279,10.024904202859034
25280,10.879436503369732
25281,13.601496485386313
25282,15.524194161535412
25283,22.181052685423428
25284,19.090419999517426
25285,29.678748408768463
25286,27.78715918166365
25403,34.054507533039924
25404,32.48336791862665
25405,20.16789759075849
25406,33.436011205927976
25407,30.95435486803686
25565,28.431267843323887
25566,38.43510480121057
25567,32.43093253035677
25568,29.07334870328377
25569,33.650493452400354
25570,36.57516854682836
25571,47.3323226482013
25707,24.07990825807108
25708,29.334456692575493
25709,32.05651667459205
25710,26.16459246642726
25827,26.086009035285706
25828,25.314231726739862
25829,30.14151401098892
25830,23.422642499635053
25831,30.41031708075984
25832,32.19861322202349
25892,25.11736390016318
25893,25.900291806419215
25894,29.503616830042972
25895,30.73527502066112
25896,30.861720184846135
25897,14.293059266938194
25898,32.86860762786285
25899,17.942703316787295
25900,32.18727238922011
25901,37.31461523227352
25902,32.53120609996161
25903,35.240658394451415
25904,34.28684302475181
25905,67.15790771020698
25906,41.9705064506314
25907,49.624262703286846
25949,37.16029590516463
25950,35.75271298190879
25951,34.20407437601444
25952,33.062421790671294
25974,2.8491643795827892
25975,5.223189751586219
25976,6.797852817722166
25977,11.439087024165175
26011,29.793065586575416
26012,33.741754024714794
26013,28.799187145821755
26014,58.5670370217416
26113,13.154182777345149
26114,14.622029305917273
26115,16.08987583448939
26116,17.158041210127784
26117,20.70704849533344
26118,27.69472307645823
26119,22.416113096354856
26120,28.283975758920683
26121,33.858973806116616
26122,32.501467266831
26123,29.002984499929873
26124,35.711299731240224
26140,33.24280092927502
26141,40.24065817790511
26142,40.84128368702421
26143,58.48484197428492
26144,40.66889970713252
26145,51.30352943117405
26146,41.56027363659506
26147,79.02303637308633
26148,59.632932733196235
26149,51.28242686701932
26150,68.75874781693867
26241,28.09595502710411
26242,50.674187390161904
26243,30.232618590734646
26244,34.785690911883925
26245,50.232556357180016
26246,50.65607221658065
26247,62.01731841088457
26248,40.54263120358196
26249,43.45452404905495
26250,46.01639070294762
26251,46.36620687365979
26252,44.02506820464389
26289,22.864620528199175
26290,31.692237793508205
26291,26.120763198034936
26292,40.06852736296292
26293,26.540445463725426
26294,35.2214006544974
26295,35.721344541576826
26296,36.522740232955734
26297,39.256777224022436
26298,38.48423011531403
26299,43.86415975077814
26300,40.26491153582917
26315,31.28451637894438
26316,25.039419902983354
26317,30.891262034748863
26318,29.94602305953228
26319,39.156663016331656
26320,41.275036162294455
26321,43.72678977069867
26322,54.3174775612234
26323,47.928251090535355
26324,35.69364194718568
26325,57.98164786572818
26326,51.69540467988764
26455,34.25752319756092
26456,28.792865139651497
26457,37.91334702033041
26458,49.90868834397107
26459,29.46357325031493
26460,28.71207565408588
26461,24.163922309118544
26462,27.00077792476989
26463,34.57433838362814
26508,28.285555244217626
26509,32.09984214747155
26510,30.50111753573661
26511,33.91572328605682
26512,24.42314524976579
26513,29.08187041199333
26514,24.350661708642072
26515,11.157670773883119
26516,39.14263684140213
26517,34.27808740810402
26518,39.895674917794025
26519,35.495640544100596
26520,24.401430724290556
26521,37.201797973337925
26522,31.64355707162759
26523,24.236968217070334
26524,28.520918172708818
26525,42.225431897610754
26526,36.9654301320215
26527,31.016064140249263
26528,39.25857748306171
26529,37.90028035568687
26530,50.92757592987283
26531,61.10401884898991
26564,25.08930399139919
26565,6.800211444847491
26566,29.150688066916672
26567,20.04654228918799
26568,30.180401440271126
26569,18.50212388809718
26570,35.750772905729576
26571,45.27489808386158
26572,31.914322351128938
26573,33.628467663978725
26574,37.604929440546336
26575,35.20220002895646
26576,15.219389631356968
26577,32.651543716345444
26578,33.061957384346634
26579,34.68905213891596
26580,36.077191334695435
26581,43.21311537907557
26582,46.90129101169301
26583,37.27551317738739
26584,24.64407751049331
26585,23.76548366438363
26586,26.45995864907858
26587,29.47488324646504
26629,26.88936770894803
26630,21.717574266408498
26631,24.51886578866727
26632,28.226336154357348
26633,33.694517663989444
26634,31.503735376412806
26635,37.70293366722165
26636,37.232179521135755
26641,21.151776620386123
26642,34.5694659152543
26643,25.34266380360605
26644,25.036788148484142
26645,39.469393997752235
26704,22.886120500598036
26705,16.008785908759737
26706,26.197433165077047
26707,34.09560172808633
26708,48.4552628107268
26739,65.45110268405698
26740,49.4831642994299
26741,45.389034468921324
26742,75.86865450105478
26779,19.829267695735638
26780,29.883513417167485
26781,34.41793108604664
26782,34.11096145849485
26783,29.892729462428697
26784,48.70486091581528
26785,51.84831463574506
26786,32.22176495190142
26787,34.61324329104508
26788,45.816871651418516
26789,42.24990005314121
26790,41.431904752620255
26819,34.54202219726436
26820,41.279850162016686
26821,67.26090902851807
26822,45.482326955117585
26839,40.47740388884147
26840,40.50498888616308
26841,38.45096413462005
26842,28.07540190669635
26851,30.0291487709085
26852,33.15088990585878
26853,27.943522439148303
26854,29.276796181221556
26855,33.02766925343085
26856,35.70416824104912
26857,37.01373744050289
26858,33.695414910533316
26859,63.336935836355664
26860,39.97533179745838
26861,44.402961928279026
26862,57.365339831156525
26863,28.004885464475052
26864,16.925078751668615
26865,25.6423132691636
26866,31.50863418353721
26909,13.657308708772632
26910,18.805040605713224
26911,22.326462893597245
26912,18.38129790718053
26913,21.103357889197085
26914,27.904984392515836
26915,22.919239027782353
26916,28.07528685934229
26917,31.00596617120948
26918,33.82568036768927
26919,32.14860500201645
26920,42.68380038374229
27006,36.49693968844802
27007,31.935224720168904
27008,44.039848791290346
27009,37.4238140069935
27028,18.546335207161867
27029,29.107078619091276
27030,30.076061423753053
27031,34.233910493441655
27047,30.442950280041707
27048,32.3387288784013
27049,29.53848358892442
27050,34.2136951108183
27051,34.08128723829555
27052,36.84832196607166
27053,59.62256135602401
27054,41.82903768594536
27125,44.572711246872764
27126,55.746768886863585
27127,32.87933503815176
27128,32.60803819237726
27129,22.922766522729276
27130,22.65748690468103
27131,33.923639467664984
27132,24.172344897648408
27133,32.84248682236721
27134,29.76957148193268
27135,15.162930397328061
27136,34.103108294060924
27137,31.3893835128563
27138,39.737779021129974
27139,54.49823393016345
27140,48.567282556523985
27177,37.199992700829654
27178,33.72554385101317
27179,38.153838411900324
27180,41.86866619688586
27181,36.847781050566546
27182,36.82215105179231
27183,43.71547653192743
27184,41.10682101578735
27185,44.869601643071725
27186,49.88769730078279
27187,48.5723454609588
27188,49.9687816991473
27189,28.244575042804847
27190,35.63393608736181
27191,27.082389142026827
27192,26.906951403204005
27193,29.96941771606715
27253,25.925215324021615
27254,17.793667278738877
27255,24.674525322299836
27256,24.41804578392634
27257,28.319023581281325
27258,36.248309077384945
27259,31.12364486231875
27260,31.305834154159655
27261,23.04259522898417
27262,25.395574039354962
27263,33.54275892035153
27264,27.950235496887586
27285,38.52355409693382
27286,46.16984625515791
27287,48.61602800812494
27288,45.76897825837506
27289,41.269321856104526
27290,40.611876155258045
27291,47.25510048115467
27292,41.66502025128535
27293,45.34411553383127
27294,73.88012651131949
27295,56.40544362906862
27296,56.11968651949787
27349,29.599660993153755
27350,27.628840225806723
27351,21.04484354988008
27352,30.342814270725455
27353,41.12883172631337
27378,31.34757415063141
27379,33.56313644215041
27380,43.09645215258745
27381,55.912289577660296
27382,50.662623747660824
27383,41.20947622068285
27384,42.23407710799599
27385,46.35943387432051
27386,43.45998149826929
27387,46.11217893461515
27388,71.01027331874324
27393,39.37223998426966
27394,42.756193680473245
27395,36.38136122740206
27396,52.45341309754233
27397,43.006485519336685
27398,38.048075977632806
27399,52.36825757163228
27400,47.92485054009433
27401,56.9562856222974
27402,42.264059021291736
27403,53.686209268270645
27404,46.871032498802364
27425,25.65347075716202
27426,29.55038645734507
27427,42.46441493274977
27428,36.378979189799914
27429,31.644436931056667
27430,40.86229140907732
27431,39.50117462063099
27432,39.298980477012286
27433,27.674465474410987
27434,41.23204621444823
27435,32.07654815377974
27436,19.155866575593073
27437,32.169988774956465
27438,33.05575599162492
27439,41.78416921354202
27440,53.05639273727057
27441,35.7222055701431
27442,35.93287282650621
27443,54.067020050300215
27444,37.64193742752764
27445,41.23202001879908
27446,40.81766544895533
27447,36.664285530714345
27448,49.925739363629994
27449,42.68826113829754
27450,46.99476723197032
27451,50.47559648037305
27452,43.80511555230435
27453,47.47578045753224
27454,14.683499005484705
27455,20.551361668050525
27456,17.83282513775663
27457,20.020802431953996
27458,22.6084608790851
27459,22.556814336164514
27470,30.931908695629907
27471,30.134138188137186
27472,25.386805608335862
27473,39.22396324425144
27474,50.79462370983493
27475,38.82109757844672
27482,25.597476418294058
27483,39.90249889748564
27484,49.52524971683491
27485,53.814542278535356
27486,68.01206930177355
27487,80.00488582420267
27488,44.524506577063974
27489,47.10018276413396
27490,53.29305957320221
27491,49.3328694131507
27492,51.85247158722487
27493,50.74043129543613
27500,31.400418136327644
27501,35.35382350039967
27502,72.20601589503775
27503,66.55644079465951
27504,45.64591644051402
27578,27.62894945215509
27579,28.975619883115726
27580,52.42090959115157
27581,39.58295213703322
27582,35.237679451092696
27583,34.46823936119231
27584,49.38969534309028
27589,48.22657603416016
27590,43.4876668592929
27591,80.46063317617588
27592,60.64603857368044
27593,51.86111850001392
27594,61.99977562194702
27595,71.8205310302476
27596,48.646529048963814
27597,77.44445924754521
27598,88.41804533470754
27599,83.77830328763187
27600,54.331862060257194
27719,23.78125380260768
27720,28.315671471486844
27721,38.47673373048253
27722,25.674914605032846
27723,29.655429394941734
27724,34.81123372460728
27725,47.107960230020666
27726,33.56075862581987
27727,53.66108332297058
27728,54.68321829585021
27729,53.85946600288945
27730,38.67553831766196
27795,37.67994513058895
27796,39.147791659161065
27797,62.72745621899777
27798,40.976256960219274
27799,61.92196759734371
27800,69.44181523321184
27801,44.73713633785121
27802,46.074920634053726
27803,65.42671419249986
27804,55.43543363734767
27805,76.9705828676981
27806,54.21720930682086
27807,28.133455365753306
27808,32.268191881698755
27809,35.16627872969008
27810,25.044030007070432
27811,33.01575764438185
27812,37.60091035499775
27813,38.69298445882405
27814,34.898520085019115
27815,70.74287744235018
27816,41.08209145307519
27817,41.0866061968803
27818,65.80414441217081
27848,21.73964250808881
27849,27.741906705540114
27850,30.064285534622947
27851,32.67496990049937
27852,39.023949735025546
27863,35.78349744380825
27864,43.81175240324981
27865,50.37216083411926
27866,40.15411651082257
27867,38.75026009167882
27868,36.80510210317903
27869,42.89950314853648
27870,64.62843848034292
27871,74.72500661056043
27872,49.63787253184221
27873,72.34842728092734
27874,50.635389910352124
27898,30.90899979129641
27899,43.52331896253773
27900,23.313917249186545
27901,40.22648212578858
27902,21.58991260460374
27903,29.440891005996782
27904,34.21375854719237
27905,50.87592948391198
27906,42.71215780632303
27907,41.81319349259149
27908,40.444060115006664
27909,50.72521315146413
27933,17.596772296676036
27934,17.331492678627768
27935,26.69319263175599
27936,22.134713417277865
27937,26.055816858095625
27938,34.88343412340465
27939,25.41844108443526
27940,33.27428243671319
27941,49.898853215813865
27942,41.077425719842715
27943,40.4537929254395
27944,35.60352572455836
27945,36.32742124085674
27946,51.31576578410149
27947,33.588048222997216
27948,41.603960490360905
27949,40.094695151055944
27950,56.84784073609484
27951,39.323892582578864
27952,40.08806800469542
27977,60.74895616621056
27978,53.56314647749856
27979,43.82975882743728
27980,47.93214194234776
27981,42.520430923655184
27982,51.91662538583744
27983,82.78586808596718
27984,54.120920281599034
27985,57.67951747851763
28002,49.24505215370303
28003,37.86088489030721
28004,38.79693076966128
28005,36.09013371351313
28006,38.202282228301314
28007,55.30767794697824
28008,47.44029064089649
28009,49.57768512229551
28010,56.456701815492416
28011,86.51233426412173
28012,54.547413470145294
28013,56.33127856638905
28037,41.70059752241476
28038,27.787028990729905
28039,31.73635918433873
28040,34.70959635242665
28041,58.8600245779295
28076,24.486410174510205
28077,34.56824089326367
28078,60.414342042962815
28079,39.490495694161254
28080,42.95703340992232
28081,41.31301874710497
28082,52.789292301490605
28083,45.16856070624188
28084,41.51715405650621
28085,45.97092291828414
28086,53.50658662840104
28087,66.38496067075162
28124,45.371161738876324
28125,25.13135154162609
28126,36.43017199572396
28127,40.72084258633697
28128,41.17654890285214
28129,41.92598882253536
28130,46.504363501635474
28131,49.9226109031661
28132,51.73388218530941
28133,49.86743616271574
28134,62.53003592279997
28135,60.03119164071108
28169,28.569711724602996
28170,33.54928684654616
28171,35.520171273761434
28172,46.89757510589187
28173,36.74838980935689
28174,20.38235450804057
28175,28.517426005045976
28176,35.16722892381772
28177,28.866298371531613
28178,34.22678696575169
28179,34.5265944158143
28180,48.04190594413085
28329,25.361676365584646
28330,26.26124064680678
28331,28.50239891963248
28332,34.4640097874898
28371,37.25992503845211
28372,57.96985268918894
28373,58.01248209979098
28374,64.17639699048352
28375,76.38596875959468
28376,69.62236461571258
28377,48.90632989844811
28378,78.38285257659733
28379,64.41699819435016
28380,58.85618439021688
28381,62.682645593625224
28382,52.887960376719775
28399,52.08794230903893
28400,35.94524926891716
28401,38.65539198910895
28402,43.04496390100481
28403,49.70960860690624
28404,40.63192275320833
28405,66.36917739688646
28488,51.62589827485126
28489,42.602647846038025
28490,48.53082131068551
28491,67.86480259772702
28594,16.0853807238177
28595,34.85644840443045
28596,31.02070137707861
28597,29.255481941746126
28598,35.18785813946584
28599,38.55715077471676
28600,45.23136111682608
28601,43.3048550413803
28602,50.02116935722486
28603,43.55811981102425
28604,62.1161716109856
28605,66.35279976557656
28618,29.679717674793764
28619,29.544093514130026
28620,27.533494704297844
28621,35.931448658978034
28622,28.854116595833503
28623,17.52103059916481
28624,18.882060590173104
28625,20.057042503375335
28626,23.151198641003994
28627,27.072302081821768
28628,26.807022463773492
28629,31.66188974534419
28630,32.62323858341873
28631,32.25114242780661
28632,33.10567472831734
28633,44.813815056127346
28682,26.374014099159275
28683,21.202220656619744
28684,27.845384079454057
28685,28.699916379964783
28686,28.00737061166116
28687,36.94180441453401
28688,24.138775272391534
28689,41.96476873044734
28690,43.153953255514786
28691,32.78961361467854
28692,41.90576660608157
28693,61.37986747353585
28711,18.852102297085267
28712,24.106650731589667
28713,23.627738038413725
28714,27.948522632165208
28737,23.209852794107277
28738,29.75515789075559
28739,23.657895607226358
28740,26.51568160256292
28741,14.126427112361778
28742,16.7416705568145
28743,19.97022822932863
28744,23.305602439406623
28745,47.04394996605898
28746,44.124784622229384
28747,37.61597479516045
28748,48.98538158252189
28749,39.155514153808156
28750,70.48150426043162
28751,51.41703842373996
28752,63.03427798087503
28753,53.65502837779281
28754,58.18545806447116
28755,74.92714012998043
28756,57.037043955939254
28761,30.582617416630697
28762,41.24989708146341
28763,36.971145737072966
28764,29.805554352134763
28765,32.21989105591773
28766,38.524518412895546
28767,42.38268819083474
28768,52.67813038400891
28769,46.35798106510687
28770,44.02456961652737
28771,45.461069613111384
28772,49.136838345930634
28825,23.896193294572186
28826,26.99034943220086
28827,25.577672898271977
28828,33.15548600951478
28829,34.512435142639205
28834,18.569331381771597
28835,36.560717418315654
28836,38.52674989452792
28837,43.43992556695866
28838,59.06468079791792
28839,50.410679636137935
28840,61.447026108084714
28841,44.308370151694064
28842,43.60356877385423
28843,53.07609238743978
28844,21.535011549809298
28845,29.64249804949307
28846,23.546414524683577
28847,24.784780026622762
28848,36.176295853215734
28849,24.102258955504496
28850,25.85426807746304
28851,27.66441096375582
28852,35.51294965549262
28853,50.41291250263454
28854,39.78883838168162
28855,43.24226298399204
28901,34.34858740229403
28902,28.243030119001574
28903,29.71087664757369
28904,28.218968573402613
28905,31.503390216164824
28906,28.150986774545018
28907,32.3831058665657
28908,36.53877872499775
28909,46.97836375401111
28910,45.540049002017525
28911,37.18263876967531
28912,41.44125247265273
28913,29.204498132557447
28914,30.965209276499458
28915,30.97979114540812
28916,27.747506463369504
28917,22.12835752218181
28918,35.567387332802745
28919,35.72178534039801
28961,34.98174140186422
28962,42.83523514731021
28963,42.07702065388066
28964,36.453330956876634
28965,38.36968452549192
28966,26.22894979960465
28967,38.91819372382495
29047,28.35180537038329
29048,33.499537267323866
29049,29.02028959308796
29050,28.169280744299904
29051,35.26377186298855
29052,27.80520424685006
29053,24.581792658089746
29054,49.81768584343364
29055,37.45670659399585
29068,27.316512689041502
29069,29.611306520802714
29070,27.719717293697904
29071,27.854118828583374
29072,42.201564146445065
29073,43.405422436807214
29074,33.940698707142516
29075,31.660867173733656
29076,22.656610579744786
29077,32.31762889281426
29078,29.63078608405214
29079,40.617097296910906
29221,17.078197875156945
29222,23.13210861552882
29223,21.319750928666224
29224,19.135297086191507
29225,26.33660474244398
29226,23.618068212150085
29227,36.44602045851908
29228,30.10646886037741
29229,41.033912578364884
29230,36.47130102202444
29231,44.004190860829986
29232,39.6157083357164
29341,20.669320627264568
29342,22.030350618272855
29343,30.03102058039279
29344,22.912467916105186
29345,32.460215947039465
29346,26.061794048377102
29347,23.928986748822986
29348,28.765325371143867
29349,32.0424722365333
29350,34.52091585254805
29351,37.18992422118278
29352,31.14710607951045
29384,59.27951922368028
29385,40.89312222681165
29386,56.0816151768548
29387,66.61713052947273
29388,44.938245808295044
29389,48.77030113645957
29390,53.43379155456415
29391,54.40034286821309
29392,72.17584968619998
29393,49.80332756250237
29394,50.011925452656364
29395,78.24517482321097
29417,54.444390603436645
29418,65.47524002510248
29419,36.63580662771699
29420,37.865053115769335
29463,35.96712580286026
29464,38.15510309705762
29465,38.40444815267892
29466,29.754980959401664
29467,33.19158417556263
29468,49.579670416863735
29469,47.60136096746079
29470,37.16450689723429
29471,35.65150424715219
29472,37.57586250504869
29473,36.79661187854265
29474,38.04723828346864
29475,31.083905993362464
29476,33.271883287559824
29477,29.325757111013928
29478,22.8593795089663
29479,39.479364511849354
29480,43.85714410901312
29518,55.39728350845792
29519,41.14382812492635
29520,46.00407685527744
29521,64.65024126831575
29522,72.86309029098699
29523,45.83157399778973
29524,74.24712030301986
29525,50.15151140770101
29526,83.58975111303384
29527,85.756607179182
29528,57.89050841486838
29529,60.372133674537785
29557,30.29824704011716
29558,34.217225363953155
29559,43.5937716494937
29560,37.311481551005414
29561,53.06098892855964
29574,30.66219928669036
29575,38.76337851431778
29576,43.802960130355814
29577,47.97815321311689
29619,50.975026269553226
29620,36.746717591615514
29621,58.08001711402468
29622,42.18669854669117
29623,43.63919092674026
29624,36.822790426931455
29625,30.393224353860838
29626,47.01976771821497
29627,45.308207624488865
29628,71.29687702636197
29629,45.26976705291053
29630,49.08479013606428
29635,26.455511916845936
29636,32.10974150428409
29637,27.230812677114443
29638,27.69115059645638
29639,11.193218462630448
29640,36.006452505122496
29641,30.391972902277757
29642,43.85263450312596
29643,36.95601800160824
29644,55.18228075923354
29645,38.022466788220925
29646,42.059663121204956
29687,50.31150526316205
29688,41.496261287964955
29689,38.89206093197963
29690,47.47036851737637
29691,46.29011216063793
29704,18.381014536386935
29705,26.540221014611937
29706,31.11292665348757
29707,37.13477494869605
29708,33.22410634401177
29709,37.3040806397786
29710,32.18596894621023
29711,35.82367946010469
29724,17.372718264465718
29725,21.187005167719647
29726,19.98796170891844
29727,24.443147837555408
29728,31.672040491129508
29729,38.07398584151453
29730,31.453879926648035
29731,34.217663691443235
29732,36.959273310684786
29733,42.05969624081273
29734,42.785453642900045
29735,50.140929348702855
29736,23.044339969700097
29737,30.352464163516416
29738,35.60701259802083
29739,26.755333787112832
29740,29.198938989406123
29741,31.237217886269292
29742,30.56037818049878
29743,27.16675272325285
29744,35.457817299796524
29745,35.24887718104144
29746,53.72287260696655
29747,48.02026537817936
29796,31.307313665129186
29797,35.66052334256528
29798,50.52089484069387
29799,43.90036549463641
29800,49.56733018642482
29801,55.82243720638414
29802,43.64059523139746
29803,50.54607251267579
29804,49.40441992733266
29805,65.23618982469887
29806,50.20853334064632
29807,75.21619383376616
29817,12.084973854022948
29818,12.619056541842141
29819,14.807033836039508
29820,18.569674196372844
29826,45.379237924352616
29827,34.338484939912924
29828,36.74004096957079
29829,44.39900601985607
29868,14.814035751239715
29869,15.66856805175042
29870,17.243231117886374
29871,19.217575336956074
29913,30.483540908229855
29914,22.431224403189326
29915,29.41889898431414
29916,28.54030513820446
29917,34.96500261097211
29918,29.87894804350283
29919,40.31477884283306
29920,35.11842216985447
29921,45.967776371328235
29922,45.223915982219566
29923,41.01278926632534
29924,39.185779440465396
29998,25.739273164802693
29999,25.102253761859284
30000,32.48967654525512
30001,28.78197673919457
30028,22.094407711534615
30029,26.628825380413765
30030,33.244403805926474
30031,25.967388061154445
30056,13.159329485835435
30057,15.960621008094215
30058,15.481708314918265
30059,21.883653665303285
30060,22.76577096313563
30061,20.12646597308394
30062,26.500826326147333
30063,35.35602858877799
30064,21.704652490942564
30065,30.405975687582703
30066,37.21748155056986
30145,31.091905394557763
30146,29.92044693307819
30147,36.69874752781052
30148,30.6467216776813
30149,26.256538610813642
30150,21.81124653105128
30151,43.49724790273712
30152,31.987313933327606
30153,68.73594916079072
30154,40.73384146370697
30240,28.84135595904742
30241,39.6157324461045
30242,33.83062477550356
30243,29.565010176395333
30244,20.463730047941105
30245,39.00133781466414
30246,31.84836384000082
30247,34.86259227554749
30248,35.36690583307221
30249,65.51216379298512
30250,44.005361511188596
30251,34.41649577042614
30252,26.53003527397198
30253,35.49205407416648
30254,34.851257985052776
30255,33.490396786578785
30256,38.208808229258224
30292,20.00298107685866
30293,20.857513377369372
30294,29.685130642678416
30295,29.95393371244935
30415,26.72583679884786
30416,30.860573314793285
30417,34.995309830738734
30418,30.918088481860714
30435,18.834248559915792
30436,25.5290585256707
30437,25.477411982750112
30438,31.400444639959183
30439,36.44135999933593
30440,33.793466287099406
30441,33.123499203330056
30442,33.36497849389067
30443,43.85939231414243
30444,39.790818736468445
30445,47.203042912020294
30446,33.23935347069893
30452,44.16606106351344
30453,70.01187921646648
30454,46.11012781660752
30455,48.642044014796845
30456,83.90740710168485
30457,51.91754588893092
30458,53.97335164533463
30476,12.548881944771878
30477,13.909911935780151
30478,16.3115223051052
30479,16.552740377554503
30480,23.140733805745576
30481,18.875119206637336
30482,23.595584953322557
30483,27.73032146926799
30484,28.58485376977871
30485,21.359484567927264
30486,25.787085699242596
30487,35.94814795823827
30500,32.416431217880834
30501,51.05865900384029
30502,52.53699175392537
30503,32.20690465101961
30504,31.657139812830195
30505,35.74558698569345
30506,33.32422677046435
30507,42.12557373037469
30508,39.148745816260956
30509,56.22858320416503
30510,49.826690289641576
30511,46.61567424115431
30517,17.789011310491862
30518,15.129028069236131
30519,22.622033527855923
30520,32.081366933980775
30590,23.944620862895697
30591,41.65150193643433
30592,16.001480719658808
30593,37.88849608443019
30594,29.35787421951899
30595,30.660588651259438
30596,37.237133526071155
30597,39.77427063403724
30608,36.04297153338648
30609,33.52664269665084
30610,33.98793549634715
30611,35.246126961737396
30612,35.923846495719914
30613,67.34963911978238
30614,46.79495897451542
30615,59.73721785155786
30616,51.37035075151575
30617,46.24426444578405
30618,45.73534269676331
30619,51.73324353907843
30655,27.05751823571439
30656,33.459463586099396
30657,23.381156319068594
30658,58.756831041699186
30769,19.668397053656705
30770,22.655736653721533
30771,23.93753510448761
30772,21.246583571515345
30773,31.407645830511015
30774,35.328749271328775
30775,32.929373775158766
30776,36.55601574297398
30777,37.8863249682453
30778,40.38438568058209
30779,38.99794820388419
30858,17.335291287732133
30859,18.80313781630427
30860,20.0573512697487
30861,20.432970877083477
30862,23.234262399342263
30863,25.60828777134568
30864,29.52939121216344
30865,28.54398082848992
30866,31.452088888312538
30867,37.21313501331452
30868,35.58500747560189
30881,30.451818258963293
30882,35.30668554053398
30883,31.111095659726764
30884,30.655622286378282
30885,35.4491937697811
30886,57.30882355976534
30887,40.03772323853896
30888,47.797822809861046
30889,42.40586222239947
30890,45.24520802913334
30891,46.503008879480866
30892,71.95485920709147
30893,27.55485074125805
30894,30.862639954014398
30895,35.35741382743075
30896,30.80159974704719
30897,38.04222636578506
30898,48.70340789489676
30899,43.49371274007168
30900,41.25660528930788
30901,46.36882490103519
30902,42.97619977354045
30903,55.74489816978997
30904,67.14156216103088
30993,35.704758387716225
30994,31.759593401299504
30995,29.478084328748338
30996,28.806422346096518
30997,9.499406863489995
30998,39.496833360215184
30999,32.33445690917324
31000,49.962139208656396
31001,37.20613621852835
31002,45.63543111055726
31003,44.80429981444332
31004,49.20016322927746
31005,29.311359320066344
31006,38.60574134467413
31007,29.400113300057747
31008,31.244640286214334
31009,18.67471202292993
31010,17.210388946080485
31011,21.958439690087324
31012,27.106171587027895
31013,25.03382580897023
31014,27.86270232855063
31015,13.718543805211464
31016,27.27098057703458
31042,29.615036600902705
31043,34.03970479512644
31044,36.37138038534188
31045,35.33813406865055
31046,31.1082040594249
31047,51.88136487346746
31048,41.43877804691388
31049,45.44335341900136
31050,48.607382537138974
31051,62.70523486142487
31068,21.42803752771158
31069,29.428707489831524
31070,35.10701928574557
31071,16.204720854744785
31072,34.05811684716004
31073,38.79478186566556
31098,20.554074909517453
31099,23.703401041789377
31100,30.077761394852757
31101,27.652089479928755
31102,32.90663791443317
31103,31.887269308592337
31104,33.56107912559991
31113,36.1025561199163
31114,43.11781569836275
31115,47.252552214308174
31116,35.84905369306343
31117,23.021431966445235
31118,17.343140833408135
31119,26.305159633602628
31120,33.799331905224996
31181,14.874020192285947
31182,16.66231633354959
31183,22.929860149049134
31184,24.504523215185102
31185,23.30547975638391
31186,29.57302357188346
31215,21.866445853593618
31216,35.98061531991429
31217,34.14004647550885
31218,44.06638805794753
31219,49.497962413699746
31220,42.52452103513248
31419,28.965074624227185
31420,23.208213535484987
31421,27.050765150674053
31422,42.431363276625326
31443,34.04900959187204
31444,48.838124766020066
31445,30.08991692313181
31446,30.0342248401657
31447,28.213421491438034
31448,39.98154875177268
31449,49.140721498081035
31450,73.34772586745892
31451,51.144627904475655
31452,41.42979217836304
31453,45.14331668262374
31454,44.98869496451836
31483,49.570958989915255
31484,37.09176156983853
31485,47.140057132086675
31486,42.331791702521265
31487,43.42377293066455
31488,27.273600460266408
31489,37.11421310657058
31490,25.792252131446006
31491,42.39797710697995
31492,40.14537740844025
31493,53.661232613693564
31494,67.46814423325175
31495,49.68063917187838
31496,41.5093767308517
31497,56.2323154129588
31498,48.67847448755492
31499,35.416961917922464
31536,32.025501028487845
31537,36.51980315524583
31538,36.17615547595883
31539,59.74338881043658
31540,27.88505787743513
31541,63.88584498264042
31542,32.528139206542185
31543,53.06872716976233
31544,52.79168367437148
31545,61.80320895901433
31546,46.323939415105
31547,63.04815202503643
31548,23.925934251169462
31549,24.567387035428705
31550,51.841967543469636
31551,33.258437183915845
31552,46.59248853577515
31565,27.937134048198242
31566,27.940250682496167
31567,34.92932904884024
31568,31.220274176510117
31569,36.966486193535395
31570,47.16563692033878
31599,25.128918362481343
31600,29.770152568924352
31601,36.97146022517682
31602,28.774823805480494
31603,35.63399494310093
31604,30.872260613712918
31605,36.23579713061057
31606,41.666356931885524
31607,41.6563369649779
31608,42.258278293108894
31609,40.81012757832446
31610,43.772491596986875
31627,28.473565436892912
31628,31.607515402001397
31629,31.29263383828866
31630,32.99111905235491
31631,37.91590929702792
31632,64.37407654175495
31633,66.60501125573411
31716,27.581484119304076
31717,33.23026324515267
31718,32.69580905460134
31719,15.393088472676663
31720,37.25878585221564
31733,16.795506200341162
31734,19.30393310723004
31735,25.89544998714378
31736,35.257149940272
31786,17.849865624790255
31787,20.492694066564603
31788,22.46703828563429
31789,29.375481326516876
31832,48.651437669814946
31833,52.25209149794119
31834,49.99670012123937
31835,47.1737326425921
31836,68.04674151263691
31837,51.353021144849926
31838,80.99028765159899
31839,53.74802403435758
31840,54.48040192654936
31841,80.58926936900788
31888,31.93943414805942
31889,42.275905916415674
31890,40.08325993619861
31891,37.635513121116986
31892,37.91375173652216
31893,39.75301008373425
31894,47.546687714222486
31895,58.137645251716044
31993,58.064508822622784
31994,52.187124933401336
31995,61.72702888781701
31996,58.40270940217384
32014,28.14269475619235
32015,21.130958629468594
32016,28.01181667302955
32017,27.6452858323092
32018,28.107743896260743
32019,26.56816269700743
32020,30.71157411867675
32021,36.72513102817043
32022,30.268531401714775
32057,30.02174703927318
32058,22.582744762294055
32059,25.143585461545065
32060,23.231973648375153
32061,30.143515131260394
32062,32.8461054756409
32063,29.886743190569767
32064,26.415304563035896
32065,30.969611177126147
32066,42.78858358690118
32067,34.97389926371455
32068,34.2306509512195
32119,16.97798497373269
32120,17.832517274243386
32121,20.554577256259954
32122,24.289632619271664
32123,27.7594083642351
32124,33.120773336303344
32125,36.535379086623536
32126,33.603209481201965
32127,27.24301747340234
32213,37.95395870583277
32214,25.315577988992487
32215,29.45682265587962
32216,28.941419806129858
32217,29.231403353013135
32218,46.23855566581903
32231,21.69140065222268
32232,43.25033112884721
32233,35.319606515323926
32234,36.89249558847149
32235,51.747418623965004
32236,26.363148486649045
32237,23.231669196792765
32238,24.75063988230147
32239,35.34590522918848
32240,24.35998724983039
32241,38.99377606609196
32242,36.81623719988564
32243,23.616502557885894
32244,37.69160414696598
32245,41.36408499387389
32246,49.51507643029498
32247,43.5587572858746
32353,23.299276122054493
32354,22.52749881350865
32355,27.75798570241411
32356,26.372894165806862
32383,18.035082596645953
32384,19.42369758497586
32385,20.491862960614245
32386,21.98729448650801
32449,19.190636811004453
32450,21.699063717893345
32451,21.540600637408915
32452,22.929215625738834
32453,21.51653909180996
32454,26.771087526314375
32455,35.81233786675108
32456,29.813597121022447
32457,28.535322121979043
32470,31.757874376288214
32471,34.64480304973785
32472,31.338633810377118
32473,35.13824098371142
32474,38.59152024136243
32475,53.841980175364704
32476,47.11881715556567
32477,55.27084208048559
32478,48.969339973816005
32479,55.52921887713101
32480,55.04696227372873
32527,42.29440400405586
32528,29.493999418874814
32529,33.133946096131105
32530,33.70392637173331
32608,17.653596228124904
32609,17.974045840816423
32610,24.482807728765273
32611,22.511986961418245
32627,12.647975987179137
32628,17.182393656058302
32629,29.951592259283196
32630,19.749379382586852
32713,27.6899115814591
32714,40.81072844319797
32715,21.082183786413616
32716,28.969666720211045
32717,32.24723376959885
32718,34.28186556354488
32719,40.011138457905695
32720,42.20783387474718
32721,40.64704197824402
32722,40.49477813690484
32723,44.54021791851331
32724,70.69629755011029
32725,28.57596841559593
32726,36.79027145284355
32727,30.49866609174503
32728,34.60412857694485
32729,42.02243689569866
32730,35.51211860837043
32731,31.837487890126354
32732,47.67165374932241
32733,76.89907031284365
32734,59.16230172537848
32735,64.06383743970731
32736,57.11911121041022
32741,20.441770625942198
32742,27.429445207066998
32743,25.6170875202044
32744,25.058943286786253
32745,36.37765730388962
32746,31.980112114274682
32855,31.597069410724714
32856,27.865537499435675
32857,32.00027401538112
32858,29.06810440995954
32859,32.588137412376966
32860,28.452731236952346
32871,2.8462012797039558
32872,3.9143666553423566
32873,5.382213183914459
32874,7.704592012997296
32875,16.025711587808757
32876,12.294179676519718
32877,21.12179694182874
32878,15.22987273366396
32879,21.63181808404898
32880,24.454833007711905
32881,23.14622771438252
32882,25.273372783854917
32901,22.64026027020624
32902,25.975634480284214
32903,22.857416797056587
32904,25.55189178175152
32905,24.65897252949411
32906,31.901017910234216
32907,20.20915326678715
32908,34.02639924863114
32909,56.90542452918597
32929,39.70716243344033
32930,45.06852740550858
32931,34.20641036145552
32932,35.5623156032464
32933,35.37401848644031
32934,36.106615951041015
32935,42.149120778738215
32936,59.86973183380192
32937,37.27889596346531
32938,46.816067078026094
32977,13.761961751272615
32978,15.657074430100096
32979,15.684659427421721
32980,17.979453259182925
32981,18.327487869196077
33029,40.88727846721082
33030,19.004630170685317
33031,38.39140925790913
33032,44.13165071620088
33033,37.93988310634673
33034,41.02404378323766
33035,41.63678422509527
33036,46.35328479939765
33037,49.341506315903075
33038,42.29799745575103
33039,45.412386443258185
33040,51.22438349222829
33107,47.185269374751506
33108,41.879265178637844
33109,46.099016034675664
33110,61.32578429444183
33111,46.08650071114207
33112,58.55399589964736
33113,47.93038200110206
33114,54.0348241861149
33115,42.337712580826725
33116,51.52210654835307
33117,52.72009029636106
33118,55.72934208085728
33119,28.02935338662494
33120,32.664124306749336
33121,26.172653208345594
33122,36.98822578591747
33123,34.159501620775366
33124,33.260935771963624
33125,52.64571551701286
33126,41.83217624493489
33127,38.59597553760965
33128,49.81280154144063
33129,39.95635569716823
33130,41.344142941720285
33135,32.70304273605335
33136,27.112200166389457
33137,29.426319606262325
33138,29.43755906032655
33139,31.825892871539786
33140,26.614890224610214
33141,47.65299455651523
33142,43.203449628023286
33143,42.29059848394057
33144,42.5970745815089
33157,36.4523457359977
33158,41.747919903821156
33159,34.69754074683884
33160,43.88371549026982
33161,46.10741527421214
33192,21.182407959608867
33193,22.757071025744835
33194,24.73141524481452
33195,28.866151760759962
33196,28.600872142711687
33197,27.536230218795957
33198,31.56415019717756
33199,41.42139733090667
33200,30.8161620799292
33201,34.10565013108884
33202,39.32709798294578
33203,42.518030761285246
33204,27.727412217767615
33205,22.365466017284874
33206,29.24590752896409
33207,23.011893537091986
33208,39.228805967362696
33209,31.801840202745645
33210,30.124517280538043
33211,36.611623814373736
33212,30.337603681427154
33213,41.19162012705919
33214,38.380932757074056
33215,31.81466113310607
33228,24.790110439837477
33229,28.09789965259381
33230,27.00567273135647
33231,29.80696425361525
33232,26.981611185757508
33233,27.43646233333449
33254,25.521900536293554
33255,24.777708225069343
33256,30.098879958159678
33257,32.91188689993749
33258,15.427393537425747
33259,17.243274676011
33260,18.525073126777077
33261,20.2341377277985
33262,23.2102382599357
33263,24.278403635574094
33264,23.506626327028265
33265,28.36149360859895
33266,24.09587900949071
33267,22.097473244822048
33268,29.27119590375291
33269,25.51207899514224
33270,30.992889434051584
33271,32.880409653817495
33272,31.64583828114243
33273,36.00054157517777
33274,22.678770865920242
33275,20.359915488560077
33276,34.521312728615726
33277,29.85601697657377
33278,31.254601354725743
33279,31.372126637264408
33280,27.202161882105365
33281,37.27777307281888
33336,38.5800268163237
33337,31.382242611793885
33338,30.643545698722185
33339,39.90248935830839
33483,18.706895677132678
33484,21.80105181476135
33485,21.428955659149246
33486,23.61693295334662
33487,26.445809472927017
33488,27.70002292637146
33489,37.24777095730574
33490,31.249030211577114
33491,35.200974484595775
33492,44.0285917499048
33493,28.351128269692794
33494,56.656738287394965
33495,29.564663333243864
33496,33.55582626416795
33497,45.5210698424429
33498,42.77858891591906
33499,58.867785627362245
33512,35.225677713027615
33513,17.492035145257326
33514,29.312168628746768
33515,28.052828125261854
33516,49.019293741593
33517,43.90629559912802
33518,39.664281739466695
33519,39.85718086702179
33520,46.99427883410714
33521,53.6489363895235
33522,63.096075100752046
33523,49.869241178760994
33528,29.853719741439747
33529,33.07856689906011
33530,39.699995346577694
33531,38.28792209880557
33639,14.158779186861295
33640,17.78701801230916
33641,17.015240703763325
33642,24.53699797270732
33659,36.85482519835603
33660,32.67543680034807
33661,41.05250554851295
33662,41.76883930775136
33716,31.037885986633434
33717,41.919079011254354
33718,33.17672240689842
33719,32.86266281466351
33720,41.895233501768786
33721,33.07189290560025
33722,57.663623597540976
33723,50.78704222312051
33724,41.093727997858096
33725,63.45321435152543
33726,45.30169262615711
33727,63.981225990575
33958,21.055851838698885
33959,20.49770760528073
33960,26.2587537302827
33961,27.299334108599474
33962,19.060969525752895
33984,16.804075471649746
33985,23.81933505009618
33986,23.554055432047917
33987,26.861844644804265
34035,14.569923206830858
34036,15.5312720449054
34037,16.91988703323532
34038,17.560786258618343
34039,20.975392008938535
34040,23.56305045606964
34041,27.40492235664518
34042,26.712376588341556
34043,26.44709697029328
34044,29.462021567679756
34045,35.86396691806476
34046,44.398719568003905
34047,48.81466180822229
34048,39.36282519078056
34049,66.16336204708385
34050,67.37427935685902
34051,72.19425308951084
34052,44.028391586384146
34053,45.76719713430835
34054,47.8536293840816
34055,50.33620706398787
34056,79.9786791607538
34057,84.5377231205136
34058,88.94655965440327
34063,35.15094814884064
34064,31.252381031234414
34065,39.29265649898411
34066,38.75080456513227
34067,40.49033523196193
34084,22.633670082449306
34085,21.034945470714383
34086,27.650523896227078
34087,28.718689271865465
34088,33.57355655343616
34089,30.028072719953173
34090,32.85383389047763
34091,27.607201288900434
34092,43.37259272879678
34093,34.34998375711681
34094,43.457759380887794
34095,51.84426014124863
34108,31.45040560737727
34109,33.8520159767023
34110,30.573432867842236
34111,36.182302302083976
34112,42.5641967733889
34176,26.10992875082438
34177,24.404387601525627
34178,20.566039152672744
34179,34.561801074864235
34180,28.459708111104767
34181,34.018212322373664
34182,36.27547912314887
34183,33.159874636408105
34184,36.25121732643116
34282,23.47614479530364
34283,16.970906359077446
34284,24.89234478095517
34285,27.721221300535582
34334,15.221900601733214
34335,26.13067862367578
34336,29.972550524251325
34337,29.521222828397008
34427,44.266636478811144
34428,49.454387375901085
34429,39.97899355651872
34430,53.74401014491497
34431,47.28870312216452
34432,40.5282466674646
34433,46.07645009226438
34434,26.164628123962657
34435,35.124866190692146
34436,34.721939007757406
34437,37.07097644240105
34486,35.516682764549024
34487,41.997859655176256
34488,48.77190116117338
34489,41.1468508063882
34490,36.27880914479115
34491,48.48133737174789
34492,45.59750230171253
34493,40.18252471746094
34494,41.8283903903721
34495,42.84139080131252
34496,49.923233814166856
34497,47.23586344597065
34538,12.536314899297604
34539,14.031746425191354
34540,15.954444101340467
34541,20.91612792047498
34594,37.85121581410654
34595,31.7529500318579
34596,48.87039754945034
34597,38.38514791318927
34598,18.232615849602887
34599,13.967001250494654
34600,18.90110007230755
34601,24.076416966569745
34602,24.930949267080464
34603,29.172502320589736
34604,30.747165386725705
34605,26.295502709811416
34606,28.08542735560168
34607,30.054167005672532
34608,38.64369971828522
34609,46.076029234682885
34610,32.313860688427646
34611,33.674890679435926
34612,32.80680173636107
34613,36.2359840934586
34614,38.65445969980577
34615,35.996538154340584
34616,35.99331493415754
34617,22.32661458624984
34618,28.542511858828803
34619,32.99769798746575
34620,31.82623952598619
34621,35.541919003468216
34660,22.99032013101329
34661,23.76562089128179
34662,20.14090551755659
34663,25.395453952060997
34664,37.291573149722126
34665,37.84818258446787
34690,17.909865393751964
34691,22.578684597516606
34692,24.766661891713966
34693,25.407561117097003
34694,27.488721873730533
34695,28.370839171562857
34696,31.81302991920468
34697,38.001342194462026
34698,40.144158374423355
34699,39.231980258511115
34753,14.315111153592028
34754,15.88977421972799
34755,27.91836416022953
34756,34.50635758842059
34757,20.32089880276598
34758,28.28945208758531
34759,46.31464666378499
34760,34.11339778358783
34761,53.698092503618774
34762,37.319073632071245
34763,43.555183717240645
34764,38.87255473162921
34806,22.511757767654803
34807,28.007524274608524
34808,33.79615539693213
34809,29.654890147082604
34810,35.2988851643463
34864,21.33781536939815
34865,23.038269320748405
34866,32.214839880143884
34867,32.27719551642397
34874,27.555048171454782
34875,29.157296234912366
34876,28.910612538889232
34877,44.59009403774858
34906,30.612978481778804
34907,24.214556583116455
34908,27.763167063592057
34909,30.475995405275107
34910,33.898775080013614
34911,36.963819735726396
34912,25.877365726600686
34913,34.890751371732385
34938,39.006417847355834
34939,31.66697202482304
34940,32.07021525085513
34941,44.31238370805103
34942,32.46993171848144
34949,24.612459271066967
34950,22.9069181217682
34951,28.168030613427483
34952,28.471384990789993
34953,27.81574752565652
34998,42.91568753186228
34999,32.6795714902765
35000,36.17349807045692
35001,31.107606470383303
35002,50.46276766386317
35078,39.322103140606565
35079,26.20480973059035
35080,27.453432256235345
35081,35.79555662164841
35111,20.805254382883554
35112,21.87341975852194
35113,26.542238962286568
35114,36.16714327651192
35115,21.2165998536098
35116,20.295017621042035
35117,39.337494836664824
35118,34.093404924543506
35119,42.326741064712024
35120,33.71953308692557
35121,37.2872869775775
35122,45.78034548906079
35177,27.16964685995509
35178,37.66253847415519
35179,32.347509823805964
35180,31.763752331470435
35181,50.325528152876124
35207,30.91896228403362
35208,29.826735362796263
35209,35.072142800829866
35210,25.152137216154642
35211,27.73741291577918
35212,34.32872050567712
35213,36.16887767418467
35214,41.57117550388897
35215,38.30175322238641
35216,47.36102286465514
35217,42.733772513660206
35218,52.74926704851582
35277,32.29229083385495
35278,37.37415459892007
35279,41.80738306984729
35280,56.22260047496063
35281,46.18058275662943
35282,41.9312922882171
35283,47.3794029951011
35284,60.36453293442485
35285,71.16613646698372
35286,46.480404427848846
35287,33.99298066689674
35288,35.02817539847805
35289,38.24197231375682
35389,37.72902553556076
35390,40.423500520255686
35391,25.137420469389696
35392,39.93000938720837
35393,41.04203012749234
35394,25.90205762091302
35395,38.70422660365331
35396,40.15540320924235
35397,44.361979405871814
35398,46.330797474312725
35399,46.583029226643944
35400,45.77912343269218
35401,29.887794775058282
35402,29.504460481943234
35403,39.67499960028042
35404,31.624576289075783
35405,48.834257451179475
35406,47.4770531686812
35407,41.257622730471354
35408,59.35656768995141
35409,49.20679115928313
35410,40.90577761703302
35411,46.64410205828173
35412,53.65029364212182
35438,24.266602150410513
35439,35.22702671527367
35440,55.18526315703572
35441,32.031585031079864
35442,42.020082048369716
35443,35.16060055562603
35444,45.59081895292242
35445,48.02873952631826
35446,41.824594035301246
35447,71.03631925711495
35448,68.20967880762757
35545,70.43395772044737
35546,61.14895469749179
35547,49.099840195170486
35548,59.33700796996198
35549,72.71857913483271
35550,57.65804896236704
35551,68.56594104102003
35552,54.642764364408755
35553,73.74330448810845
35554,81.9679306744696
35555,57.81784151684621
35556,62.987327394575274
35557,26.662752349561135
35558,52.50197475676887
35559,33.749185852720345
35560,35.78211672151409
35614,35.13355604076648
35615,50.01508404644739
35616,32.75411010471576
35617,44.72239934300918
35618,40.85166663482392
35619,36.07962202538082
35620,33.35188326982706
35621,23.463790598305543
35622,19.51862561188883
35623,31.91931170800246
35624,31.76084862751803
35625,28.322181331598884
35626,26.775275668118226
35627,30.54790956655126
35628,31.699116086474596
35629,36.234320060608624
35630,14.908336382023606
35631,35.12298754426234
35632,35.23705582831531
35676,38.99851775589014
35677,38.1733791060524
35678,46.51599372132891
35679,40.95793709265572
35680,55.17191262973842
35681,64.39318752105196
35682,50.169050633963735
35683,47.07797663820965
35684,72.30810240627282
35685,52.76201409351653
35686,68.21741605884809
35687,54.26056907430789
35706,29.308898037868197
35707,30.16343033837891
35708,35.31116223531948
35709,14.282222928818634
35710,20.10910592281148
35711,23.20326206044014
35712,25.882524761133297
35713,30.82361289107193
35714,26.688970806211827
35715,16.704478340939822
35716,35.79255145428795
35717,46.74789530732273
35718,24.01626332131464
35719,32.12374982099841
35720,26.891265495318173
35721,29.263605416840285
35727,23.40828339795501
35728,32.3703021981495
35729,11.323530477889598
35730,28.55240567350148
35731,35.46312807105885
35732,39.523054028745676
35733,35.17403758801135
35734,38.470176158419335
35735,49.23983550162849
35736,43.889937366684784
35737,40.03508243684456
35738,39.35917342185504
35745,23.705099406902278
35746,22.10637479516734
35747,23.68103786130331
35748,22.082313249568386
35749,23.150478625206787
35824,25.46871114249918
35825,26.323243443009893
35826,20.031638081911375
35827,22.72611306660631
35902,16.524220299641186
35903,24.183902555193306
35904,27.598508305513498
35905,36.588112103029616
35922,27.614310626409036
35923,29.082157154981154
35924,16.38072607732598
35925,35.16245438851939
35926,28.094903862475242
35927,36.82880172749545
35928,35.90691255030225
35929,33.241940693071605
35930,38.94780720155998
35931,37.14872308559407
35932,39.619163022943866
35933,39.105174713462745
35974,26.03038934706894
35975,29.84467625032284
35976,32.03265354452022
35977,29.741383164481668
35978,43.66156233208803
35979,28.035831518104594
35980,40.73615374444278
35981,34.65633542654725
35982,57.37132339242881
35983,39.85053221577396
35984,41.274641799745716
35985,43.40356724221238
35986,17.89367574614501
35987,29.550169531034456
35988,17.902968095000713
35989,34.75990941964065
35990,38.94500882026099
36068,24.287455462479105
36069,28.69695716306108
36070,38.98107010488321
36071,34.55093852871135
36120,33.67728007686704
36121,30.881654509215345
36122,41.02173639015443
36123,33.781733635570966
36124,65.70958477593649
36137,30.478360679224146
36138,38.79948025403559
36139,30.853980286558922
36140,34.19884442296415
36141,37.15853074735098
36142,34.18985652804258
36143,37.88870359606422
36144,36.679012602523855
36145,47.72397432337805
36146,44.61886785236929
36147,39.76515113583379
36148,62.738853646943355
36192,34.66973914203638
36193,40.67510044408764
36194,43.14418009547615
36195,38.63351175371644
36196,53.77595486256738
36197,64.57558088924627
36198,43.91068869195662
36199,61.10259770273028
36200,55.55182326889655
36201,57.094253165838246
36202,81.85127865281716
36220,31.076870715194104
36221,25.665146329927843
36222,18.746120489013784
36223,34.195938201760875
36224,29.694175451670965
36225,25.54774623066492
36226,42.19993959148979
36227,34.55895503379433
36228,45.662863868172835
36229,43.99776156406502
36230,45.94508731500751
36231,41.67636816908858
36245,42.47811074269307
36246,38.66734729116181
36247,38.37937334901781
36248,39.122096114089764
36249,31.527168947903732
36250,54.4517197221168
36251,37.30000173390848
36252,37.46019291033515
36253,36.927455308809556
36254,39.31901878455402
36255,35.666718413507176
36256,29.95844527483795
36257,30.328928905420717
36258,33.2181858755605
36259,33.62234394875343
36260,30.41550062797301
36261,29.888537056405227
36262,35.66323313291833
36263,39.05128113845873
36264,39.867180779511216
36289,12.3612868807191
36290,12.788553030974455
36291,14.390801094432042
36292,16.392730310823353
36293,17.86057683939547
36294,20.04855413359285
36295,26.02323333372251
36296,22.078068347305788
36297,26.719302553748797
36298,27.573834854259502
36318,30.34806561695629
36319,32.42922637358982
36320,25.780959597048735
36321,35.85221051327871
36322,33.99629104122038
36323,26.734566731453874
36324,46.92978279300461
36325,36.21538738744845
36326,46.92371174423497
36327,39.28773185779827
36328,41.10994373258751
36329,43.705405455201856
36330,57.569206654202326
36331,44.30830824123842
36332,51.001703514661706
36333,58.48206420502989
36343,24.781495301173294
36344,7.951957188893367
36345,27.064760359290837
36346,28.643914930226373
36347,32.68222870598105
36348,15.128941142679516
36349,11.815575327914978
36350,43.930359482669736
36351,45.283800478587594
36352,38.56796123956544
36353,35.9404419294005
36354,40.27691758244207
36367,19.226726527617124
36368,34.48035068891013
36369,29.601421861740484
36370,26.882885331446587
36371,32.13743376595101
36372,33.531565472785765
36373,26.382505524454565
36374,42.43346784485022
36375,35.91280712431419
36441,26.05399177148586
36442,33.411539833997345
36443,45.36523188656643
36444,32.54041124062682
36445,42.9609633039466
36446,37.68023927138373
36447,38.27121287604785
36448,43.8236199941945
36449,64.47049308178269
36450,80.90394772315157
36451,53.552804532815856
36452,44.58708168497783
36453,22.135634389192965
36454,25.38142813418068
36455,36.23123757341834
36456,34.673565095069605
36457,30.7090679121276
36458,47.98335163522804
36459,40.79153045853518
36460,49.399529460527596
36461,43.732935023704215
36462,57.2200135000267
36463,52.598131589149574
36464,48.11259592903771
36523,14.711266560235856
36524,17.54014307981626
36525,19.914168451819684
36526,31.170981083775388
36601,27.75185856813706
36602,35.35284737732325
36603,21.408606664117954
36604,41.062246959404646
36605,39.26696700196786
36606,33.196778844315546
36607,42.51891050444726
36608,33.25716480282786
36609,39.922453925091666
36610,38.0901292355032
36611,37.80358796009413
36612,38.572071765539015
36618,38.322881439652996
36619,27.81908771865253
36620,33.02643051588792
36621,44.70243819002712
36637,39.1629632656641
36638,36.55124327293403
36639,50.68505551566805
36640,42.04972744881827
36641,35.04684666193668
36642,65.29541779741116
36643,37.8527983180554
36644,56.28729627335985
36645,50.279456905797566
36646,71.30174744078452
36647,36.52630115453063
36648,40.47498959267003
36649,40.10289343705792
36650,44.63731110593707
36651,45.99834109694536
36652,49.30613030970171
36653,52.61391952245807
36658,42.42092926766988
36659,41.573403175767574
36660,42.98265903833401
36661,52.9828330112288
36662,46.91545513129246
36680,35.497422619390804
36681,33.65207194655341
36682,34.54262101838815
36683,43.35060552969948
36714,25.922960579577595
36715,23.659275196860673
36716,35.181367446864655
36717,31.176016239465717
36734,42.94660073012934
36735,39.64877406185137
36736,43.76901324794283
36737,60.857257232122976
36738,72.06552861032345
36739,67.24152474217838
36740,45.516431881373386
36741,56.65992914256797
36742,47.8574468972047
36743,45.19551789026669
36744,74.74789064904743
36808,30.655028928237982
36809,29.28359365357292
36810,14.815916450079555
36811,31.73918647265898
36852,26.36988773419124
36853,25.898760614929923
36854,7.445591655680904
36855,38.684202964831115
36856,29.613312528551646
36878,18.823247968325845
36879,16.824842203657198
36880,19.519317188352126
36881,28.34693445366115
36882,25.94884753605877
36883,36.21672633261829
36884,39.0456028521987
36885,37.95337593096136
36886,38.243588973312924
36887,31.425985182067564
36888,31.758353813174068
36889,31.005461401547343
36890,35.426994556168644
36891,62.73480894753057
36892,42.160009803270576
36893,39.30142141174416
36894,43.45523966468085
36951,33.555367228340614
36952,25.989079921203185
36953,28.67227784107449
36954,39.948611222192206
36955,30.319694581258297
36956,57.92227473780572
36957,37.95876811354893
36958,34.54568946094133
36959,39.491148601390556
36960,36.65827591504395
36961,45.29611162577218
36962,43.91184221270574
36975,26.210640656048458
36976,43.63779585579593
36977,47.32252184191676
36978,61.15752738284736
37010,14.68081578299784
37011,17.482107305256633
37012,18.33663960576734
37013,17.24441268452999
37014,22.52654611635603
37015,27.967142628666494
37016,27.887911088424282
37017,25.88950532375563
37018,39.57968113946389
37019,35.24317772659691
37020,23.822241813348143
37021,37.95995687851498
37022,39.526268079933466
37023,56.356366259443455
37024,32.62508625038261
37025,39.15491685963652
37026,41.29995293225003
37027,50.34749304207461
37028,41.35524241637926
37029,49.231435080563394
37030,47.82092556196628
37031,44.12169279740483
37032,60.15663181950054
37033,69.55184973582622
37034,33.103579976320454
37035,27.824969996217078
37036,34.91946111490572
37037,26.06778230399774
37038,29.477496132068588
37039,33.88318769047677
37040,29.465617028646754
37041,30.363775227737193
37042,18.952022967019744
37043,25.860466007902332
37044,26.74258330573467
37045,37.06347325645009
37046,31.94288548814899
37047,31.150912856558755
37048,31.170580183759355
37049,35.99779539973571
37050,53.087223527643786
37051,41.77910177796973
37052,36.558910818283934
37053,37.59079661773722
37054,36.09888854356614
37055,38.56268493614928
37056,45.77039634884542
37057,51.78240365500124
37058,46.29016059977018
37059,43.3692496692286
37060,40.981804924019734
37061,67.09639249241214
37074,30.78478828079519
37075,41.85202938322216
37076,29.933779432007135
37077,32.12175672620451
37078,29.627150711530383
37079,29.7830784660459
37080,31.82935119559061
37153,24.169975206468465
37154,29.10407402828136
37155,28.225480182171694
37156,33.852885238241576
37157,32.21183042533011
37158,31.30521795120368
37159,35.58203281355014
37160,42.0832004193431
37161,40.611579116186356
37249,23.10593315224559
37250,29.587110042872816
37251,26.975390050142757
37252,26.302424092369087
37253,31.42561434454734
37254,38.81390395501705
37255,32.20607379860454
37256,31.508279652924166
37257,60.248107838749696
37258,36.42496411316417
37259,35.59242691811969
37260,45.02482833256128
37261,16.613967890124144
37262,24.82827092737177
37263,25.417523609834213
37264,27.712317441595417
37265,22.43370746149204
37266,26.782077052565157
37267,24.204895111997814
37268,34.4972724257793
37269,33.47969489288455
37270,40.240928271061634
37271,40.52888962017497
37272,40.4699372116788
37308,33.61665678923583
37309,40.60433137036064
37310,44.81829942654829
37311,30.13202912985995
37398,32.02016431325964
37399,34.036075397279106
37400,40.03654150668202
37401,45.10744561491704
37430,22.00406690898636
37431,28.27161072448591
37432,27.713466491067756
37433,29.31690537952762
37434,29.68384275332597
37435,34.87949123823095
37436,35.71691153149336
37437,30.770809730779796
37438,27.250783001109983
37439,42.55505624365668
37440,45.09830354952656
37489,28.400757740625593
37490,55.72652063785687
37491,43.31467159463208
37492,44.87118006970408
37493,32.0596367399363
37494,35.80031989915218
37495,37.47499035145291
37555,27.462852861540078
37556,27.49043785886171
37557,25.305984016387008
37558,34.026784744132186
37559,23.22834671147615
37560,36.96247780127643
37561,38.06958847331545
37562,36.78613887614438
37563,33.407342867869446
37564,46.18273228685201
37577,29.671354078980677
37578,26.300216201355653
37579,34.412935378300844
37580,34.15794353643466
37581,38.87899218760068
37653,22.713546891314714
37654,34.90059991230067
37655,34.18109318373417
37656,31.979818960970064
37657,31.199671921505505
37658,33.70786802902298
37659,45.9685045710093
37660,55.168105481762055
37699,36.41950670085397
37700,39.20035631160258
37701,36.09786361395247
37702,36.2990742412296
37703,62.53171924751656
37704,42.592818646466476
37705,46.79666967267304
37706,57.04164064328887
37707,49.29240482240666
37708,43.2906455000714
37709,49.26987984432767
37710,61.72193385631279
37756,41.86479596872144
37757,47.732658631287265
37758,40.000791738938254
37759,56.286116222034906
37760,39.83780349494858
37761,54.80474778026429
37762,49.15872843779713
37767,29.202507693502042
37768,34.3502395904426
37769,37.94073726676444
37770,41.766178159290966
37771,35.76915446059605
37772,49.20715281767739
37773,65.23277172183548
37774,46.129644271770296
37775,47.67019302629969
37776,50.89299296401929
37777,54.78391378285947
37778,80.09844019485303
37816,24.055016021556174
37817,29.443965990946054
37818,36.8589067223262
37819,15.254220071327087
37862,27.16372177580277
37863,28.845201379502576
37864,21.40619910252346
37865,26.66074753702786
37960,30.650386745909714
37961,32.83836404010709
37962,25.21331368532192
37963,32.093472917835385
37964,33.16748496950166
37965,26.24282371718403
37966,31.70601899157876
37967,34.18605342942087
37968,48.306135755345416
37969,47.252394363575924
37970,44.86821220703671
37971,40.217442936417015
37994,32.883766026625814
37995,31.434415551928062
37996,38.929856831586285
37997,48.088459370067405
37998,57.17048814582434
38021,36.857899512636216
38022,41.898814872012956
38023,35.39357643578677
38024,34.25330545675725
38025,36.96223721359358
38026,46.24881754677681
38027,38.065158637177966
38028,46.643622959958456
38029,54.49136706511585
38030,56.82187825922383
38109,32.911436378548494
38110,26.220149864516245
38111,34.83413405469759
38112,29.63189582426252
38170,24.465444087245167
38171,24.794432380040206
38172,29.212491794068484
38173,26.314510271509235
38174,42.11573961268203
38175,37.12854909870842
38176,41.915140828672186
38177,26.09651515027059
38178,40.3039860522503
38179,42.62708463256483
38180,42.33670034382026
38181,45.0716239720931
38197,31.48217543888793
38198,33.05683850502388
38199,35.13799926165742
38200,46.39454277663335
38201,46.158376101138906
38202,43.30556237248907
38203,35.407722211523016
38204,52.10160790406653
38205,65.29524021239466
38206,38.62881887501441
38207,40.774205239528
38208,41.3222643286204
38209,49.097846932372974
38210,46.20577675156987
38211,49.635036436298066
38212,49.80266620131932
38213,72.26046095061557
38214,54.053290246535084
38215,47.58400624926919
38216,50.26564125255123
38217,47.28842667811398
38218,49.87271706799275
38239,15.19860843359509
38240,20.559973405663342
38241,36.36261565991963
38242,23.59985307981269
38243,24.33516529864054
38244,28.199062875011613
38295,16.262757863638566
38296,37.99755891555879
38297,14.67192137056752
38298,23.941938184034665
38299,30.98455222393669
38300,35.801843596601046
38301,43.61646548091493
38302,22.001269159852846
38303,31.75226910950228
38304,39.52825967176059
38305,31.826461051471746
38306,31.331539910226525
38307,57.50363485293212
38308,67.16808374567212
38309,46.61007582100293
38310,44.93394374786676
38311,60.22925872449108
38312,24.264423212283475
38313,28.29234319066508
38314,22.00073782956656
38315,28.881595873127516
38316,32.48224970125375
38317,28.82994933020693
38318,30.040692456251158
38319,28.47907858827015
38320,22.150660792227747
38321,33.12832263650241
38322,30.541193034047375
38323,40.72319546035603
38324,31.18538865698698
38325,32.43960211043144
38326,34.934969687126376
38327,31.136341244064575
38328,34.398724466068636
38329,41.652776161309184
38330,41.38684354503675
38435,36.00152797367564
38436,13.871254306912512
38437,26.35628108305837
38438,27.984301311466595
38439,31.36512466317017
38440,34.51321627667923
38441,33.22445032174533
38442,35.75789158529436
38443,36.77925879856385
38444,39.02280359204959
38445,46.44851290050928
38446,38.091102668167025
38447,37.00337077054158
38448,35.11178154343676
38449,31.888013135058245
38450,31.866514116480182
38451,33.2792925895458
38615,22.0305190712471
38616,38.938037838918284
38617,36.12322827862901
38618,30.12348824840621
38619,25.351068289806314
38620,40.80363210058229
38621,40.284956523190225
38622,34.38120031376867
38623,39.50166205136606
38624,56.781945718007016
38625,46.145350189924095
38626,52.945889724309716
38627,24.442087662711433
38628,19.42614667465345
38629,28.847003319383745
38630,32.49037554273438
38631,26.942884969532507
38632,20.94414422380386
38633,39.69160567565929
38634,36.53362523449352
38786,36.9284859279117
38787,39.81688499684531
38788,44.74094466891608
38789,78.08966172260232
38790,50.812334359318825
38853,29.410533601113457
38854,42.93185472044293
38855,28.992193425050218
38856,36.90455528399937
38857,44.0285974692724
38858,36.071751834975025
38859,57.69868368992457
38860,46.470343474145245
38861,42.640498549128075
38862,57.887292281109346
38863,45.98396097692569
38864,50.95883870578454
38869,29.132256778866633
38870,35.55759570430914
38871,54.74942497875576
38872,42.36691880444475
38916,35.91869768862652
38917,23.739246243160068
38918,29.58129085972731
38919,27.208341181061762
38920,32.00106118684068
38921,42.43702659689406
38922,31.661229189841407
38923,42.86879571491165
38924,32.052783694952396
38925,43.75545541636636
38926,38.2518622285832
38927,33.656403309673635
38936,44.30326365379151
38937,36.46174733145445
38938,39.26412176514874
38939,45.712247951820245
38969,31.65824886679721
38970,26.886136577191408
38971,27.527035802574446
38972,30.028003032702493
38973,30.04282163506648
38974,27.79175621723183
38975,34.11597646402933
38976,31.74746038279728
38977,38.78259704438862
38990,15.50270400295732
38991,19.478977438418337
38992,24.227028182425176
38993,25.402010095627393
38994,33.85753120532433
39004,45.35657214453065
39005,37.32893844029775
39006,40.56299379608675
39007,48.33944652871847
39008,58.29993818110442
39009,52.38062728087345
39010,70.73742202571474
39011,63.02880081026514
39012,57.62105834905761
39013,67.94648307154135
39014,45.88221124803186
39015,67.4552299044933
39040,23.07564992077247
39041,27.716884127215465
39042,37.77112984864732
39043,29.781274448469553
39089,34.291894179326924
39090,35.417788339725114
39091,44.31437268117891
39092,51.81969067262919
39222,24.68103803333173
39223,35.134964907697295
39224,36.93930809184286
39225,35.54756769617695
39226,45.22062814385188
39227,35.54971578436453
39228,59.06048045032669
39229,37.1670972332543
39230,41.923794196189924
39231,54.80314920866627
39232,45.18044852902272
39233,55.3240524602439
39252,24.917170345817915
39253,41.211374885427695
39254,41.23895988274931
39255,23.907698416545443
39256,42.22789371814549
39257,39.103419545691935
39281,18.573688702125192
39282,28.65551942087867
39283,27.80451057209061
39284,33.379508619286554
39285,34.26162591711889
39313,21.3365460135746
39314,20.165087552095027
39315,19.52771177843466
39316,28.246841707514154
39338,36.0747837724067
39339,35.382238004103066
39340,20.290600375017156
39341,33.97564184760007
39342,31.415580205895914
39343,40.556335243616324
39344,39.415347088339665
39345,33.92721872412139
39346,45.87954050096666
39347,50.23709104348672
39348,58.2255318045084
39349,72.56595105736899
39408,26.490299007579544
39409,27.440949001931564
39410,25.58733235510619
39411,27.58107419809707
39412,35.283470683862085
39413,33.94548508824113
39414,42.48313604050655
39415,54.30421515417408
39416,49.637614131196436
39417,63.347359159794934
39418,43.40280882097815
39423,27.243028309242547
39424,31.670629440557853
39425,31.583088871362683
39426,32.39393003668335
39427,27.485447614591862
39428,40.61354548887325
39429,42.724049713842575
39430,32.95301555252368
39431,33.586366145649
39436,31.173405706214304
39437,26.29447687904466
39438,30.001947244734744
39439,36.40737897917887
39440,40.85755675352665
39441,35.750851272197465
39442,37.8232366561062
39443,61.185915514003085
39444,37.03904551572012
39445,46.203465727573395
39474,16.079327920113695
39475,22.774137885868594
39476,33.06960167974976
39477,34.83983855404588
39478,21.579801518363162
39479,25.900586112114638
39480,27.58206571581445
39481,31.750667424362142
39482,32.64717627752075
39483,27.41749700925773
39484,38.93156282293942
39485,23.86804060182066
39486,42.05471086620126
39487,47.32059650357901
39488,43.09823847238266
39489,45.660330510205455
39522,43.0487886245095
39523,39.013515670485326
39524,34.34565257159821
39525,42.33115368969265
39537,21.108461918037115
39538,20.949998837552684
39539,32.42021554230421
39540,23.049984951910197
39541,38.762253663123914
39542,32.70586867169016
39543,35.26384089355401
39544,44.34470173864731
39557,28.879985179370962
39558,25.557407878518788
39559,29.75808318725271
39560,27.9366157888213
39561,40.84838621971821
39562,31.568080781405364
39563,35.14278677700562
39564,43.52028488786689
39565,40.92391153779068
39598,4.5354767616368195
39599,14.300435247807425
39600,16.673024880231377
39601,29.163671762776893
39634,24.16729502386169
39635,24.622146171438686
39636,24.97018078145183
39637,25.717896544398684
39638,31.87862382233442
39639,30.066266135471807
39640,25.69383499879973
39641,44.85315269025369
39642,43.698255685582154
39643,26.689894265634607
39644,53.28023195447875
39645,43.448798958739744
39708,46.896593065421484
39709,36.66221972621677
39710,41.9659391673379
39711,65.53050757032469
39724,38.98952644829355
39725,26.642720994581566
39726,44.75627890271813
39727,43.265876881883216
39728,37.57996324197952
39729,36.985561925618946
39730,59.67256554758371
39731,51.45596252266406
39732,49.281994015842805
39773,41.43435527217632
39774,33.488855304699634
39775,21.061545197448886
39776,27.212520867117767
39777,35.9249906623287
39778,37.49072772770948
39779,30.124044947714133
39780,18.925925762124344
39781,21.46193766633487
39782,29.355791090890968
39783,28.346738402184243
39784,29.79203571620598
39785,36.33605561519754
39786,35.16322521171435
39787,33.87937553759513
39788,52.2296488669356
39789,50.704180386407735
39790,48.65476084315863
39803,30.45151094136027
39804,40.905437815725826
39805,57.656651328404955
39806,43.81108895110753
39807,40.99035142711239
39808,53.777068729654985
39809,52.39197719304775
39810,66.57904027300692
39811,46.31063834110925
39812,49.7069602732957
39813,49.794761247723315
39814,53.327472256473285
39815,57.14108825744569
39816,61.15365027068013
39817,93.93853091154344
39818,61.732100957537014
39819,64.76078809044161
39860,34.487004127739475
39861,40.54091486811135
39862,29.635660297891462
39863,31.320669078418035
39864,27.626071629324194
39865,36.28715194411886
39894,34.54456206927839
39895,33.772784760732556
39896,27.164001572193193
39897,27.748852081822122
39936,21.83783352287174
39937,21.57255390482348
39938,28.053730795450697
39939,21.655308896788362
39940,27.523171559354175
39941,30.43127961917679
39942,27.31306193594917
39943,34.593601132443865
39944,17.594696953407258
39945,32.25521833738494
39946,35.327061013271376
39947,45.719178988958504
39960,16.335410827373178
39961,30.87258248713706
39962,35.584350031616054
39963,44.530743399496096
39964,28.297285599257254
40034,36.17474745455562
40035,37.835687631941234
40036,37.188423140247444
40037,40.23192416739237
40038,41.7226540519005
40095,31.08372379224678
40096,39.40484336705824
40097,28.89807144561682
40098,39.82011339498743
40099,31.57020545062789
40100,37.21474973860532
40101,48.94479384180966
40131,17.32569990958057
40132,18.07341567252744
40133,21.381204885283786
40134,24.316897942428042
40135,20.26491641844747
40136,23.67952216876766
40137,29.040887140835906
40138,38.87037313718311
40206,16.84139433824115
40207,19.535869322936094
40208,21.617030079569624
40209,16.95173432752766
40210,20.366340077847852
40228,19.636708670218447
40229,23.771445186163874
40230,25.959422480361248
40231,26.813954780871953
40232,28.309386306765703
40233,27.226867588729668
40234,33.89806328012388
40235,36.599075001891265
40236,33.90110428589261
40237,43.759282702323596
40238,37.255315944454054
40239,42.22723282745533
40252,28.2476405760923
40253,21.156672909126335
40254,31.82423285861958
40255,48.65613954256835
40256,51.19777250516464
40257,60.21640275460655
40327,23.211340155771033
40328,36.03929240214003
40329,39.044665426370976
40330,52.96734049378375
40331,39.23567308249687
40332,39.91893466354521
40333,37.009541302129286
40334,48.59068076694401
40335,44.58941554455283
40336,46.24283182061523
40337,50.46551172173458
40338,82.00651891204619
40394,19.929590364446508
40395,26.51758379263757
40396,15.742422273966735
40397,21.615920814314908
40414,50.75354914265389
40415,41.7682123924079
40416,50.423269749615976
40417,58.551951378227756
40418,48.77755767394545
40419,51.11156469366433
40420,22.25923004707758
40421,23.406626962958192
40422,29.594939238215538
40423,27.48971693598304
40466,29.2503672385676
40467,23.918772907857722
40468,27.54307290646414
40469,12.591930637923852
40470,45.028470752289216
40471,32.198936131469885
40472,33.85719819074381
40473,39.81648371706369
40474,40.83302352174918
40475,32.23255364552787
40476,42.92158525621785
40481,42.19571042089269
40482,24.246822669776215
40483,28.593293965400235
40484,39.280545284927875
40485,41.72017831544132
40486,40.636363550483374
40487,50.947640079370885
40488,43.44748369992173
40489,67.46950593439495
40490,65.00412314176667
40491,72.11387325273905
40492,48.37747122207571
40493,29.328722567766185
40494,35.13039186493379
40495,30.6574902754868
40496,45.38527471654189
40497,42.104850632265475
40556,39.41660572517885
40557,37.70893820484906
40558,38.51229652988284
40559,39.55615907537101
40560,42.40084347483658
40561,56.622646410253886
40562,38.29125468793513
40563,49.94599401656865
40564,44.866212717808885
40565,53.80725398365709
40566,60.60979625317909
40567,50.939731637303694
40613,26.543956696074773
40614,34.04725908501805
40615,27.344847232833857
40616,34.345909869993676
40629,16.921358843373874
40630,20.949278821755463
40631,26.60350840919361
40632,29.511616469016232
40633,31.992458378583493
40634,27.11352955141384
40635,31.276704020821107
40636,33.121405486848296
40637,38.18703946180955
40638,29.9415372511357
40639,40.007840790446295
40740,19.8434752199108
40741,18.858064836237283
40742,26.273005567617446
40743,28.274934784008764
40744,24.22295326002822
40745,27.344694394978504
40746,29.33626758157535
40747,37.97871972955481
40748,34.178012319005994
40749,31.603142528798422
40766,46.77345501142168
40767,44.77504924675304
40768,44.40295309114094
40769,67.99178975830911
40770,48.73317327313407
40771,30.065494062209773
40772,38.683950431808
40773,38.932757740497436
40774,48.59728731806403
40775,37.58738038008269
40776,50.49039979331107
40777,62.78164300701795
40778,71.45193834940893
40779,47.241629887713145
40780,47.915937831144504
40781,56.1409227170363
40837,23.21115693728357
40838,30.305648055972213
40839,34.73324918728753
40840,31.50821496649607
40841,29.357232703988537
40863,21.30321453703214
40864,20.210987615794778
40865,23.546361825872758
40866,27.760329882060404
40891,25.519817801609044
40892,18.401265137321445
40893,23.228547421570497
40894,26.029838943829283
40903,32.07245578731478
40904,36.9549080662071
40905,31.720418580760068
40906,16.704216108071048
40925,13.264262602665625
40926,18.91849219010377
40927,19.15971026255307
40928,18.573981031813283
40963,30.35070386522564
40964,36.125333606099765
40965,31.872521884285746
40966,34.28805264760567
40967,27.405272186102913
40968,35.49335462980476
40969,37.55269868921416
40970,36.98052668636546
40971,44.971523619999736
40972,53.657248731439765
40973,41.142500666460414
40974,51.153387028568034
41003,28.52176231854157
41004,37.53542766165665
41005,33.169451554797924
41006,30.59859013028617
41079,39.304416839039554
41080,44.3453321984163
41081,38.77385760294303
41082,40.45533720664284
41083,36.00548010242727
41084,40.333784314667625
41101,30.616454650689107
41102,28.44720649883778
41103,34.652260089968685
41104,33.25699011046588
41105,34.29377059624582
41106,32.33019860435865
41107,42.61429928805381
41108,37.84681115832091
41109,56.309788258965696
41110,42.58526031773044
41111,50.90322623158317
41112,45.207724056280966
41129,37.971967222155804
41130,26.853079576808234
41131,37.63708214406794
41132,43.087618306159484
41133,37.28147554782597
41134,40.694089112126704
41135,42.90651281702604
41136,36.59424775351393
41137,38.26723559904368
41138,48.331928679570765
41139,38.34896626575109
41140,36.33942013616715
41141,36.65554392091529
41142,33.74455911635882
41143,39.77913908248739
41144,37.96652190059972
41145,45.73759404053348
41146,58.68981561546745
41147,47.072284641958916
41207,24.1597513470184
41208,22.561026735283477
41209,25.176270179736214
41210,32.48439437355252
41211,29.663177703127992
41212,31.226724201004338
41236,26.65250320884133
41237,20.867395538240395
41238,30.521960106738504
41239,30.363497026254088
41268,42.35822949806055
41269,39.05695744308052
41270,42.004926459752
41271,36.18853880901753
41272,64.55703074782006
41339,33.65140356585479
41340,42.90216258270737
41341,43.45082006323215
41342,31.191103283592597
41377,30.995741834374037
41378,26.43726261989591
41379,38.68130196327323
41380,34.273433177371224
41381,42.79615312664787
41382,34.03887931256553
41383,34.031295817898936
41384,40.83899824786962
41385,65.1196685465471
41386,54.52800431226463
41387,68.98248091856159
41388,42.364524336839445
41401,27.443832208856463
41402,25.38551498345754
41403,44.94129089354648
41404,35.49267835359388
41405,44.38948067425597
41406,35.932016769319986
41407,36.24419245536548
41446,41.87406085160352
41447,59.877589022967065
41448,41.268899770495345
41449,43.7779351929537
41450,50.61420903547987
41451,51.45522046168726
41452,56.636374335776175
41453,49.631354622945146
41454,61.300026938597185
41455,69.72826229845889
41456,76.39585735503827
41457,55.371318873232404
41484,31.101957207349514
41485,24.211766769151634
41486,55.7706675980101
41487,37.660328735992444
41488,39.553930756431654
41493,24.207262778584813
41494,22.608538166849883
41495,17.35751318406814
41496,25.599401218637375
41497,34.506250024188624
41498,28.02710425755771
41499,29.92667763048383
41500,25.213574043936404
41501,37.36054378340419
41506,28.678220870755382
41507,35.57131725414851
41508,44.149757331114074
41509,40.97835034881557
41510,14.059992143921427
41511,19.876208263566657
41512,21.850552482636346
41513,22.491451708019383
41514,27.63918360495996
41515,23.69401861854324
41516,24.04205322855638
41517,32.790438953623195
41518,34.169755954860214
41519,34.758090555627135
41520,33.88286765291979
41521,34.592522310791885
41530,13.98929637142178
41531,18.04480134712501
41532,17.352255578821385
41533,17.5934736512707
41534,21.62139362965229
41535,35.5450962489813
41536,27.840814353953917
41537,30.028791648151277
41538,39.409620974383024
41539,35.637096527235286
41540,35.330870687555866
41541,40.651613521093864
41559,40.148455712181466
41560,19.78140695032028
41561,40.22143448780282
41562,37.5783987873132
41563,32.62996780404996
41564,57.791473864419565
41565,60.11122896159729
41566,58.539746554769884
41567,54.06673993496893
41568,56.146651302895435
41569,56.32313687234209
41570,62.863332618043074
41579,39.79330781882285
41580,32.67171654588896
41581,33.839320945403664
41582,44.00537996431904
41595,25.620321145930937
41596,38.1278237796084
41597,34.722119881857324
41598,30.691064329563048
41599,32.54417305714529
41600,37.49209811202801
41601,27.509178309864687
41602,27.097265490391763
41603,67.1178113885433
41604,42.81877909030434
41605,59.58551133257872
41606,46.9257738570674
41652,45.81354711202302
41653,40.294516757262194
41654,41.83776862568174
41655,48.10201020758027
41807,20.88491241621012
41808,25.526146622653123
41809,30.35342890690218
41810,24.24787162360972
41811,27.736532330017724
41812,23.436330456665395
41813,22.36919068604174
41814,36.20994439319391
41815,24.703752885600856
41816,35.777334586385
41817,36.309743896282875
41818,40.925986361381085
41856,12.3488290615932
41857,13.203361362103905
41858,14.671207890676023
41859,18.378678256366108
41860,20.459839012999645
41861,13.645814541212118
41862,14.60716337928666
41863,17.40845490154544
41864,21.543191417490874
41865,24.530531017555717
41866,19.038287962324652
41867,26.425643696383183
41868,25.361001772467453
41869,28.56197444765997
41870,28.696375982545447
41871,34.24378903241974
41872,41.978719437938345
41901,27.291807623476373
41902,21.427468412633218
41903,25.562204928578666
41904,31.323251053580634
41905,25.03164569248213
41906,36.757004474677
41907,31.85550665192408
41908,46.40767555552802
41909,36.27316922297401
41910,35.662520306667766
41911,42.05632854175746
41912,55.13198025564423
41929,42.64091577411835
41930,45.04578367560472
41931,32.863670903179056
41932,45.53972663316858
41933,35.74614164019466
41934,42.01131355012276
41935,37.296685009658056
41936,33.08517339809651
41937,35.960901158734494
41938,36.45694375588626
41939,40.353769614991656
41940,42.20176076234082
41941,45.38361319060875
41942,48.683020906780726
41943,44.413620013895375
41944,44.51623381838701
41972,29.047111618352453
41973,26.533320519157414
41974,27.44593001413933
41975,32.21715361237926
41976,35.06652061825849
41977,40.06699186355494
41978,43.47529539357091
42010,49.334547991821445
42011,40.28759052438799
42012,37.69988008340759
42013,60.505857485901096
42014,40.28656374164982
42015,43.49984440515215
42016,74.36462846411936
42017,43.548650993141756
42018,53.842246039880564
42019,21.02421883375932
42020,25.58622149996011
42021,24.600811116286614
42022,24.576749570687653
42023,37.48561151568444
42024,32.66352529407642
42025,43.20353618720336
42026,52.81670745724122
42027,47.61281425559809
42028,36.533632911838
42029,37.31727422233168
42036,15.929357155737218
42037,21.824804815624677
42038,20.546529816581273
42039,25.535798633037412
42040,28.15104207749015
42121,25.246351432177498
42122,28.509830239204668
42123,30.60175100268483
42124,31.064459483730744
42125,29.610538336659104
42126,31.974714550681163
42127,42.239222344556644
42128,40.39274804221708
42129,54.51582198082598
42130,61.55013987265694
42131,43.02892841877774
42132,50.476800823310626
42133,25.304607531530323
42134,26.66563752253861
42135,27.497924757261437
42136,30.935365492952634
42137,36.64110195140825
42138,39.16120309517092
42139,38.68757293719364
42140,36.92855367036262
42141,36.439421016388216
42142,38.7295637901268
42143,44.56455754699221
42144,44.10713560172597
42181,18.102839662275414
42182,20.184000418908944
42183,21.65184694748107
42184,22.533964245313406
42404,40.60806527120011
42405,39.0721402052189
42406,39.19434689953021
42407,38.98289931637631
42408,39.43997287467338
42409,35.55977125466861
42410,39.219180771711834
42411,36.5882017262083
42412,60.72134640520693
42413,47.51926607575071
42438,25.294277199668706
42439,30.44200909660929
42440,29.056917560002034
42441,30.73839716370184
42442,31.418323119186162
42443,38.35442798457341
42444,31.45552580394346
42445,35.468837813759976
42446,45.38031294931489
42447,48.22691212028795
42448,41.97805242569218
42615,35.62172530941594
42616,27.569408804375414
42617,30.05025071394268
42618,32.74772817458361
42619,38.15591134413108
42620,42.679888909208564
42621,37.78828229058617
42622,33.52115290231828
42623,38.3096978857604
42624,42.97665107465065
42625,42.5983057084203
42626,48.570215660117384
42639,29.299975827624515
42640,28.42138198151484
42641,33.355480803327744
42642,32.34534365443819
42643,33.271888315043775
42711,17.591131766191623
42712,18.65929714183001
42713,24.341111726589794
42714,18.955685208922574
42715,28.503433239856854
42716,31.091091686987944
42717,27.438791315941124
42718,32.77257129068774
42719,21.6812686426618
42720,35.289160308924885
42721,42.107321066776024
42722,40.26800189083239
42749,27.676162636777065
42750,32.8345628194665
42751,34.21883487677585
42752,52.85553018777038
42778,30.14044309507826
42779,33.741096923204495
42780,24.43637903854532
42781,30.50533514828814
42782,26.803906043922275
42870,19.43479674838811
42871,19.276333667903693
42872,21.037044811845703
42873,27.33217362466688
42874,27.173710544182462
42875,28.748373610318417
42876,33.57565589456748
42877,36.94293242143012
42878,38.07905175956887
42879,32.46704025263636
42880,41.408705103257
42881,41.16044657462486
42977,15.568804223540823
42978,19.624309199244053
42979,24.6135780157002
42980,27.494101078201197
42981,20.6167664863629
42982,29.55120028923575
42983,38.79754031496737
42984,16.027329180502022
42985,39.87444454331051
42986,40.23167111922556
42987,42.58527703685773
42988,32.21893719673539
42994,50.859895997629195
42995,38.19870236698097
42996,38.776140675996345
42997,40.20996300486782
42998,66.12061882392307
42999,39.60067651831815
43000,60.2706696556356
43001,65.85887555959253
43002,49.29541353148709
43003,47.130287619545356
43004,46.11598062909896
43005,52.91403692691465
43018,22.479234524701287
43019,28.881179875086325
43020,32.93229741465096
43021,35.81484598273032
43038,25.944109700634563
43039,31.198658135138984
43040,29.493116985840217
43041,28.213316368828842
43042,27.337843049027143
43043,33.17652315672363
43044,31.5195056807748
43045,46.66920128827493
43046,24.95677147212949
43047,49.52245980927879
43048,56.760370222961406
43049,41.70311970616728
43050,25.071220643752667
43051,25.296445510240034
43052,17.427684158980014
43053,24.354846936856546
43058,25.014176629207334
43059,32.10866774789598
43060,28.56318391441299
43061,27.955206689295686
43062,28.1704526112743
43063,36.727604668415715
43064,42.46734276034662
43065,37.438658211817945
43066,39.34504222560876
43067,55.23874785788751
43068,40.869947642519186
43069,43.833553100659934
43120,22.51131463924648
43121,32.16587920774459
43122,20.86094348459097
43123,22.036857923845993
43124,30.856406440330126
43125,30.135826190012416
43126,35.84600630504868
43127,33.644318069312455
43128,39.62026164150739
43129,44.19153993565657
43130,36.96463555164293
43131,41.51719006254745
43132,34.14062649751303
43133,42.99582876014369
43134,51.344533332276775
43135,43.115040078490644
43145,35.97022056319401
43146,29.6786152020955
43147,33.680559787569806
43148,49.970555913337016
43149,37.32199035238366
43150,47.50933898850334
43173,25.338298787904645
43174,26.226909063574016
43175,29.43755251858979
43176,31.77259240146953
43203,33.620392125370955
43204,38.980058748113215
43205,41.75250289271738
43206,36.855261442411326
43223,27.341603016811064
43224,29.023082620510863
43225,31.686459602120166
43226,21.819065884775135
43227,32.13686342217214
43228,35.998520614671484
43229,32.176763840293304
43230,34.783933915163715
43231,27.76745536313532
43232,37.88053617877883
43233,47.348847874018865
43234,46.11052401775873
43279,33.280386915030455
43280,30.9920559867382
43281,34.45763707175245
43282,33.44252545329118
43283,42.4988920523913
43335,14.209621244628075
43336,33.85813924537909
43337,23.21282189926133
43338,31.631940233921107
43339,37.34889232600673
43340,30.972770543077537
43341,68.37963558068628
43342,34.194262356723236
43343,39.72648191490377
43344,40.647592814379756
43397,41.10118549697338
43398,27.529040939380167
43399,27.34299286157411
43400,33.484059365303814
43401,31.300483600179568
43402,31.476543814648615
43403,52.18819430604568
43404,50.30259992915909
43405,45.476179838648214
43406,35.39432468738527
43419,35.737050152061144
43420,40.378284358504146
43421,30.69965824440707
43422,36.2351193879703
43423,26.96703648964047
43424,50.64207396055146
43425,39.92196712072941
43426,44.042299182503896
43427,37.29350007188822
43428,42.372039082637286
43429,52.350204622734275
43430,47.189204184842296
43457,16.600912727996416
43458,21.24214693443941
43459,21.376548469324867
43460,22.68359274947445
43461,23.48924585722117
43462,21.122344836317623
43463,27.415301706047572
43464,32.2336757000502
43465,22.581612173784364
43466,38.2575929914264
43467,29.804170889631656
43468,31.84940520248164
43506,50.48711805702846
43507,27.091882989899673
43508,38.91607740019077
43509,47.979788621463065
43510,43.967679466098765
43511,48.372465095879285
43512,50.44275264997728
43513,65.2284124908507
43514,56.16451795168246
43515,46.584567568452655
43516,42.02274321616348
43521,15.347874372528267
43522,17.322218591597967
43523,20.95045741704582
43524,20.178680108499996
43532,31.69568745478015
43533,28.87033438692241
43534,34.67890536278744
43535,32.09233237216837
43536,17.63954906955152
43537,35.66635741321002
43538,35.68489960574472
43539,38.19048960088037
43540,39.32348656228264
43541,36.609493761222744
43542,36.46550564194025
43543,38.77466975111506
43616,34.86326694125398
43617,27.238216586468816
43618,27.939404671970166
43619,25.869918327777654
43620,26.584755231611126
43621,28.938569227970426
43622,30.877568673493222
43623,43.646284567087754
43624,53.451444912346346
43625,44.82117360460694
43626,37.515467234041076
43627,39.40789796232167
43776,23.77578147527368
43777,23.937768007480766
43778,28.420539133439345
43779,34.715667946260524
43857,32.115475058797415
43858,30.17331219794645
43859,29.162358592782155
43860,31.17135172950396
43879,14.723679520291974
43880,14.964897592741295
43881,16.539560658877242
43882,19.954166409197434
43883,21.10156332507804
43884,25.66356599127883
43885,26.146002136177437
43886,24.547277524442514
43958,43.56252148122258
43959,38.79040919161678
43960,40.764753410686474
43961,30.699005118510215
43962,28.934443804613373
43963,50.98765805653439
43964,43.4678733241034
43965,44.080678085123715
43966,58.625074431358705
43967,50.238611445151754
43968,64.99724566869988
43969,45.76607735498452
43970,19.925786620297476
43971,31.02061272004608
43972,19.636445456650247
43973,25.851515795081365
43974,35.24441587248263
43987,24.111096247047854
43988,32.37937077478345
43989,32.0765267896155
43990,44.55868453035812
43991,40.89455719155095
43992,35.87867249987424
43993,31.810342036317664
43994,38.701544059660726
43995,38.04450121820535
43996,59.00964528110011
43997,44.139498024448606
43998,39.44823062238359
43999,44.09885857775253
44000,47.77918475055666
44001,49.93313465295838
44002,54.481975456874146
44074,39.74757309734504
44075,43.825126864606766
44076,41.073851843871886
44077,43.58940882628518
44078,43.1969941830986
44079,34.747291057367384
44080,52.63160061084368
44081,46.93261123299643
44082,70.70452682633514
44083,54.72731294373662
44096,35.18531530641131
44097,39.8959692046858
44098,34.88460551406245
44099,40.95018623197799
44125,31.29907128922366
44126,21.834078250254258
44127,39.248094708423004
44128,35.943461142164594
44129,32.732108093539544
44130,33.79139566703278
44131,39.33520015353366
44132,37.21567219717621
44133,42.38064975259633
44134,57.60715762501313
44135,53.81551033389376
44136,49.60113020430566
44188,18.54694940738412
44189,19.187848632767157
44190,25.19011283021846
44191,22.364759762360706
44192,30.179381646674585
44193,25.72771896976031
44194,43.06250388768685
44195,30.823804323780294
44196,35.33794799154189
44197,32.79258512584969
44198,45.63708781647049
44199,41.888363639706405
44200,19.47128437815339
44201,22.83424358555298
44202,30.46281739206082
44203,26.331604327838054
44262,18.704646049083486
44263,19.05268065909663
44264,23.187417175042057
44265,22.842906016751584
44266,27.37732368563075
44267,33.75168403869414
44268,30.819514433272566
44269,28.558995681070577
44270,28.817684327628456
44271,24.625107863669704
44272,17.127554022245945
44273,31.60086557284469
44274,21.153868627403988
44275,31.077236265673022
44276,27.02525474169248
44277,29.6404981861452
44278,31.10834471471732
44279,35.74957892116033
44280,44.111978144425215
44281,43.45351182816762
44282,49.10623781839762
44283,41.07638297498769
44284,39.77290174723344
44285,50.3300348475747
44286,35.737562419824066
44287,36.75496106439211
44288,56.79611436226549
44289,34.07795505765398
44306,27.454325479855346
44307,34.85190889630496
44308,32.012498011211655
44309,39.77341955401159
44310,35.86881209291614
44311,29.355880837295018
44312,57.079363720659536
44313,55.18543671735035
44314,40.11100355277212
44315,41.91161270753466
44316,13.877392857204644
44317,14.94555823284303
44318,16.12054014604526
44319,17.72278820950284
44332,26.423054664958237
44333,36.90456653664545
44334,32.638951937537215
44335,27.311361221959835
44336,28.330794905867208
44337,32.71022805509138
44338,42.091973209600035
44339,41.643852052697376
44340,56.17790448492289
44424,40.49493983559983
44425,33.145546685952034
44426,49.86218939236778
44427,36.381287504777326
44428,44.433104555471424
44429,43.96937280352924
44443,32.574195556567
44444,39.10098969553414
44445,33.550101713419416
44446,41.06088302943952
44458,15.543685435724008
44459,19.757653491911654
44460,23.571940395165576
44461,22.693346549055896
44474,52.551436196245284
44475,40.92605086040014
44476,41.566950085783176
44477,35.371931674823465
44478,32.23906578704819
44479,49.25170274295719
44504,47.574243297508815
44505,53.37708603548489
44506,45.030674179926635
44507,55.26879295911259
44508,48.712692735254144
44509,46.24226644385995
44510,56.64682654936709
44511,54.198867020731775
44516,30.86866102632984
44517,32.7146233879806
44518,35.9843888052328
44519,41.03716531743459
44582,15.350679441963017
44583,20.391594801339757
44584,26.25945746390557
44585,29.966927829595654
44586,29.915281286675068
44640,37.21479307445218
44641,49.4299428988841
44642,57.31077927662361
44643,37.241546630488585
44644,37.963819941437905
44645,38.010387916325406
44646,62.95567433486302
44647,45.02976507375362
44648,47.15062724991292
44649,48.93626276098201
44650,78.56179473960067
44651,52.186833753334305
44669,34.15568733925572
44670,35.2959124085809
44671,40.57721957886792
44672,32.5919428613749
44692,39.15298601142034
44693,49.76493547661233
44694,41.198742358723955
44695,41.091778733609395
44696,50.56582741255459
44697,43.31664824012158
44698,64.07361957225233
44699,44.737265904219356
44700,44.64681903629214
44728,21.252256284671226
44729,24.48081395718536
44730,38.032844534594105
44731,29.22396362440066
44732,17.51250652917279
44733,32.28775506897096
44734,39.39528704388139
44837,26.588751138615393
44838,22.93645076756856
44839,40.206006659881396
44840,28.88763588815101
44841,37.18800550320874
44842,31.846104705835906
44843,35.378044013299245
44844,33.46444316898564
44845,36.90526466627119
44846,41.926558731370896
44847,49.141955742129575
44848,41.76980307604979
44849,58.5041331004015
44850,47.06599612052203
44851,51.27272985856285
44852,50.21491547780887
44853,29.5241088538571
44854,26.99162040136926
44855,35.81923766667829
44856,32.78025152369286
44857,33.741600361767425
44858,44.8088414641944
44859,32.557086424420525
44860,52.02986657395187
44861,44.925896678719525
44862,57.314518002662524
44863,43.58945089705189
44864,60.34656875855502
44885,31.756759032070256
44886,27.11904827734991
44887,21.41317214699118
44888,27.787532500054574
44897,43.88339488495621
44898,63.09592000527594
44899,51.20773872473965
44900,44.88798982975219
44901,76.70363764731131
44902,51.70917250836792
45041,28.01273764494465
45042,30.09389840157818
45043,25.96401475939804
45044,28.81054732762633
45045,33.842038078178575
45046,34.50601139836929
45047,33.591923853311684
45048,40.67640941996607
45049,39.86020160004869
45070,21.214496274629973
45071,20.73558358145403
45072,20.577120500969606
45073,25.5112193227825
45074,19.72611165218155
45075,36.09332670956318
45076,32.94525945067593
45077,25.643679350462044
45078,32.5474009729462
45079,46.93851706564855
45080,59.129937478234886
45081,42.84501877369113
45082,46.7566109253896
45083,35.5143155419911
45084,59.1964033866147
45085,43.47717680786294
45086,50.62825515311082
45087,46.126741143076295
45093,46.253669681064956
45094,36.2779836341734
45095,40.76154071700217
45096,36.25612199542156
45097,46.60095316453566
45098,49.52324559807301
45099,72.04053437329362
45100,71.71191788014178
45101,49.109772727973755
45102,64.95133983829216
45103,54.49345718074751
45104,56.63831118502537
45105,30.147983693835585
45106,24.381810518793134
45107,56.37378880100342
45108,35.27097476382766
45140,27.414855729041165
45141,33.74239731517497
45142,22.72969079367212
45143,31.14307352647546
45144,26.724083687456854
45145,36.46505122498327
45146,36.76027398538092
45147,40.006881519580645
45148,36.22919421163094
45149,41.06729760683885
45150,39.17829194580325
45151,39.21449726833414
45176,22.518119230739963
45177,33.69217687073078
45178,28.52038342819126
45179,27.160381974966818
45180,39.20612450376221
45181,24.74969648001815
45182,34.822254824586416
45183,49.59253287170224
45184,44.81791032118316
45185,37.589238885730694
45186,34.07748503440724
45187,38.359691223007836
45253,20.67348805638735
45254,25.928036490891763
45255,28.4300891623187
45256,29.40923771591124
45283,35.057138919765706
45284,36.38995272328588
45285,46.3023062908487
45286,52.54520546176586
45287,38.319915512497744
45288,40.36930303849011
45289,47.20201732797617
45290,45.412258403197875
45291,46.32757683851367
45292,68.91310534858562
45293,42.285649905641456
45294,62.66548742339796
45354,20.099648863317732
45355,26.47400921638112
45356,27.221724979327988
45357,26.529179211024378
45399,20.636382724113805
45400,20.942564385053746
45401,24.753335504038546
45402,20.366722561986013
45432,22.372529208166384
45433,31.841045698858444
45434,33.30889222743057
45435,26.29141434065334
45476,32.45750249222651
45477,35.79287670230447
45478,28.548645297615156
45479,48.204266600882185
45480,14.379719532789114
45481,15.875151058682864
45482,17.770263737510344
45483,19.772192953901662
45484,24.813108313278388
45500,23.102665803015732
45501,32.65041383395001
45502,33.90462728739446
45503,26.419757674704613
45504,33.98308198034907
45505,23.446328053275515
45506,29.96951949813439
45507,28.431797057317937
45508,38.26413947923967
45509,37.15438313290509
45510,27.382874393875653
45511,38.96956432726385
45512,40.7419049470839
45513,48.58343570198999
45514,40.09542376305261
45515,56.70426970863872
45556,44.73753689580614
45557,58.97816567610401
45558,48.57940879638168
45559,46.74409860506783
45560,27.374238916977593
45561,38.72195007637696
45562,33.14925965259836
45563,37.04291735718548
45564,39.548282476440356
45565,34.314408021217446
45566,27.56604026703689
45567,31.69216479297156
45568,39.80500284751275
45592,26.463895576901493
45593,34.78501515171297
45594,27.880095562553045
45595,28.19066830299988
45662,27.578042404822796
45663,33.43740391678469
45664,31.473379248110042
45665,28.952542049860547
45666,39.3696912651873
45667,46.80446494012146
45668,49.09773579065184
45669,49.08755226394173
45670,42.5245155993579
45671,41.664775729081065
45672,55.57344971166918
45673,43.1805321267393
45690,24.24807170954494
45691,25.74350323543869
45692,28.68104177189933
45693,36.422943774673676
45694,36.71169987897483
45695,45.53931714428385
45696,29.10543412617053
45697,33.227503006583724
45698,25.760087419532645
45699,26.21493856710962
45700,28.402915861306994
45701,28.794056306334312
45702,30.908945759885363
45703,26.40804445547336
45704,43.46968116638569
45705,43.6045279880086
45706,38.93887035510483
45707,40.16330708398115
45736,19.068525544494705
45737,28.402640500301295
45738,23.737344748259346
45739,25.846090502214487
45740,31.500320089652625
45741,39.348226517325635
45742,31.450522922814706
45743,32.85484824490651
45744,22.489806847591055
45745,33.35111077493792
45746,34.785540129913194
45747,37.88200040016935
45820,14.427705489237546
45821,17.256582008817958
45822,19.337742765451488
45823,17.739018153716565
45824,25.34000696290277
45825,24.967910807290664
45826,30.649725392050435
45827,29.87794808350459
45828,33.39937037138863
45829,37.71627451043797
45830,28.11479705701113
45831,22.17071572016377
45832,30.47301240925068
45833,32.483615506673424
45834,59.16749248942135
45835,38.20549942762606
45836,40.65688771822928
45837,55.08476233995281
45838,44.350735820108504
45839,62.90584261869488
45840,51.16824865622014
45841,48.116030644366354
45842,64.01080131779433
45843,55.128733381988894
45873,37.97897090004065
45874,38.529462032754175
45875,40.651107516575976
45876,43.30792073869152
45877,39.60467099242394
45878,67.05511951563965
45879,65.82971994100606
45880,51.40003516905601
45881,68.89924671670063
45882,73.860377667181
45883,76.38294668026306
45884,81.71320262661449
45920,42.642473179783984
45921,41.84311087391653
45922,30.779702092568968
45923,67.42587044768793
45924,36.14424633231052
45925,40.76892206087677
45926,37.96844185676781
45927,43.64591908830437
45928,52.970600236504396
45929,44.46751831783399
45930,41.71687746619687
45931,63.682498550620934
45944,31.039111435674137
45945,49.54235171934231
45946,28.416437941732504
45947,39.20501719453682
45948,29.528573489941856
45978,26.98168625404024
45979,44.57881212488216
45980,51.3906463606586
45981,54.957928244838705
45982,39.55086163498494
45983,54.770175881723986
45984,41.39036530699838
45985,45.70395424641836
45986,43.14056605498753
45987,46.71429253769861
45988,62.30293703471811
45989,55.1136889414134
46068,25.548347983537568
46069,40.171992677165754
46070,37.98020610074727
46071,38.74591236052348
46072,41.87844650012131
46073,44.79563747910006
46074,46.572235390425625
46075,41.673364344853574
46088,47.74165211265171
46089,40.38139290111278
46090,45.18481069878663
46091,57.581652711389964
46092,35.47618260885003
46093,41.5558717720845
46094,47.9650615054717
46150,37.19735554438072
46151,26.798598664658392
46152,35.226534777033685
46153,15.72897440475635
46154,16.37934460353749
46155,32.683794169001345
46156,45.61717879201318
46157,38.434384899468746
46158,37.84645921748219
46181,29.95484278274121
46182,39.88032362026341
46183,37.916924717839905
46184,38.325192648422025
46216,50.30185095821053
46217,33.55631872274643
46218,39.096269304017085
46219,40.13338816529985
46220,53.532959850179466
46249,44.925621151332074
46250,38.261919634621464
46251,37.8073556028532
46252,31.79186665889877
46253,47.93622306318757
46254,47.474375898498835
46255,38.085680693591
46256,62.844044101029525
46257,34.61167061403822
46258,52.42212488678703
46259,64.48986818798447
46260,38.237023345810414
46272,17.260812034640928
46273,19.55560586640214
46274,21.1302689325381
46275,28.731257741724306
46276,27.150671494199045
46277,32.713697635479505
46278,30.68486201489098
46279,36.52549069450522
46280,26.066385809523823
46281,37.02005187761827
46282,36.567497095490715
46283,34.92453046229576
46288,19.860468966369847
46289,18.502962427084224
46290,33.384490432765126
46291,25.314703847786195
46312,16.428775329355506
46313,22.217406451679107
46314,23.526789899766808
46315,32.08912754702758
46316,58.73321214921522
46317,38.893755221539635
46318,60.97318068682863
46319,30.491473312626525
46320,49.792516709055405
46321,61.16834623518665
46322,51.197478251258964
46323,43.98386743241831
46324,41.91359778056327
46325,48.43030714539612
46326,71.54281711378695
46327,67.3605657906785
46340,34.548626065869705
46341,40.523305265999376
46342,48.41148085351695
46343,29.118969725672073
46425,4.442859252217773
46426,12.043848061403985
46427,17.112348418102336
46428,16.50852474413481
46429,27.195895068406145
46437,37.625094020141255
46438,41.45269619813922
46439,42.47399365148866
46440,42.730945479407815
46470,30.64552689452674
46471,32.32700649822654
46472,27.774232049477575
46473,25.660638058475527
46474,32.73999185518893
46475,20.04968977540201
46476,39.00029850883132
46477,42.8971938219118
46478,49.67684750278695
46479,41.18185683026263
46480,45.732755590106194
46481,47.0831769735883
46530,34.65666859838445
46531,31.48483756738375
46532,34.805546618475184
46533,30.685703689261736
46602,37.990007149165976
46603,36.232819456946636
46604,41.959865825413615
46605,43.79593588250408
46635,29.36541219694525
46636,32.365816917108035
46637,28.809646297821516
46638,36.19480511004703
46672,28.371620283712456
46673,29.78866749564387
46674,25.639371210971714
46675,30.67593655522287
46676,29.30280192298728
46677,32.79520055165801
46678,54.4624392937688
46679,43.7900214514768
46680,20.21618382708815
46681,25.36391572402873
46682,27.52122320325916
46683,40.84574510576633
46684,30.533951655343834
46685,47.365247280824356
46686,46.95047106577238
46687,43.922516567342036
46688,40.04274134004535
46736,47.665151075097796
46737,31.735947666762968
46738,37.62627466576472
46739,45.39881384795527
46780,26.576471611306356
46781,28.471584290133837
46782,23.62024046028581
46783,30.613230460497043
46784,34.91349765295795
46811,28.473792968539946
46812,40.97548279882094
46813,52.15488942735046
46814,44.69012662785106
46815,43.501193480152615
46816,45.39117961435205
46817,49.80402980662402
46818,45.95721653837137
46819,65.12631681828444
46820,76.92531459117079
46821,54.37526097937962
46822,75.91043810594108
46839,22.291611759857503
46840,22.639646369870647
46841,32.80070862886634
46842,26.402286730203983
46843,26.10499013113782
46844,25.787642652991575
46845,32.389016875452064
46846,35.98905401316448
46847,32.83464058540679
46848,43.144238238912195
46849,61.374907403488265
46850,42.77742647528448
46977,18.864165579724144
46978,18.705702499239727
46979,19.667051337314284
46980,22.868024012506787
46981,25.083586304025786
47007,21.847442275018075
47008,27.822121475147732
47009,27.236392244407952
47010,32.384124141348536
47011,32.31109184025157
47012,19.32286053226075
47013,20.711475520590657
47014,24.04684973066863
47015,32.142628378543996
47038,23.46667236719533
47039,21.85530681203518
47040,29.784655884831857
47041,32.25482666493993
47042,40.32606804366859
47043,35.22354960795422
47044,17.46162688221093
47045,44.609061327074635
47046,45.09788246248458
47047,38.27264000443026
47048,38.67794346065012
47049,43.517853473813744
47141,37.41765441489994
47142,40.19153531636185
47143,59.49627829962756
47144,60.94054696640616
47145,48.87741165088018
47146,43.215069064804965
47147,52.06952053206972
47148,46.96231244779114
47149,72.59468712235021
47150,56.624407548465754
47151,57.045997226006946
47152,79.66309349008935
47211,16.275401105057206
47212,18.091282243642475
47213,19.052631081717017
47214,20.227612994919262
47215,22.201957213988948
47216,23.349354129869546
47217,26.257462189692163
47218,28.231806408761862
47219,35.43311406501434
47220,32.82139407228427
47221,35.99830520187783
47222,35.41257597113803
47223,50.406138806417516
47224,52.72851763550036
47225,53.42425022710184
47226,40.70387953116186
47227,20.55434556852664
47228,31.142673977777676
47229,28.491538598497595
47230,33.58877109699397
47231,48.907964128110216
47276,13.3365671971555
47277,14.725182185485405
47278,18.88750369875248
47279,28.704054799457694
47280,15.027810656427654
47281,16.309609107193715
47282,16.950508332576753
47283,17.484591020395946
47284,19.272887161659582
47285,23.007942524671293
47286,21.72966752562789
47287,30.66410132850075
47288,23.94522981714688
47289,31.14653747339937
47290,39.653705126016874
47291,30.032627663448075
47292,32.32742149520928
47293,21.742616537680902
47294,28.879728298028596
47295,44.53771078363328
47296,15.190747391817474
47297,20.65892890144957
47298,19.45988544264838
47299,16.893111553492858
47300,29.43378452555841
47301,30.361334975798073
47326,63.865043238155366
47327,45.01728880365816
47328,63.79222488075651
47329,42.76021407419255
47330,48.698328524204726
47331,74.42826237489298
47332,82.071354322709
47333,50.93237702877147
47334,50.517457062912335
47335,59.7220093162737
47336,55.14198560002618
47337,61.35296928343783
47377,23.042853269094273
47378,20.486303271007472
47379,25.42040209282036
47380,26.381750930894924
47381,24.88984285672383
47382,25.024244391609294
47383,23.219919152610796
47384,34.58619748414908
47385,31.581533849674337
47386,33.61876924184414
47387,38.16392069239028
47388,32.691286931765504
47438,38.9457608617361
47439,37.1334031748735
47440,32.83409280337488
47441,28.83411616716014
47442,30.643473467169798
47443,31.265285574085908
47444,31.862607649241333
47445,37.40215026409989
47446,37.20460270440158
47452,45.40368906853729
47453,56.57774670852811
47454,45.67249213830822
47455,58.953644616258366
47456,38.838462738185136
47457,48.523395739967675
47458,56.01074430743406
47459,24.403115183586884
47460,25.47128055922527
47461,23.04560864430126
47462,32.43489359475111
47463,36.06221980485844
47464,49.81956386266557
47465,32.65743915493452
47466,30.993940578256662
47467,41.95744849689713
47468,45.999414617616246
47469,35.924369336499815
47470,41.423118956241765
47490,17.252731189594538
47491,27.655011521039537
47492,29.281987592515506
47493,37.61083742694927
47494,34.98719212067766
47511,39.72233294812293
47512,43.087232346194575
47513,41.34061928638915
47514,62.50102823184112
47530,28.551997175381892
47531,38.56576956216248
47532,28.649591537454803
47533,38.72054827858333
47534,39.21690049220279
47535,35.67998771065523
47536,55.07613696912164
47537,41.383108452844695
47538,45.54200942722042
47539,44.46695278430553
47540,46.82310657951528
47541,66.95083115869069
47551,19.141735581295862
47552,18.36995827275002
47553,16.450784048323577
47554,19.038442495454674
47555,22.373816705532647
47556,27.22868398710333
47586,37.83486774920979
47587,36.18675932927941
47588,46.36840689164766
47589,47.85003221958193
47590,59.25602988152488
47591,44.87899676962836
47592,41.36403340832394
47593,49.523491854209695
47594,47.150033990697686
47595,71.87587715041609
47596,53.136437686183704
47597,81.69727512954941
47598,32.41218433958755
47599,28.734688885703576
47600,36.88502976062868
47601,32.23360598547714
47628,23.43701714486229
47629,20.21198292407081
47630,24.85321713051382
47631,30.72107979307963
47638,30.07052714121945
47639,23.565288704993257
47640,22.07338063082218
47641,21.408419859840187
47642,31.969163271769595
47643,24.34411291698443
47644,11.69108414765946
47645,34.08510651790653
47646,29.804158269776813
47647,34.128352624627965
47648,34.422313398662716
47649,38.43007512252851
47697,22.070808127595114
47698,30.57797578021262
47699,19.77953774755656
47700,24.713636569369456
47701,31.728896147815888
47702,35.64999958863365
47703,43.54385301318975
47704,35.56440138064009
47719,19.062628140169224
47720,20.823339284111235
47721,21.57105504705811
47722,27.359686169381717
47723,30.267794229204334
47724,25.59552609511227
47725,29.770222470459245
47726,37.11647512778303
47727,22.083835061799384
47728,23.231231977679982
47729,26.85947080312785
47730,31.500705009570844
47731,36.54162036894759
47732,33.60945076352602
47733,34.06153963533308
47734,28.054868589364517
47735,38.8910750324369
47736,37.26111550454425
47737,38.7329024719862
47738,25.66720848710375
47739,37.31273154848196
47740,32.27318279025379
47741,51.13617890231716
47742,40.00930207805729
47743,40.681436219598055
47744,38.58979640005867
47745,72.69977199546939
47746,39.39409556473841
47747,39.49588739775221
47748,55.15158025048207
47749,42.66522450248655
47800,38.24839035367469
47801,26.516188480265704
47802,33.4246315211483
47803,38.66178919032107
47804,30.507632376536826
47879,17.534234177936373
47880,41.728886260017894
47881,37.891635464344596
47882,31.44411286187289
47895,22.158020792177723
47896,25.14536039224255
47897,18.026807727954953
47898,30.055397668456493
47899,28.563489594285414
47900,29.524838432359957
47901,32.22361529855775
47902,31.344184981217595
47903,42.98533746335885
47904,35.48667917678889
47905,34.36155348124865
47906,44.09827733086518
48043,14.649462610586301
48044,25.930336788140963
48045,23.71829794834464
48046,28.2527156172238
48047,33.945028089916086
48048,31.10115845221786
48049,29.826332552498528
48050,35.59402010387486
48051,49.42747139532288
48052,31.615575407722623
48053,39.51609162269674
48054,31.819045968454198
48055,49.800729293406086
48056,31.749337061576973
48057,42.53710298333944
48058,53.58887707512957
48059,56.28531004890868
48060,39.154426275225305
48061,35.20926128880859
48062,29.958191053797897
48063,26.440946217620983
48064,33.673285764204834
48065,37.026790738063184
48066,42.98689327213384
48067,45.21327374887928
48068,45.48353939386035
48069,44.867592086264686
48070,27.154023264181703
48071,28.62186979275382
48072,25.903333262459917
48073,17.494553423222392
48074,25.37977804558647
48075,35.30225430580704
48076,35.2637950109234
48077,43.818334792729964
48078,45.0152325150661
48079,41.09771126551732
48085,36.111933754625305
48086,44.43305332943677
48087,35.03772890992761
48088,35.599743079940815
48089,57.693487360755384
48090,48.81481700318402
48091,25.998575961654943
48092,23.387112164681078
48093,41.78266794311829
48094,35.85231875910369
48095,40.064633208025676
48096,42.24893895708958
48097,35.948830376281315
48098,47.27022483449681
48099,42.18327863907868
48100,65.67675435012046
48101,61.1515853332845
48102,60.3517311630383
48128,16.39213273569773
48129,17.13984849864461
48130,19.755091943097334
48131,26.556718446416085
48132,31.197952652859094
48133,27.35960420400621
48134,24.13456998321474
48135,36.91159496426591
48136,38.326137421809385
48137,39.76471097679158
48138,40.286773873071674
48139,39.51000939061212
48212,25.301098074100516
48213,36.58197225165517
48214,37.78067534531924
48215,26.22242988575313
48216,42.25441515677133
48217,32.13805045379106
48218,50.73767027007347
48219,36.36825675155934
48220,35.85037353006306
48221,41.10252052135964
48222,55.4502114369559
48228,14.80089027400496
48229,17.629766793585357
48230,21.792088306852417
48231,21.768026761253463
48244,37.29948304586596
48245,34.46620580845265
48246,42.44296022178501
48247,29.73560167375056
48248,39.559687656510484
48249,31.507371151469947
48250,40.94538503949169
48251,37.30016752342535
48252,42.21625033010154
48253,51.333371606474664
48254,44.54560199924244
48255,79.77814047094715
48256,64.91579718035044
48257,52.030610910498176
48258,63.54316013779054
48259,50.595298046165276
48272,22.935991757312927
48273,25.230785589074145
48274,33.55190516388559
48275,25.7647766864523
48276,33.64039107946798
48277,20.09612180875267
48278,30.14444445482512
48394,63.44112257625126
48395,39.603410014106565
48396,42.88932994381225
48397,42.69167878286545
48398,44.882385032809616
48399,51.9043694199221
48400,51.08860526869434
48401,48.13795251975723
48402,52.09234608173143
48403,56.795024074886
48404,53.9065778645661
48405,54.71327282425424
48406,45.248029723864995
48407,33.647793518713
48408,45.719636898225545
48409,25.352749998865583
48410,38.671003471380295
48411,41.877187639736526
48412,40.19051920641795
48413,41.21355854603483
48414,58.91236461759281
48415,42.15177689595526
48416,51.496787083933505
48417,28.918767244197817
48418,44.29047538600795
48419,41.619558947121114
48420,30.96458825722972
48421,34.21553941076413
48422,67.5474550526081
48423,40.29990659507387
48424,38.43428254395803
48425,41.52745492830283
48426,44.101154360063404
48427,45.02222659572405
48428,19.59430272048371
48429,24.528401542296614
48430,24.077073846442275
48431,31.278381502694764
48432,20.986441160536273
48433,34.94642179233575
48434,34.92766132785452
48435,38.6904817096936
48436,35.86632296487812
48437,38.488817430687426
48438,43.0662878562929
48439,38.90633301128265
48475,19.90926229259658
48476,21.776789974102435
48477,22.366042656564886
48478,28.74040300962828
48479,34.74266720707956
48480,32.13094721434951
48481,37.38549564885392
48482,46.9332436797882
48483,25.926961205264867
48484,39.13854620744097
48512,28.4138273502588
48513,25.802107357528733
48514,27.163137348537028
48515,20.76471544987468
48516,30.098830405681284
48517,32.52802577232794
48518,37.96019065061295
48519,28.809987380035366
48520,43.37903463201366
48521,40.666973763022746
48522,47.06720279921399
48523,47.59810332370234
48528,26.441322123615464
48529,21.05589560594826
48530,23.126044904799222
48531,25.05006577726791
48532,29.92246290149449
48533,33.12112900945269
48534,30.01500886268368
48535,37.60349743838068
48536,34.05135204149699
48537,55.19906224892684
48538,57.004670618780445
48539,45.670427814183775
48610,27.407315138698827
48611,30.82192088901902
48612,37.31277178924794
48613,22.58990411261307
48614,25.886845914351547
48615,37.7938623000009
48653,21.797912055824295
48654,26.759595874958816
48655,23.748194729295026
48656,13.762070447096033
48662,22.875732930869333
48663,24.450395997005295
48664,21.7318594667114
48665,24.639967526534015
48666,16.471954166276227
48667,40.75772026177735
48668,57.17557282410893
48669,47.80726106655018
48704,24.780610343743533
48705,31.53456420254267
48706,25.830163228967145
48707,25.31149669980838
48736,30.914559448225717
48737,31.555458673608754
48738,31.396995593124323
48739,36.141354202478865
48740,24.226196837584222
48741,25.857189696263685
48742,27.258921019916276
48743,31.047220857486217
48744,32.133104992507214
48745,40.71638909343535
48746,8.884456548096985
48747,25.596188281820304
48748,32.2751584540723
48749,28.321074249244546
48750,26.84659424845426
48751,42.90519956065861
48752,55.461307392027315
48753,55.9139292265323
48754,39.659083281193645
48755,36.10171697453324
48756,43.49119378150054
48768,67.15075391171537
48769,52.47763082815464
48770,47.89256183022905
48771,47.397505172596105
48772,51.009969825787806
48773,58.95431818468584
48774,55.20022617512785
48775,57.214194486092616
48776,52.420460367086726
48777,65.56173274890087
48778,67.12453344728775
48779,79.01105449978937
48828,32.216361374977815
48829,21.524739879885608
48830,19.86448380441903
48831,24.35543128312532
48832,22.603511379153787
48833,26.549557773363965
48834,28.882108038798215
48835,30.34176385209731
48836,37.73663920464471
48861,31.468427372680267
48862,13.765780815561495
48863,28.97004107529036
48864,27.5158730103083
48865,31.714295340264393
48871,38.355249357542746
48872,43.210078017737764
48873,38.523156349783015
48874,36.44946727251827
48875,45.208689501490625
48897,23.169042016291804
48898,20.957003176495476
48899,22.21121662993992
48900,25.412189305132422
48901,32.39986388625722
48902,24.881630069035886
48903,31.585120973364234
48904,29.598907739991525
48905,47.0946882688063
48906,34.284894107441495
48907,38.36019371354875
48908,50.53249952818827
48918,21.172184215306537
48919,22.640030743878654
48920,28.187443793752962
48921,27.6360478690129
49051,25.125909159497215
49052,28.79840181451044
49053,30.733389308272372
49054,42.585147701477744
49055,32.63745015081814
49056,46.58256283113477
49057,25.92908413572802
49058,30.678588501206207
49059,28.15913670896356
49060,36.21394994848672
49061,35.83419262219268
49062,59.97550300724501
49063,70.58014461562597
49064,62.127618044080606
49065,67.585428604596
49072,22.78396378554521
49073,21.319640708695744
49074,29.53394374594336
49075,31.10860681207933
49102,33.13832173588664
49103,31.06819226152306
49104,44.64689168368685
49105,31.021754002444403
49106,48.58627377612219
49107,69.3546513456486
49108,45.421888799046506
49109,63.06331832350959
49110,60.78604717044574
49111,44.332673980381706
49112,42.10863785948259
49113,49.44654798892529
49126,29.911024324151683
49127,29.21847855584806
49128,32.65561982146569
49129,31.115171839584555
49130,35.201249950586714
49131,42.725096542005076
49132,55.955942268264764
49133,37.756571834733435
49134,47.943001871682426
49135,46.18049763869552
49136,46.49639833938744
49190,30.635438553936112
49191,33.958335160783534
49192,35.46777418405517
49193,47.56449055807901
49194,46.47518286373119
49195,44.93817501895688
49196,48.40729440697684
49197,44.17944367403133
49198,61.86602598601047
49199,54.783607332264644
49200,56.18017786563677
49201,60.34747540694388
49212,34.35615506933199
49213,35.15946786920362
49214,33.294453650218486
49215,45.733463341930964
49216,63.462674020312164
49217,39.04987288000925
49218,61.30712570656567
49219,58.829200180177594
49220,43.55517904393738
49221,48.39445786693451
49230,25.681667513930744
49231,21.71244098191507
49232,29.095681323226735
49233,32.09897839402781
49234,38.542128033550554
49270,63.5328849406511
49271,44.107550819364
49272,59.96601394211302
49273,48.15975427907691
49291,22.45229842841403
49292,23.548048801374062
49293,47.16122371244353
49294,31.071461970211914
49342,23.71906329530929
49343,33.37362786380741
49344,30.28680539022188
49345,24.836511790886647
49346,32.70126504012749
49398,20.631233253395003
49399,22.73997900735015
49400,31.061098582161613
49401,34.58252087004565
49402,25.010711293512408
49403,35.571454705441816
49404,29.52013927024175
49405,41.17765572394281
49406,35.73019255844017
49407,39.734839485858366
49408,36.79335345914152
49417,27.005181995863296
49418,32.552595045737604
49419,29.32756082494614
49420,35.91555425313721
49421,31.583008188286698
49422,16.697622572911158
49423,49.1897755786838
49424,32.61066571847995
49425,41.22207077930846
49426,41.34613098837573
49427,41.809411023805104
49428,48.04106505323738
49429,69.46140504767261
49430,49.48160246032664
49431,83.96739507276122
49432,48.4802757194725
49433,18.090604994036152
49434,27.345488409600538
49435,29.91635934139456
49436,30.886966300564936
49457,25.140226457182973
49458,25.80810692230295
49459,38.172246566795614
49460,35.75459472742121
49485,47.11723145616464
49486,28.656941388828912
49487,31.946754604508584
49488,50.3881454909784
49489,39.57972192539998
49490,54.648794669789226
49491,61.93511666613409
49492,43.923584749486764
49493,41.23365559117404
49494,64.98854632268633
49495,49.67964019938928
49496,83.23914808379443
49497,41.28744949517711
49498,29.168692247509078
49499,27.98595952247654
49500,47.99750464175391
49501,56.21813454110182
49502,34.04385918848184
49503,56.94805240094553
49504,43.73673075622673
49505,40.437943712114155
49506,72.10086137197622
49507,62.75832870940373
49508,68.88636341125134
49585,26.60093590596656
49586,31.455803187537242
49587,22.7901724544353
49588,27.43140666087831
49589,32.264400727777904
49590,33.04123346678702
49591,36.03041502910594
49592,40.79663992470877
49593,45.535679075254635
49594,40.026189552108704
49595,46.682444013623865
49596,52.93389761852613
49647,19.46944538572703
49648,21.578191139682186
49649,26.03337726831914
49650,30.91582954721145
49651,34.54406837265932
49712,43.001924711992416
49713,37.93694780701673
49714,38.6846635699636
49715,35.33841517803703
49716,38.13784995576139
49717,42.624647575673144
49718,53.29449973520348
49719,49.59879302274761
49720,70.74181342213801
49721,51.29509576773692
49722,56.8807492442767
49723,51.71845031684379
49770,39.24306025259968
49771,32.40576175523519
49772,39.145094555734204
49773,56.7013597767814
49774,45.39023931423518
49775,38.16745899092591
49815,18.933248890386007
49816,30.455341140389983
49817,26.83062576666477
49818,27.392293451805603
49897,26.676380448353754
49898,27.179904389184316
49899,17.182366448454538
49900,28.291370083411856
49901,41.894182292188944
49902,45.1386579984305
49903,53.8718807120262
49904,50.45182336557811
50004,16.735570137600114
50005,17.8037355132385
50006,20.711843573061124
50007,24.01963278581747
50032,28.59375923847848
50033,28.416308693370187
50034,36.417736750790255
50035,41.859629672884296
50036,14.700997973527564
50037,27.34307713840721
50038,29.770261499228177
50039,33.67585485740276
50040,36.970330744707724
50041,36.24041972722411
50042,49.22059719355659
50043,52.015004032196266
50044,40.242149023695966
50045,44.054361044946454
50046,45.85417943871541
50047,42.69550887151518
50096,47.3356714419071
50097,49.58032499733455
50098,37.93596001952332
50099,58.84845280709883
50100,71.84331055185943
50223,39.17039768348154
50224,47.38470072072916
50225,47.633529281708476
50226,53.77047277124244
50227,41.144962116631866
50288,27.90323843080415
50289,22.624628450700776
50290,28.49249111326659
50291,33.24054185727344
50292,21.383717923171304
50302,19.448559256600504
50303,20.516724632238905
50304,24.331011535492813
50305,30.839773423441677
50306,35.45454907597521
50307,31.067630854329906
50308,36.433894569247165
50309,36.63807402604529
50310,40.06111854530643
50311,51.525979570812424
50312,27.621060307438796
50359,27.051737963883436
50360,33.62068283570155
50361,46.192135596630585
50362,27.12018655936866
50363,25.042715415502016
50364,27.309924249941602
50365,28.626937458862542
50366,31.684142117234884
50407,23.470811110960675
50408,30.75135030745537
50409,26.699368783474803
50410,28.887346077672177
50411,37.71496334298121
50412,30.217633913588465
50413,36.267562958984115
50414,15.713646657812994
50415,37.843975687505846
50416,40.12852220231093
50417,41.96584326850061
50418,40.261225888318044
50457,30.676814794244017
50458,38.33773044034481
50459,43.211764048303024
50460,55.829029291304785
50507,19.844746189079217
50508,23.152535401835564
50509,32.70028343276983
50510,23.47525196308385
50511,44.187251497259325
50512,33.81607961485864
50513,44.523235336668904
50514,33.03825168165879
50515,40.311499499100506
50516,46.70194578707398
50517,45.23252605951948
50518,55.53490163939304
50519,51.75707071832066
50520,52.357247105608934
50521,78.47710588020665
50522,47.63386103633006
50558,16.546358282556167
50559,31.250366273089753
50560,30.24670874812177
50561,29.967001754642205
50635,51.11919986410833
50636,60.367620656535095
50637,80.4287540874292
50638,63.118134627878845
50639,61.11798972681481
50640,57.119799933036454
50641,66.75754628504016
50642,55.249809869213195
50643,51.71643539067137
50644,73.48419235213142
50645,54.143484583489254
50646,51.0879960291871
50656,20.23298002820274
50657,31.40703766819356
50658,30.556028819405512
50659,32.13069188554148
50660,25.53048402796913
50661,29.13113785609537
50662,35.71913128428644
50663,28.60057861999885
50664,28.948613230011986
50665,10.43890555074443
50666,38.866059556269825
50667,44.397907074238724
50668,37.042147181495785
50669,44.296833303336214
50670,67.3037939087275
50671,63.123301201743615
50686,26.233448545328788
50687,31.80844659252471
50688,25.49285431705434
50689,30.632855437274962
50735,17.925112293339197
50736,21.418949583901608
50737,27.207580706225215
50738,21.529289573188123
50739,30.49130837338261
50740,30.83934298339574
50741,28.227622990665687
50742,40.73512562434315
50743,25.38239676259151
50744,33.05403536431683
50745,38.92979417804895
50746,39.08665810007766
50752,35.29644968319196
50753,49.451216745054616
50754,31.97409107983853
50755,46.04904463565456
50756,38.11435232464106
50757,39.28111452306494
50758,37.828875982764295
50759,51.7680823695492
50760,49.51156419426675
50761,67.28784199775593
50762,64.97995605866497
50763,56.45581553988961
50768,21.739366583159168
50769,28.32736001135023
50770,30.008839615050043
50771,34.65007382149305
50772,31.10458998801004
50773,34.119514585396516
50774,36.81398957009145
50775,50.22767104720023
50776,35.99738164818411
50777,40.596142495021425
50778,39.82928251558994
50779,46.48047358664926
50792,34.8798213837078
50793,52.750781020417314
50794,37.26825635126981
50795,36.821118684145674
50796,39.72097997897726
50818,35.435937826338396
50819,39.27780972691395
50820,31.80242853424368
50821,36.18161765047915
50822,37.04176643953633
50823,42.01918670578808
50824,57.250623139696735
50825,54.08251583855766
50826,37.57623293036143
50827,40.55992933560194
50828,59.4196582775508
50829,39.084576401129546
50848,38.16467530587203
50849,40.08088431358153
50850,42.35785999562239
50851,42.06675850674916
50852,48.96393874561849
50853,75.1490454167489
50854,76.60989851585903
50855,75.52637587819994
50856,58.0358608661914
50857,52.14856624181486
50858,55.945279682582495
50859,53.813128391587185
50860,32.638756362487534
50861,38.10693787211963
50862,29.3220005327223
50863,27.008510809426884
50864,33.01492044743006
50865,51.001572831796544
50866,44.77868233908938
50867,43.08842620292272
50868,43.32280284434761
50869,44.866054712767145
50870,64.99399481513771
50871,61.492361894152864
50890,25.71932204669713
50891,28.706661646761958
50892,30.931334530660138
50893,31.854050709276457
50894,38.95169693157573
50895,32.66228847973196
50896,39.14203617827492
50897,39.9586649151222
50898,55.53834520739819
50899,43.865178150402926
50900,45.91538764787312
50901,35.81925181788199
51021,43.04314854917333
51022,39.72204464881893
51023,40.78500861259044
51024,37.581651205390536
51025,29.34242701574543
51026,42.63444131320632
51027,49.58419374440235
51028,44.670625969835605
51029,67.4257141377086
51030,52.76508647676295
51031,46.58949116787753
51032,82.4288845035973
51088,36.201675871891375
51089,45.67019236258344
51090,61.06585174670586
51091,37.769379982686196
51111,23.479097044990834
51112,25.447957906199395
51113,22.2444024713303
51114,50.63995979117089
51122,36.90153220492041
51123,30.985982925562098
51124,44.59879381352875
51125,36.84682625779479
51192,19.956663915005628
51193,24.704714659012467
51194,26.413779260033905
51195,39.87371092071811
51204,40.9294864790158
51205,42.78661218830418
51206,60.719914795012684
51207,48.06305659695604
51208,53.80145644338477
51209,53.529852075163674
51210,73.17409192073796
51211,63.54789595906921
51212,71.89266410948377
51213,78.17967891630052
51214,76.22184160539207
51215,61.39882891534151
51221,18.388472407055495
51222,25.882644678677856
51223,29.724516579253397
51224,23.93940890865246
51225,29.300773880720705
51226,20.95559276031029
51227,27.09403404228474
51228,20.082871528752726
51229,26.955667181139077
51230,36.54009481912645
51231,32.07082423744952
51232,38.013010051954254
51334,22.337018469224397
51335,21.35160808555088
51336,26.28570690736378
51337,24.580165758065014
51338,29.19381496718639
51339,34.02109725143545
51340,32.5545086633342
51341,41.79398937169111
51342,39.12098858099346
51343,30.80048125673374
51344,40.65574210758555
51345,44.35355409660561
51400,21.44285780333869
51401,18.61750473548095
51402,20.591848954550635
51403,30.780496210867938
51404,29.18177159913303
51405,17.496541137990413
51406,26.421991740938346
51479,26.27803430337324
51480,26.119571222888823
51481,27.42895467097651
51482,23.77665429992969
51541,23.259704473022133
51542,32.38018635370105
51543,30.088915973662502
51544,29.90286789585646
51545,30.03726943074193
51546,32.5477470131319
51547,33.44437474388652
51548,30.36391271790839
51549,38.75315327910153
51550,34.8522306442457
51551,40.35159266366518
51552,43.01803249299402
51577,31.31623587537286
51578,43.424057356116606
51579,38.896917631961216
51580,37.9005769318418
51581,45.82407932861059
51582,41.71251321219318
51583,48.42557581691683
51584,37.748538053327565
51585,45.68137051259098
51586,61.98261058548805
51587,56.76832032137288
51616,45.73183314786456
51617,31.29584677394439
51618,49.7278880300577
51619,45.47646549568789
51620,41.13046371395256
51621,64.60889972791524
51622,71.85252752173612
51623,69.97493246330662
51624,44.519299551688334
51625,51.8604173532617
51626,51.777156475355994
51627,74.89730386487732
51674,27.516637524047212
51675,32.5344593061142
51676,38.42886880634744
51677,33.97368899289778
51678,39.07648161579914
51679,34.15909641072996
51680,73.48808473372384
51681,75.03133660214338
51682,45.132339333756036
51683,41.30340925589974
51684,68.01503586148564
51685,48.30483169416398
51702,34.72318052202544
51703,31.897827454167697
51704,31.63254783611943
51705,37.60011509849447
51706,50.37068729402763
51707,47.30356896590757
51708,58.76578958890971
51709,79.00731543745889
51710,49.11603247449375
51711,49.04990902583481
51712,80.22658447557826
51713,75.97291486704422
51718,24.014775959650883
51719,28.149512475596318
51720,30.950803997855097
51721,32.18509210863116
51722,33.71917075129615
51723,29.31169997048687
51724,33.55134834530643
51725,29.7322808344448
51726,46.50020243891048
51727,38.69691462835583
51728,36.962920914400236
51729,31.9348463659558
51730,33.1271374265199
51731,35.34990392119705
51732,46.85716164251525
51733,38.646801260257135
51734,55.47442151357682
51735,60.967625704495674
51736,43.94887082909488
51737,80.95483575759744
51738,41.4815398092066
51739,49.08538096857509
51740,50.85362353911128
51741,58.776356380859305
51747,29.26901907123282
51748,28.17679214999547
51749,28.0858299215638
51750,41.195438472539074
51751,38.8342860171319
51752,36.278782363264675
51792,24.25542854943299
51793,28.576213143184482
51794,28.924247753197626
51795,37.858681556070486
51796,28.28687197953726
51797,26.47474209445369
51798,39.69398129464905
51799,39.62907732211304
51800,53.37574115541843
51801,50.8727713113666
51802,47.744731316439776
51803,46.2585057507882
51812,20.224594184506323
51813,26.226858381957612
51814,26.86775760734065
51815,25.775530686103288
51833,32.364894233872775
51834,31.55295234859007
51835,33.43053158299132
51836,32.768611124536605
51837,43.193860563062366
51838,30.250417022894787
51839,43.74311892007561
51840,30.709894145868965
51841,40.36445871436707
51842,33.93269915121728
51843,30.088111860727416
51844,29.920054279750694
51845,37.48080608901471
51846,48.3184346253104
51847,38.603088951952465
51848,38.032262735312386
51849,40.76175892994217
51850,53.88598555278076
51851,41.88486376435776
51864,38.78624801197955
51865,38.73683028727401
51866,30.10672281979945
51867,42.462469599246866
51868,41.1434040365433
51869,30.705835424148624
51870,46.46982801960453
51871,46.51534219218515
51872,47.92247254284571
51873,44.63799065469586
51874,49.33117428480678
51875,53.82393059530307
51891,20.987286524816753
51892,18.16193345695902
51893,27.31000033495956
51894,26.72427110421978
51921,18.723036084273375
51922,30.91008910525933
51923,30.937674102580964
51924,25.259382969543864
51925,29.858446144520194
51926,30.28968772651637
51927,31.89282931678249
51928,33.916699949296614
51929,33.48508506915768
51930,42.05187044582009
51931,39.30474384141796
51932,40.91610514646242
51937,40.51764779549
51938,49.40297783949849
51939,45.09862775183601
51940,45.92118049234183
51941,49.690536891448886
51942,44.03413385708457
52202,23.976783194794887
52203,30.228070187204708
52204,30.33143440784348
52205,46.810974844888605
52206,22.558884057665253
52207,23.547817893061435
52208,31.868937467872897
52209,33.08137166463546
52333,30.53254795076677
52334,35.79566965218489
52335,40.43776615411079
52336,37.044801546110065
52359,35.214625481614625
52360,39.24254545999622
52361,30.897364339585806
52362,32.04310967579742
52363,66.59212077344493
52364,34.84422706029278
52365,46.161649774931384
52366,58.51856891445232
52367,43.79554090265539
52368,59.72004676354338
52369,47.62395059481818
52370,55.961406861922235
52377,17.43348052947225
52378,18.794510520480536
52379,19.94190743636114
52380,22.1298847305585
52381,25.437673943314863
52382,27.33278662214233
52383,29.227899300969817
52384,29.24096498403445
52385,33.75652185648109
52386,40.4850567576082
52387,32.03709632779512
52388,37.17729874743417
52413,54.094957339442395
52414,51.88291849964607
52415,49.271198506916
52416,52.18857750361885
52417,61.92221686049844
52418,43.51914009982006
52419,50.357931449137105
52420,53.54138806580601
52421,49.02779515630172
52422,28.86959783624158
52423,26.87119207157292
52424,23.432524775653768
52425,28.955876279929107
52499,26.8601411536181
52500,28.715067150562014
52501,30.8620625166433
52502,37.661552493601235
52515,23.79417000101356
52516,51.81259528493356
52517,44.555535958928026
52518,52.24469870534005
52524,25.318073015494484
52525,33.93205720567583
52526,34.41449335057444
52527,36.716560563024075
52587,35.12022233486939
52588,29.948428892329865
52589,31.39893841864471
52590,31.749554535811086
52591,28.62075406930964
52592,42.779502357568695
52593,37.220863987398765
52594,33.248662636783564
52595,49.84912128615111
52614,33.533513606112805
52615,33.807463928974144
52616,34.51707004194231
52617,35.8742925994375
52657,17.889374022750197
52658,21.197163235506544
52659,26.372480129768746
52660,25.387069746095236
52661,43.4983517752248
52662,33.67085708113561
52663,43.41397951424254
52664,68.15461869279308
52719,41.71836396825504
52720,39.02741243528277
52721,29.257721157180455
52722,32.01720239565533
52723,32.92345602895196
52724,50.712168088397014
52725,59.38264033918726
52726,47.50938929475174
52727,43.35797804073444
52728,47.165829787501394
52729,46.45991059813633
52730,44.2309426483702
52753,18.91184292367405
52754,17.819616002436703
52755,20.514090987131645
52756,23.821880199887993
52757,18.329637144656928
52758,25.103678650654054
52759,30.144594010030794
52760,28.039371707798296
52761,26.65428017119106
52762,25.60921674696567
52763,32.78830970090127
52764,30.039508997446497
52802,42.632642523211445
52803,43.6192394034675
52804,45.10827151922036
52805,73.2346025609579
52806,72.93408782085865
52807,69.0732150009692
52808,83.24176964151415
52809,67.36631447850205
52810,45.54755809269596
52811,47.5927970974838
52812,56.65371177344757
52813,84.1387924280058
52861,21.85092086767098
52862,25.239843607711904
52863,25.238106789073193
52864,31.78795988427641
52865,55.22987741466577
52866,42.55193094352039
52867,50.49315073295185
52868,39.30709188806473
52869,58.58881538701348
52870,40.00034866634547
52871,45.7971422109271
52872,43.19175903264599
52913,22.965677113773758
52914,21.26013596447499
52915,23.34129672110852
52916,19.90262942518938
52917,22.783152487690366
52918,30.490957834440422
52919,26.545792848023694
52920,28.73377014222107
52921,41.93381854420217
52922,31.069637445134966
52923,15.137659910220997
52924,28.978607537585127
52925,27.88638061634778
52926,29.96754137298131
52927,16.191927814060058
52928,35.95767948391846
52929,31.65706390448836
52930,25.24498870616482
52931,54.623954712905906
52932,41.6497929882634
52933,49.65750301686722
52934,61.45617746376334
52955,23.289327424207443
52956,40.59652734481236
52957,21.82500434735799
52958,28.396947833646003
52959,43.523966163646726
52960,38.78207514117275
52961,44.82462027421389
52962,47.196295144264695
52963,39.0813235417265
52964,55.068732489826495
52965,45.256279587322425
52966,50.600861642553944
52998,36.009740909188785
52999,33.746055526471885
53000,36.51490026184404
53001,39.95129730252333
53002,29.761299490110616
53003,26.82912988468903
53004,36.676586889463266
53005,32.47632822224637
53006,33.64413488145415
53007,32.23575279653846
53008,36.72198754707978
53009,35.55454164925108
53010,44.132536252398026
53011,48.75827220410824
53012,40.2269295522111
53013,51.091823304603054
53014,28.318612905658718
53015,11.33055193047948
53016,26.53264680004809
53017,29.798211895250958
53018,31.982903162793527
53019,28.190177392008927
53020,57.529032736704885
53021,32.99966640877589
53022,34.727617652952745
53023,41.87618566696471
53024,46.30590636306207
53025,52.93430249772889
53141,30.64036297661619
53142,29.496489512458254
53143,46.068407699948196
53144,35.12683241776552
53145,34.72025160878045
53150,17.760826009793114
53151,23.763090207244396
53152,25.337753273380365
53153,26.512735186582596
53154,24.91401057484766
53155,25.768542875358385
53156,30.70264169717128
53157,32.5477273732098
53158,46.997409804545285
53159,32.073124240689715
53160,32.82410945534555
53161,38.755728347315745
53162,24.631403959929983
53163,24.68657395457324
53164,30.55443661713906
53165,33.827327526606574
53166,32.44822995216536
53167,28.32269032062473
53168,30.085794376643584
53169,24.893585134130163
53170,24.678782264112876
53171,27.84189095081946
53172,36.269827063194754
53173,25.364572492974865
53174,26.889795395252378
53175,28.132422872076756
53176,36.352247254945986
53177,25.15412806935621
53178,35.31044459923563
53179,36.6467967057615
53180,37.92861359072991
53181,65.01776753407172
53182,43.78876071868314
53183,35.61327285276043
53184,37.57724504540316
53185,44.359247071583106
53186,48.09329048401414
53187,46.78568604620221
53193,33.78504670492209
53194,33.00417458899173
53195,27.733784475729685
53196,40.15689305236891
53197,33.88390937826623
53198,58.17170826300249
53199,44.49435751937073
53200,63.25187715497479
53244,26.833661378849865
53245,34.47620854841791
53246,23.09770122856784
53247,37.85575821213085
53248,40.72607008372572
53281,29.25001658447769
53282,25.918165826122383
53283,8.108076437514441
53284,21.536613224958145
53285,26.431098167694515
53291,40.111949355587996
53292,36.51951317533082
53293,33.47402270441105
53294,31.967330247072965
53295,48.15279226483278
53296,43.46262004822107
53297,65.73777109268032
53298,41.916987416312686
53299,55.24360865398892
53300,61.51484534923803
53301,59.40635963958036
53302,46.230771313192236
53318,36.52462707625007
53319,30.23302171515155
53320,40.102339334939266
53321,37.050848623469626
53322,44.74829549726018
53323,45.189442286955696
53324,40.43843225059485
53430,29.200363021203266
53431,34.64095953351373
53432,30.68694866734122
53433,21.525965064674686
53434,36.79661807913713
53435,32.49124376030374
53436,59.01209058500664
53437,45.5364798315061
53438,51.02212561479211
53439,51.374879073570504
53440,41.81883728823054
53441,35.37061597359877
53442,26.79835459812778
53443,35.11947417293923
53444,34.26366118045594
53445,31.445945577225423
53446,52.904275458469805
53447,37.71196229976861
53448,35.27873577348474
53449,36.70020541442571
53450,43.45683250747461
53451,45.287109577001765
53452,42.93149494625175
53453,37.97912957962142
53483,18.157902277425634
53484,37.28078797584529
53485,25.171282262973577
53486,28.983635415136206
53487,33.33828644611133
53488,34.032654276779596
53489,47.374186167823815
53490,62.5343556429729
53491,47.16773218265832
53492,42.72607996668206
53493,42.19207599802109
53494,47.6133135312903
53527,38.920889766939325
53528,28.949399037472354
53529,43.152769791962946
53530,26.942921973257747
53531,34.26415780410175
53544,31.72204613287842
53545,32.863181218678044
53546,39.841322040017005
53547,50.89116478357036
53589,42.643953846977595
53590,61.32574915741195
53591,71.08878760251511
53592,64.42895223935638
53593,64.99636801334526
53594,72.68477963693246
53595,53.25874258059619
53596,56.090479981489864
53597,88.25239168676589
53598,83.45164927589431
53599,59.652539114058165
53600,61.84038316612779
53651,36.808754997551866
53652,68.44909350354506
53653,41.99555139399139
53654,49.89456016817822
53655,50.33196323851818
53656,46.025857329513656
53657,29.693755345975724
53658,55.17962333399129
53659,59.41471817929113
53660,57.648417657623874
53661,52.26026348050887
53662,59.32480039688744
53663,39.4015335531793
53664,56.76199573144985
53665,78.48621743219515
53666,42.04962113213599
53667,34.765892151632585
53668,28.638748859045016
53669,21.647686499873352
53670,35.26418175683109
53671,38.00769906318911
53672,39.025324213459776
53673,35.654600348806866
53674,42.461022254104414
53675,41.98121675011779
53676,47.675461155936105
53677,38.5094481698171
53678,45.36069665391068
53703,30.867435138232103
53704,33.415641577071774
53705,34.03404294359119
53706,38.18451909874885
53707,66.43848992856225
53720,12.454281585246342
53721,14.321809266752197
53722,13.015949270387168
53723,22.16401614838771
53724,22.725683833528535
53725,21.847089987418855
53726,33.3415972401012
53727,22.863608820136662
53728,29.851283401261462
53729,34.56495293783195
53730,38.30477546175464
53731,35.16638487037654
53732,27.872772409905593
53733,27.6574038013812
53734,28.562844079210343
53735,32.06684318425379
53736,38.245790209642884
53737,34.11284994865176
53738,19.34970551754001
53739,39.47059400138923
53740,36.78148681455434
53741,37.29985916861165
53742,40.70279553643611
53743,40.69694886040823
53794,24.165302590125734
53795,28.193222568507323
53796,25.874367191147158
53797,39.82213135607513
53798,27.71783332705406
53936,31.504827254294604
53937,35.97349995172865
53938,38.77884138964859
53939,38.72109920063172
53940,58.072883120175305
53941,41.17070803189156
53942,62.73943019336073
53943,42.823633927625814
53944,43.46611999794683
53945,47.79842564384097
53946,45.505365239156056
53947,79.07392953585615
53954,15.879598661098157
53955,16.73413096160887
53956,17.80229633724727
53957,21.244487084889087
53958,22.712333613461198
53971,27.252505854889932
53972,29.2159010607554
53973,33.51452128908434
53974,35.74819648066801
53975,33.67562416720069
54001,31.235471568486915
54002,30.35687772237724
54003,37.45136884106587
54004,47.55504022660351
54017,29.22370037268363
54018,29.59252039814168
54019,40.017981589946466
54020,26.139618936431972
54021,35.40041938299224
54022,34.81294032332672
54023,38.13593190911155
54024,40.82914385914385
54025,46.611336181342345
54089,39.377976322962496
54090,31.13961174011591
54091,34.599673096374794
54092,43.25543420206868
54093,42.09654953988934
54094,41.97964492941009
54095,63.439482615611425
54108,49.74730721825629
54109,44.60309877303839
54110,35.90178338105114
54111,43.21634541148058
54120,22.232671652507044
54121,20.74076357833595
54122,23.542055100594744
54123,26.450163160417354
54124,27.81119315142565
54125,33.89268888911913
54131,15.448255140317471
54132,18.75604435307382
54133,18.011852041849608
54134,24.172579319785328
54135,24.520613929798458
54136,27.42872198962109
54137,21.643614319020145
54138,40.79075692380929
54139,33.30526365127303
54140,33.35544556777952
54162,30.31381434685975
54163,41.8083215995421
54164,33.81642321347314
54165,34.1646419210478
54178,18.91980619587239
54179,20.387652724444493
54180,22.069132328144306
54181,24.76360731283924
54182,30.124972284907493
54183,29.24637843879782
54184,32.047669961056606
54185,27.061924596323117
54186,33.54310148695034
54187,41.7849895215196
54188,44.479464506214526
54189,45.282350263804666
54202,45.702397733535115
54203,48.420227277937144
54204,46.126344901774395
54205,73.14226052136704
54206,49.132200762692015
54207,52.0980181624558
54208,54.00457815186029
54209,62.100031089182565
54210,87.52260206407156
54246,16.77887878239504
54247,18.64640646390088
54248,21.12724837346815
54249,17.795397615112826
54250,25.851237571876027
54296,50.27839567549761
54297,30.41559641692463
54298,33.16850188357683
54299,38.02110245353303
54300,36.342480645529115
54301,37.586638611628494
54302,50.550754595072526
54303,47.4044971662696
54304,40.017777019591435
54305,49.63410120568277
54306,50.86583492852096
54307,50.097339664583785
54323,28.719456802470937
54324,23.33403028480373
54325,26.855452572687753
54326,29.043429866885127
54327,23.998991355672416
54328,22.079817131245974
54329,18.68244889013711
54330,28.457148414213286
54388,26.74603123636334
54389,38.5609881017372
54390,31.08532624651452
54391,37.89467823786351
54392,46.54953662291737
54475,17.25314809049589
54476,21.387884606441325
54477,22.855731135013443
54478,25.043708429210817
54479,26.51155495778294
54480,30.93915608909826
54481,28.00698648367669
54482,32.94108530548957
54483,31.23554415619082
54484,32.09007645670153
54485,36.703725665822915
54486,28.251728007848648
54493,34.33805797811928
54494,33.859145284943345
54495,32.29663732070344
54496,27.15222644546636
54549,25.19224303676279
54550,24.313649190653123
54551,31.087690696650228
54552,29.441569002284304
54553,34.30303816903298
54554,30.83083755418896
54555,40.06015555364712
54556,36.674375455224904
54557,42.540042903938485
54558,39.07851057484332
54559,41.71207660325962
54564,13.748245956212688
54565,16.976803628726824
54566,20.846260526623997
54567,23.675137046204394
54659,22.664856979605673
54660,30.18661424854966
54661,35.54797922061791
54662,33.549573455949265
54674,26.003771947638164
54675,23.63264978456524
54676,34.475258532191624
54677,29.31156607889742
54714,26.703812661202363
54715,27.692746496598552
54716,31.906714552786198
54717,31.887042776867517
54718,47.30180106207949
54728,34.967418061724274
54729,41.44859495235151
54730,27.373128159285088
54731,43.02059224158185
54732,49.023923974176654
54785,25.536018736192872
54786,35.989945610558436
54787,38.17792290475581
54788,25.843928971380294
54789,25.64103141956395
54790,43.84327302468497
54791,23.120920673750902
54792,18.776074534400458
54793,28.40305410557695
54794,26.804329493842026
54795,25.078367395279763
54796,31.66378228611857
54797,33.69319258618925
54798,39.54762169146299
54799,32.32120441716499
54800,46.54747963154289
54801,43.08134945263378
54802,25.3131251017139
54851,30.179180352256623
54852,23.112832227133982
54853,29.057112982336413
54854,34.48201366063764
54935,33.40121340703924
54936,41.908381059656755
54937,39.829629052255385
54938,36.80501368713119
54953,43.11875788669615
54954,52.664585844770386
54955,63.02787179005168
54956,64.46805629961649
54957,43.76394060657558
54958,48.94761932041745
54959,68.34168385212512
54960,48.09095558277293
54961,54.1384453604655
54962,48.29284109397714
54963,66.26837946458376
54964,78.52191749467313
55017,40.63092372995627
55018,41.542873298584404
55019,22.36556946666486
55020,41.47180756719783
55021,38.298858396085315
55022,47.56941555345167
55023,50.18665931053628
55024,43.484549512437276
55025,46.63120893626967
55026,50.36744111128697
55027,54.00718869097349
55028,50.78305906578385
55041,38.87233013669128
55042,40.83220118996969
55043,46.361024438503485
55044,61.359953700238265
55045,54.72004799874448
55046,44.55829648194644
55047,43.34576212117218
55048,71.81057168616054
55049,39.86839648382921
55050,50.40061738705631
55051,52.96226514246416
55052,61.376531953372606
55060,43.599235550814456
55061,44.092766448393114
55062,54.49376719584779
55063,42.45963400705271
55095,33.51382477794111
55096,43.87476134781267
55097,48.60794769909549
55098,49.903503476808396
55127,33.284282684085575
55128,30.352113078664004
55129,25.18031963612446
55130,28.938008983127126
55131,23.805950986139052
55132,31.009339005604417
55133,30.742643672137696
55134,40.25012044388543
55135,58.31130734557798
55136,40.613568632353996
55137,42.714508378557944
55138,39.04991152136157
55179,26.25325162577087
55180,39.09511920687682
55181,32.99519674222533
55182,33.90605710904293
55183,42.3460828181242
55184,31.11082272953312
55185,52.61214038430931
55186,49.96133960262262
55187,37.205711112041
55188,42.19000179483044
55189,39.43944741993508
55190,48.88033855313827
55191,48.42584199657316
55192,41.042370367319755
55193,45.7781747505321
55194,46.57279889499388
55220,21.499252701112418
55221,27.980429591739643
55222,26.702154592696253
55223,29.6145258702064
55224,35.20688556732787
55225,39.713280682111396
55226,34.78982332440621
55227,44.045690640859014
55228,42.07941223469471
55229,58.60441682508692
55230,31.903159016805823
55231,39.61840791501504
55261,19.61986192110121
55262,24.90199535292726
55263,25.75652765343797
55264,26.824693029076357
55265,25.866867642724472
55266,32.85454222384927
55279,46.03665584886001
55280,40.41417050293961
55281,36.97607579104253
55282,36.30421434722316
55283,43.919198238548184
55284,66.37318748499065
55285,46.85141912410209
55286,73.95456606774376
55287,49.30363586315439
55288,47.852219294331576
55289,63.658772406237674
55290,47.60990127768499
55349,50.75141465483603
55350,47.120686926510665
55351,43.296448367722
55352,43.49848096647694
55353,37.80895154205485
55354,62.09153494092975
55355,72.13183614674374
55356,65.68216835946122
55357,70.78715773955439
55358,59.33525059954838
55359,72.94326892742752
55360,51.89603485693986
55517,18.84799550991727
55518,29.301922384282832
55519,22.796683948056653
55520,23.65121624856735
55521,21.0394962558373
55522,27.20022353377302
55523,29.28138429040655
55524,29.629418900419694
55525,41.017109615538196
55548,30.408094486309835
55549,30.249631405825404
55550,25.584335653783434
55551,19.321592322155162
