Index,target
66,19.95808799138152
67,28.614992317143034
68,32.92811419085484
69,32.218663787740425
70,33.01137256468953
71,39.8303288654479
72,38.893520311153296
73,31.996518812850326
74,48.31747232822462
75,41.36701184448224
76,56.66868452064902
77,49.794656507777844
141,36.46266095107777
142,36.63843731884004
143,38.645607457705935
144,42.1078057568823
217,32.62692861396124
218,34.615881886197315
219,42.3596988679277
220,32.828772054092035
221,14.41393098149989
222,20.360884368485568
223,13.115085972122627
224,17.140704147230817
225,14.443433052572816
226,16.780406489726236
227,38.391479467232365
228,34.22755033676271
229,42.976760348341934
230,39.72426160315
231,50.67328547929532
232,44.587621536154174
233,34.88582602363644
234,47.441753800527884
235,47.70844862077329
236,48.63397701260657
237,47.39095841969229
238,53.500165828380254
239,52.0414335201732
240,52.77939206601085
241,80.1200717433512
242,57.84450138603119
243,66.07603102984928
244,70.16124177661679
423,15.645594104560555
424,18.714624528338316
425,30.563585751461265
426,37.78057422720632
427,40.42242557405898
428,46.819966429528726
429,45.5030261903217
430,42.86066448125474
431,49.13550125813197
432,49.35743328248984
433,41.56324315020079
434,40.95298063128317
447,18.658753382800036
448,24.198818144241518
449,21.41046392410733
450,32.026939627711414
519,23.55980772904676
520,44.948167800914256
521,41.566267523262006
522,41.51810259784327
554,13.379902218768187
555,24.146876113157063
556,45.20669489223717
557,40.874757931098955
558,34.312663211147395
559,15.415734354404664
560,18.673240641570352
561,18.235034013964917
562,23.970221003706587
563,33.00362759480949
585,36.79973436970767
586,44.44826281190254
587,37.121509144302166
588,38.570789353405466
589,39.93742895172903
590,42.763086041797415
591,44.371841109770536
592,44.36096116222584
593,48.02589381276584
594,44.44910522001484
595,37.43602571223478
596,43.835559353005024
606,24.78492746542083
607,33.77262957606984
608,36.62650387627176
609,36.23637581938725
610,33.923138964472194
611,30.450413197985657
612,38.76424176294174
613,34.55523165196142
614,34.26120760789925
615,42.415484881915944
616,41.0378723181287
617,46.17599288011738
618,23.483717285247657
619,33.50449500749888
620,38.35176578551731
621,49.45469996419657
622,40.50447456993226
623,36.41050279030461
624,43.30866823102003
625,57.93374499258384
626,52.909735540556206
638,46.16043541584081
639,40.61967350657527
640,50.13169331977752
641,56.268549313319006
713,50.61448092114185
714,37.624064940685685
715,54.0880637150898
716,56.70895449761306
717,54.98516411330989
718,49.33545246838195
719,60.833913792238924
720,63.13490983310617
721,52.484707313678406
722,55.38558944673704
723,55.813033310846016
724,67.19621639059004
731,30.354027238635403
732,23.229046980910688
733,27.65759765315076
734,31.19191362852558
735,29.869548203758335
736,32.4418921018291
737,35.29789474500783
738,34.86985532534467
739,38.995440570194795
740,37.77784330799185
741,49.234004972134784
742,50.75057832948934
759,33.3661751236407
760,46.628654954667375
761,38.570827686013374
762,33.21114901894558
763,42.14328968380089
770,38.56409322570266
771,40.42158708247512
772,35.82190978361196
773,41.3584652193991
774,42.35274599231263
775,15.13748080041964
776,32.26426290865954
777,29.627950237461285
778,31.043493918908005
779,38.83679504922852
780,41.31166653015406
781,34.080836572283815
782,29.439740782429073
783,46.11576199106759
784,51.67063261646906
785,54.674063085245585
786,45.32597384267694
787,39.34570439887088
788,49.746117966925375
789,45.39326103861503
790,51.876673213463306
791,53.049473968476775
792,57.95564009978974
822,40.290959281922596
823,44.14782005410387
824,51.6989883047975
825,46.89271054641578
826,52.264247581116855
839,22.410921517535066
840,22.430774796322662
841,36.1388398814521
842,35.666492052818626
843,34.90575870434185
844,44.93411054124524
845,39.24504026412275
846,43.955672884995664
847,41.57812332023002
848,41.17626867138113
849,46.94140093067764
850,47.016616914793275
911,20.07508118119118
912,17.312354207536547
913,31.613908328864692
914,22.628391059806493
915,23.35501864696106
916,35.07680131530036
917,37.57741719761414
918,45.792024060534416
919,40.08982222562766
920,44.56283830020037
921,46.25354822207113
922,41.512207033275565
944,22.595991769660095
945,34.481164080441225
946,34.4888642449512
947,33.48144577025593
948,35.040433300393765
949,49.50046731517726
959,46.70837013074948
960,56.20359099893279
961,53.96893602264729
962,49.1540205263376
963,52.72866276910723
964,48.46881710871935
965,57.86820139076561
966,59.646407827387144
967,64.4396709312803
968,61.4547744990099
969,66.18447701207961
970,66.5470543471705
1097,25.1088109948282
1098,32.722321307538486
1099,30.268465986052846
1100,35.614842663608435
1101,42.4498216895457
1102,45.03785383678759
1103,34.79519168804393
1133,34.64508194910259
1134,49.82060578804776
1135,47.19485535027811
1136,52.5824449031141
1137,61.008645625185856
1138,62.30184069875976
1139,29.584137201403525
1140,36.27251096707879
1141,29.45001712854998
1142,30.381439978451883
1143,47.20716142666632
1156,37.35131041686546
1157,26.822131775481296
1158,35.1552766569374
1159,40.74015102368947
1271,31.417404198215074
1272,33.17003476652977
1273,35.777097819461446
1274,37.17888956344579
1275,36.51219200348503
1276,38.48219474792399
1277,53.059052205373824
1278,43.07107114893603
1279,49.34994489516336
1280,51.54008051328489
1281,52.637067682940064
1282,55.04722067045978
1294,56.356571872415266
1295,63.85072323745645
1296,59.64333117451613
1297,59.77116819952364
1298,59.79451251010457
1299,58.257650724479134
1300,63.24627605320424
1301,63.52265913297831
1302,82.4121191994866
1303,66.81839623772798
1304,70.67403121291773
1305,81.40503073299708
1318,13.956395312898257
1319,21.02111693881163
1320,11.515655098774687
1321,24.775218154042893
1322,19.39879782049362
1323,32.00950863269332
1324,35.24824439603134
1325,38.0689369404133
1326,41.87946108672105
1327,47.32988995665381
1328,40.78632910128076
1329,63.699667238427814
1443,23.531193014125808
1444,38.06758660840914
1445,43.1314124122681
1446,38.418839554488855
1447,31.237404778579155
1448,35.02375725963367
1449,29.873506970663747
1450,38.28803041506421
1451,39.2281182208237
1452,48.84485334700596
1453,52.67607837980528
1491,23.126091120722037
1492,30.959981435613457
1493,31.507857594547744
1494,47.969011328630195
1495,36.26163380077483
1496,40.019480562105876
1497,32.988212998842585
1498,44.083559948710935
1499,35.91251599219897
1500,44.14192203592513
1501,39.58169301370054
1502,41.202583601226976
1540,40.67201956776822
1541,48.67309591710781
1542,40.971473514945465
1543,37.326007822383076
1544,50.62904139868827
1545,32.69176748210832
1546,50.41913755858481
1547,48.419727494445034
1548,66.85414906794526
1549,59.26543228007275
1550,63.17820632481488
1551,59.648251089348776
1682,34.45791837140094
1683,54.25061758577972
1684,47.05715129975478
1685,53.18606854160083
1686,42.35770924407208
1687,54.08687978400035
1688,54.90593303118257
1689,59.436698966722325
1690,57.202415800232124
1691,60.65756862718032
1692,66.0145771046341
1693,65.8757933676283
1788,4.585223819316096
1789,5.041060000749381
1790,5.144850305828829
1791,6.228682425868785
1792,6.847902080754217
1793,10.6679903399035
1794,14.893160003702077
1795,22.06301302342537
1796,16.31795016369691
1797,18.63262436489195
1798,22.706580022887312
1799,23.533197642723838
1823,5.1812405414954545
1824,36.02325494207176
1825,35.37988679228497
1826,39.08783457066116
1827,40.128939387767005
1828,41.05063591378585
1829,47.63054224698336
1830,40.18398517254447
1831,61.19082037382588
1832,59.72332560695305
1833,38.901724161573604
1834,52.861540549268575
1835,5.891174187515268
1836,21.707253784928046
1837,31.854606490866153
1838,31.47847108371746
1839,39.833246865724995
1888,11.186253161088837
1889,18.554487994100956
1890,18.854827358376372
1891,19.507436561383514
1892,21.547037665785187
1893,30.054481064108792
1894,23.550984948362075
1895,34.667799053803314
1896,34.96556454568959
1897,41.65000817240804
1898,63.61390236280879
1899,57.170261554491795
1900,14.656519141306278
1901,39.00284713477168
1902,31.38527045512886
1903,35.97871593854449
1921,19.462565132550232
1922,32.571433159996786
1923,32.43035574528134
1924,31.988283922176315
1925,33.41453010289821
1926,38.03882571770588
1927,36.991792221550526
1928,37.90567606105074
1929,39.317330281928086
2057,19.796999922099992
2058,20.375865047186682
2059,21.987720177463988
2060,43.95856917273951
2061,31.564755251962303
2062,33.26949814827549
2063,33.75942627009803
2064,37.65850293414352
2065,43.24376817636507
2066,49.28249659378548
2067,49.977598885299464
2068,58.978992391246585
2139,49.842414083005416
2140,43.21256852904866
2141,48.10382485430661
2142,65.79643190963296
2218,19.855980613720703
2219,37.9295003856103
2220,29.250174327026752
2221,34.75986697586304
2222,38.76792635077234
2223,41.90809992565262
2224,40.40730588250915
2225,48.90288032005412
2226,40.975545900298435
2227,41.59017226971911
2255,39.95172667179504
2256,31.315509570086924
2257,37.14797759649578
2258,34.02973436002749
2259,35.13879398728611
2260,31.650979824290506
2261,38.892547681595644
2262,50.11857525300873
2263,46.28781881955281
2264,42.900831511530114
2265,45.87492819956537
2266,59.8477986212729
2271,32.021457088241995
2272,31.86917973010209
2273,35.649498979530705
2274,34.64048925819353
2287,23.381070932938197
2288,18.587203983541976
2289,31.02043370539992
2290,40.62318012186316
2336,13.679810523141946
2337,29.288681190743183
2338,34.43465603818797
2339,37.82279158612626
2340,43.75572121510633
2341,47.17459221291339
2342,44.58965959087385
2343,51.79976119506935
2344,45.94662169351889
2345,43.62825361798637
2346,50.65652392496475
2347,48.810994493681825
2413,18.56919434040113
2414,28.375426852566243
2415,14.661004042609497
2416,25.114348196004407
2417,30.621539900652852
2418,27.547671929430663
2419,37.82414719281156
2420,35.00936738699838
2437,40.82543648833666
2438,32.01060313373312
2439,45.06064400141332
2440,59.7540229254232
2479,35.40299641135845
2480,45.24120992300731
2481,31.91617630779833
2482,39.22413651310429
2483,18.422067601892614
2484,16.35835587955983
2485,25.471955656771982
2486,25.287417972467892
2487,25.952584893394643
2488,25.237102914073663
2489,45.02000347247967
2490,49.748810455896226
2491,41.61420480069749
2492,37.40758549909228
2493,35.61223758713356
2494,40.136870421497576
2535,39.35591665948633
2536,41.21372699084177
2537,48.49504930972023
2538,47.84239741764429
2539,58.062860860123465
2557,28.850952479747146
2558,17.152805659864494
2559,32.40584675876682
2560,33.91783187838165
2561,34.83016638719908
2562,30.794828746869495
2563,36.360620350575495
2564,57.97121321550319
2565,46.71071117523332
2566,38.70917088413656
2567,49.82158268739867
2568,55.704846087220716
2573,38.351407743793565
2574,42.353656818147435
2575,35.527143467548655
2576,57.86374218773826
2577,31.797093519787843
2578,44.95388795299993
2579,49.53054218905267
2580,40.933372537704905
2581,52.31133860673535
2582,55.52979537493699
2583,59.48554460632727
2584,60.02272917045137
2585,17.902676089122274
2586,13.238533585175487
2587,18.356092924741635
2588,9.45495875630261
2589,39.55353288148516
2590,39.39075751879207
2591,48.576785920810146
2592,47.96561027730307
2593,52.491643250276475
2594,34.43926411822301
2595,35.619708678133684
2596,34.34509758368342
2597,37.67505321485422
2598,60.07416696477976
2599,40.62908980608224
2600,46.10092216107916
2601,50.789127920314996
2602,42.37790871477162
2603,41.030116201050866
2604,54.33901761351752
2605,48.49533599783666
2606,12.701314485754304
2607,19.469417893708535
2608,13.341458174621275
2609,19.99487294569433
2610,17.294205777025518
2632,49.14329252508277
2633,39.27320165070665
2634,54.394314625032116
2635,41.30409318099584
2636,22.3417663535597
2637,28.22260215114295
2638,33.125940994891884
2639,36.396717898221794
2640,32.129895565463556
2641,47.925263094056724
2642,57.42103289644178
2643,43.71269349575373
2644,54.26143707512686
2645,62.9447961952782
2646,51.462144053736175
2647,50.886770598466846
2672,8.338810444891127
2673,9.139959355169273
2674,12.269425438312348
2675,14.313917794272788
2676,12.700489312612419
2677,34.38496066986063
2678,21.573240701159154
2679,39.16999894836959
2680,34.302932694305696
2830,31.791741452544397
2831,16.024117042792223
2832,30.803863935691066
2833,20.6947277586815
2834,41.93762064949678
2903,11.237545702822246
2904,7.994466144053111
2905,12.562655785883097
2906,12.167598728325151
2955,36.7443153428244
2956,46.157222500252416
2957,40.24946228106665
2958,36.14847108695332
2959,41.52497476711284
2960,44.40503588666156
2961,48.28572238498448
2962,56.594280470119706
2963,59.935234762330694
2964,36.822136278663955
2965,43.61244035929538
2966,50.828023457366776
2967,47.398878448857744
2968,42.94075353292054
2969,49.24854773927007
2970,61.944673391558474
2971,56.73104494990263
2972,54.02269976378591
2973,58.573698055926776
2974,61.03324844132099
2975,56.811073242255844
3006,55.255781708445525
3007,66.08543591527958
3008,59.33024051604808
3009,72.39000083285111
3010,60.50799049453521
3011,68.28347179060654
3012,64.7846911632036
3013,64.33562774359902
3014,73.0986101295739
3031,30.05985413569461
3032,20.272020276490164
3033,49.9510783193734
3034,53.18584223187719
3035,39.183931363399026
3036,53.551511043052024
3037,57.046625763311475
3038,48.78202258843728
3167,17.669552986789967
3168,19.896849321499648
3169,24.05442730106285
3170,12.910270185632749
3175,40.9792075219562
3176,36.19998259524197
3177,35.439521831176094
3178,36.468759225727005
3179,44.701639889827646
3180,43.086115883142256
3181,48.99784312180471
3182,60.589044005287974
3183,54.95666341875031
3184,43.02107392345773
3185,64.1088554573664
3186,53.752432697637204
3192,24.361248904742208
3193,19.439013946858264
3194,34.06207897057448
3195,40.93314840889927
3196,33.987690227460256
3197,11.20732969464686
3198,6.29970753343727
3199,22.582128838156112
3200,15.328149610039103
3201,30.183172601403953
3202,45.879474824365126
3203,29.81693517382518
3204,52.025750033247
3293,41.25920037155152
3294,42.892387378207395
3295,34.02279785624437
3296,37.67648116324498
3297,34.72519160562933
3298,45.2436727565764
3299,50.272503844560156
3300,40.33429158305769
3301,43.682110941248865
3302,53.73789510842503
3303,51.30916166422615
3304,45.006550482896145
3305,45.11450385618638
3306,54.938382748697244
3307,57.883864139243286
3308,46.65344501241175
3309,15.221264033631554
3310,20.077458277327576
3311,34.88384926814719
3312,34.14962640249677
3313,39.706381246954884
3334,18.159118387426815
3335,32.19320012466339
3336,35.94899712964418
3337,32.367640974870476
3338,30.95152157200199
3339,31.419444058989377
3340,31.494931092428043
3341,36.033004787518855
3342,34.35457681239832
3343,56.6511365150315
3344,42.28028567088804
3345,41.51299813699857
3346,52.90593015089818
3347,35.379529223053005
3348,42.062891505190635
3361,19.01261037012975
3362,18.22638050532223
3363,15.796234929905388
3364,39.48882742670747
3393,19.94900469381502
3394,19.466839795023965
3395,23.490767829763023
3396,29.486734110294044
3425,35.91583339669484
3426,36.144507311124855
3427,36.86736766718016
3428,59.8772947615554
3429,51.34780446970988
3430,53.701601212864645
3431,54.59202516965299
3432,58.59188319504534
3472,14.734596636300545
3473,22.225770692675447
3474,15.999188668345704
3475,17.523230470884187
3476,21.01989051633307
3477,38.076972045918644
3478,40.173901880905014
3479,39.64986664661443
3480,40.82506003108899
3481,45.435799591181805
3482,36.71750884942312
3483,41.55766490591707
3521,19.519138264103205
3522,9.03499281808446
3523,14.74423831929871
3524,23.636130365910738
3583,18.95217860707126
3584,15.047127139989785
3585,8.802653980769003
3586,38.794838622239716
3587,38.41825215054932
3588,33.25515782761448
3589,39.47471344314889
3590,45.64022455887702
3591,47.656036109913266
3592,53.08237910020384
3593,45.873643161049664
3594,13.278950369991788
3595,24.916971423766718
3596,29.50498788092004
3597,37.74791260560817
3598,36.77955356434709
3599,6.1822401683824575
3600,6.2418223291544965
3601,14.023561048199866
3602,11.521420012743302
3603,15.2482938862607
3604,19.403903845637785
3605,18.517291717726128
3606,36.055641723538145
3607,38.34201735087759
3608,36.63953892775923
3609,40.01002499533222
3610,34.914182919173804
3644,14.090865265104398
3645,16.15357139987656
3646,16.15357139987656
3647,8.086323547437646
3648,17.089159853236517
3649,19.892328707514377
3650,20.850662282014344
3651,34.630762416475704
3652,31.607757764618444
3653,39.76454155380469
3654,39.69086406763226
3655,40.62944162566243
3812,35.04230680544441
3813,33.62099731235293
3814,37.38378132970385
3815,37.360780048988126
3816,55.995240711192935
3817,58.186353807117094
3818,39.35532525239668
3819,37.015123957576165
3820,44.04689711248674
3821,40.1705576394193
3822,49.85314270630989
3823,45.890069416680284
3824,56.19473976523588
3825,51.584601639120024
3826,66.25382547704417
3827,45.44947777425381
3828,48.546775741163266
3829,62.77774311428602
3886,31.101723610216627
3887,32.6811353870151
3888,40.32737707997534
3889,31.838858994007545
4051,15.62742368828445
4052,21.361280137344618
4053,19.601938590287112
4054,22.92496236053684
4055,19.79030334135862
4056,12.7654963199329
4057,18.0651188540224
4058,23.688640064531597
4059,33.226025260267164
4060,36.14386886731237
4061,37.93905943245108
4062,36.46742445899363
4128,15.416290867622319
4129,16.893389495471396
4130,28.6352304630726
4131,18.673797154788005
4132,31.978869435681975
4133,29.839074306204758
4134,28.648823728500616
4135,37.300088473138125
4136,46.330894300098294
4137,45.614978671646554
4176,18.181880359486737
4177,29.547323841736173
4178,27.23028617822563
4179,30.681758953379987
4201,47.88856320924602
4202,47.62516314358162
4203,32.68223506035755
4204,34.97677815656623
4205,37.5537861192471
4206,57.62581922823961
4207,66.51118460895647
4228,51.560727302484786
4229,55.471618227507896
4230,52.64132939013337
4231,56.687612301701
4232,56.60665800781118
4239,23.281871020563464
4240,32.63288865319608
4241,35.05347959559161
4242,36.92150736907064
4249,27.727795708947223
4250,22.356374303282948
4251,32.86964582811951
4252,39.223563659653514
4253,34.30520066118947
4254,37.46250155526866
4255,39.49107958610155
4256,53.8565256747576
4257,32.91918666720642
4258,37.42976637034064
4259,37.53949037258325
4260,48.43033016747391
4270,46.62899899955485
4271,33.436253027285765
4272,48.985462811546725
4273,48.22487055992062
4274,41.42541110534824
4275,45.85320372701246
4276,31.208156565802383
4277,42.0249865850598
4278,36.74920365167917
4279,49.13934938875327
4280,50.71553224032018
4281,38.440860515600754
4282,53.0636044473143
4283,48.14989062027591
4284,50.52390096822046
4285,61.494448807909066
4323,10.447618630523156
4324,20.715863239399013
4325,33.64215218788952
4326,33.28153276466641
4327,40.71257158063777
4328,37.339732122830064
4329,37.052922833904034
4330,51.134910968650836
4331,45.217537988963194
4332,51.44755812314954
4333,39.00751086383296
4362,8.085921925930188
4363,17.024934971124498
4364,17.76064217802107
4365,2.4476207440878515
4366,10.955130914479975
4367,42.634600097885375
4368,14.230147068782717
4369,36.370526384189944
4370,42.02945578414708
4371,34.07466726038107
4399,35.744340581595395
4400,33.27049740666476
4401,37.72151643325666
4402,59.15180560296977
4403,67.33307186016194
4425,23.64762288093605
4426,36.66500657394373
4427,53.68024259589658
4428,37.70773554048109
4429,37.30470407161972
4430,34.91275250983093
4431,38.02915690630977
4432,48.167264389879456
4433,45.39223645262604
4434,48.45892734842846
4435,49.68209399434637
4484,15.815033430377218
4485,15.555540468759132
4486,25.227876181039914
4487,39.24368783469159
4545,18.8552975492912
4546,25.212321364326556
4547,28.889941856501714
4548,37.42016654220098
4549,35.321654886392054
4550,52.37618601284317
4551,44.34041196310883
4552,38.337403920675804
4553,42.526003866696406
4554,42.028083093070045
4555,41.86158416578204
4561,13.96747581157242
4562,20.129661353820815
4563,21.100185105677
4564,13.96747581157242
4698,22.853316032954144
4699,25.954732441734222
4700,35.808568933868294
4701,38.11384502259239
4702,40.644519789269104
4703,39.48493696411324
4704,40.62353604614197
4705,51.13449078039604
4706,36.48756477487917
4707,45.42883042994748
4708,40.336817339169556
4785,14.862831770325299
4786,18.62704371797373
4787,41.162151010587195
4788,30.519611040491053
4828,28.338358221238373
4829,39.56068537944205
4830,31.049075498638974
4831,38.53752903413019
4832,46.68218437793968
4837,6.413160247803558
4838,9.813994453893345
4839,10.75603648992905
4840,41.75357355951927
4891,22.10488624191643
4892,19.07988981659178
4893,22.130811059698907
4894,29.98081976342505
4956,48.11995441469046
4957,65.09585974845189
4958,69.4680041886934
4959,56.48950411853926
4997,16.396184248637173
4998,23.582697924334656
4999,31.694338209826913
5000,29.218079640494082
5001,28.050305848346394
5002,32.882364459272246
5003,29.479436744925255
5004,33.4473609544334
5005,34.59827631810029
5006,33.011822679288144
5007,48.404884632916826
5008,57.05062801802933
5045,5.984416676154434
5046,8.725979618831337
5047,13.574888140128067
5048,15.759450510256569
5085,18.427105094153436
5086,12.74249845834215
5087,12.687190654013358
5088,22.471177165110106
5089,22.6673299054266
5090,35.346521052830916
5091,34.06725140134135
5092,37.77528413308149
5093,41.161938840258244
5094,41.88075852766861
5095,33.69871175858593
5096,41.26134640919269
5097,12.337560932823854
5098,31.606768541453523
5099,33.489559620716655
5100,36.06824889739451
5101,43.920577736423105
5102,40.13291821138987
5103,34.98703760623028
5104,60.41290748083832
5257,9.49167718936023
5258,11.69496554579929
5259,16.433926975322482
5260,9.49167718936023
5261,17.870863392459352
5262,18.626260821794553
5263,30.722954389150768
5264,35.864352294917225
5265,34.1276418606046
5266,32.45862524010262
5267,46.297287757294065
5268,43.91813596284313
5372,50.378895701347616
5373,43.74218599127942
5374,51.366061307168486
5375,54.467510520009796
5376,63.97291198919506
5377,57.86014650202881
5378,54.00766364190233
5379,62.310883797269234
5380,61.49425743946935
5381,69.0850350928359
5382,71.85227598848945
5383,67.69010221715095
5419,20.673545348812784
5420,15.433734152311022
5421,32.34005833851232
5422,33.39858560690113
5423,45.021115533350915
5424,31.346678036736733
5425,42.77892017130095
5426,43.44627891474034
5427,55.82731418293545
5428,55.64616200550486
5429,41.23473289094318
5438,45.87106753793545
5439,51.51012984096474
5440,52.31519284800605
5441,54.45693745055571
5454,47.68714078094814
5455,30.243536910786915
5456,33.15913678613454
5457,39.820568386849196
5458,53.11576192232852
5459,71.48681286429947
5460,53.892681129410995
5461,68.28041008945169
5494,17.49050692220553
5495,15.64443821615217
5496,33.358354797829556
5497,36.667276152927734
5498,31.879662943417422
5499,38.41883364016568
5500,34.64385970793162
5501,38.65093705786502
5629,4.012864395667522
5630,13.983772437415
5631,9.083682518866736
5632,15.587712118886614
5633,39.86486494878466
5634,36.261574348321
5635,44.97536242070441
5636,51.146532257612094
5637,38.26468952989988
5638,48.455012080800984
5639,43.147929884050406
5640,48.299709831603884
5641,48.324817371173694
5642,41.04018702078993
5643,51.95009823063224
5644,52.15210287411106
5645,7.1884898028386255
5646,18.45236902386676
5647,12.37035690101452
5648,21.623625675963066
5649,20.684787611150377
5650,29.911932520767422
5651,38.58509633617815
5652,32.73666539839423
5653,37.30418522273517
5666,39.02963891482902
5667,47.07333819438504
5668,37.086924971545976
5669,41.89546660999247
5670,39.35051963552278
5671,38.24114639778774
5672,52.94606520997023
5673,54.820571033997496
5674,59.26931976278369
5675,54.44329673877896
5676,62.06486622237692
5677,58.12314515028096
5732,15.068617149911985
5733,36.06380771945249
5734,21.961328948475828
5735,33.93827345795866
5736,39.188630933121026
5737,37.89237531691981
5738,42.10695929058895
5739,45.750337049434236
5740,48.797343980980905
5741,45.5410305864148
5742,47.53004127906407
5743,47.85728093822093
5863,52.121137496870666
5864,39.3797590990316
5865,53.969790508957836
5866,50.44432975302267
5867,59.52123907881487
5868,55.67339399645579
5869,62.457024588712045
5870,61.40859613675832
5871,60.881945568563346
5872,66.53077607051604
5873,59.83838663141299
5874,65.23466319756672
5907,34.68617141571072
5908,36.33292041726311
5909,41.763505728806585
5910,54.83023552635903
5911,40.37664832814197
5912,40.98157874812559
5913,37.93985827384404
5914,44.34711894152219
5915,52.871711081425026
5916,61.7337726399206
5917,54.533694845592954
5918,56.34724279925322
5940,28.462678964836847
5941,35.16330804848048
5942,37.83697278401716
5943,32.49829070101834
5944,12.638907296229904
5945,17.4537707988259
5946,17.609759493166187
5947,33.10714110172234
5948,21.781123151657027
5949,36.75393971817649
5950,36.679585050405706
5951,32.171492973680614
5952,43.00685918889713
5953,39.48347468121962
5954,39.357338837484896
5955,56.0503329561742
5980,28.95470738119554
5981,35.812342696211964
5982,28.866839249863247
5983,46.77029579496396
5984,50.176078939816314
5985,36.65653137919768
5986,14.0646801061301
5987,33.98129696194687
5988,45.36329658797919
5989,47.67320472443059
5990,34.808072323545424
5991,37.825431756651305
5992,52.51212532519948
5993,39.01702370971423
5994,37.69367306624303
5995,49.74994299387362
5996,56.45143095426546
6001,36.65950988007472
6002,31.12012627759678
6003,30.86245004725164
6004,50.491605760950065
6005,54.48918798648158
6006,39.609483593638934
6007,61.59795252054021
6008,70.55667585835961
6021,32.43418797127541
6022,35.6700173621349
6023,54.481381358185594
6024,53.914383938784056
6025,63.588584682146326
6026,57.04585520047749
6027,53.427122110876546
6028,54.552872641520025
6029,58.95910624381268
6030,63.3231830177364
6031,62.14933336749528
6032,63.10782831573546
6122,37.821238779104775
6123,19.33227994427353
6124,46.06874667527849
6125,35.97249386282837
6261,23.336496613004577
6262,39.94180147123511
6263,49.189668678319315
6264,57.943648978781965
6265,46.14389020691835
6266,55.2122423067619
6267,57.18501661370933
6268,48.93060529782482
6269,52.55124904949359
6270,56.71595140603924
6271,57.25904450391837
6272,55.735226454069696
6313,42.16523900898184
6314,41.65536888371863
6315,45.32834083851403
6316,46.23155911875578
6317,59.60717191022644
6318,38.87434220507942
6319,53.13749240527161
6320,55.9240469921891
6321,4.656101909804492
6322,5.48033488750051
6323,13.79144911170551
6324,13.86887676341821
6325,13.70768521885819
6326,14.796028056967419
6327,15.726605095296565
6328,31.66918971261223
6329,32.58968691689611
6330,40.84206850035622
6331,40.87012759064831
6332,35.471453778016176
6348,9.984893825276787
6349,13.114359908419862
6350,9.718742264553693
6351,14.991704192558709
6352,13.214676957960643
6353,17.8533030313692
6354,10.42489969804059
6355,28.693231908558165
6356,25.33959745075643
6357,30.321098676187614
6388,30.813979649193257
6389,29.70221104005818
6390,16.154812923155024
6391,32.1448444444298
6392,38.96147221783938
6393,35.07562608765663
6394,32.17591876163675
6395,48.17889521766587
6396,35.75527248047589
6397,38.38582629221806
6398,51.61355186063833
6399,40.21985203105219
6462,15.147138021031083
6463,24.04730132898971
6464,35.01577017435666
6465,42.113390374731125
6486,6.505594085533757
6487,19.712072494835517
6488,18.41335425920346
6489,13.931953316308054
6490,32.40456663355665
6491,29.806617503914644
6492,33.67263428719018
6493,33.82519606359638
6494,36.32963279374937
6495,47.451308654310324
6496,39.89216810388405
6497,49.83826814293839
6538,30.00160594960365
6539,32.449793128786524
6540,31.636799733559855
6541,32.27436762971152
6558,35.4391648025724
6559,42.01275438290401
6560,38.742039395186154
6561,44.39637043543979
6562,13.090118572297708
6563,18.479018686619277
6564,14.410487390108097
6565,31.56812789269794
6566,35.03466898315404
6567,36.74435838082808
6568,33.70855771001958
6569,32.02201828071111
6570,43.74547147289594
6571,40.05240018649674
6572,50.39478809304491
6573,50.22389933289565
6574,29.80556731858918
6575,35.93896662195274
6576,44.24311427769056
6577,37.048714442849636
6578,48.31440167379233
6579,35.66240985238891
6580,24.59170993961862
6581,32.39692538244693
6582,33.831227878595584
6603,29.784785280204094
6604,31.272689296487865
6605,31.895449924413086
6606,30.111934377361315
6607,35.14844768037029
6608,32.57346806186768
6609,52.52575913887835
6610,32.89774602017382
6611,36.954761849669964
6612,40.71164514953491
6613,42.82269451031636
6614,45.689371487379205
6643,10.227566625794902
6644,13.079767793998476
6645,9.138729747367668
6646,15.540441585144059
6647,20.824669870564353
6648,14.74260247673108
6649,13.70382576539763
6650,33.24789573829705
6651,13.742238905840287
6652,30.116370368998062
6653,35.16113154017238
6654,34.870724587227485
6663,31.006750630553622
6664,42.13918526278574
6665,32.66136776569164
6666,40.58545412359916
6667,33.610759680364595
6668,48.563064695326545
6669,44.13057990083034
6670,44.13057990083034
6671,41.31451476348239
6672,46.13811313898965
6673,47.206929695742325
6674,37.7256118615577
6675,25.376447943575965
6676,28.49780365565699
6677,27.501525234189888
6678,33.16172500659783
6753,43.06968739903302
6754,52.66154308705175
6755,55.78465576975554
6756,56.4762946697117
6757,38.82622471774674
6758,40.83385437402582
6759,51.67762710703836
6760,50.734672029752836
6768,36.115311492718604
6769,51.03322052686874
6770,62.55640142671676
6771,56.91562300960773
6772,70.04071181556438
6773,55.15300336040571
6774,68.12867626793083
6775,52.62063734642007
6776,49.9705318572976
6777,59.61143058712348
6778,58.316603310895815
6779,57.678388879330456
6788,13.072462115021134
6789,14.223891774139533
6790,16.41996576087851
6791,14.048814061581002
6792,15.239136526962096
6793,17.17461053414782
6794,19.27333540296283
6795,17.50255392706044
6796,24.908907608658165
6797,33.69821134684537
6798,35.55842644454401
6799,42.829015377104675
6842,36.38539177239911
6843,46.28454166515682
6844,49.196729277610075
6845,52.02621874764533
6846,47.868499821965855
6895,29.586549839097795
6896,37.9906711210738
6897,32.800195694513725
6898,47.5606149770333
6899,44.356400613062
6900,44.62957417647607
6901,48.07644583787577
6902,50.110386649466186
6903,49.031278542446515
6904,55.285797021442065
6905,59.2106888065334
6906,52.09730529197084
6907,59.302318015285216
6908,49.44604632449874
6909,61.87019706682497
6910,43.92563468466242
6956,28.033495099831
6957,37.16830202924975
6958,38.785922496352256
6959,49.55775505616781
6960,47.60726745069401
6961,56.275911235769
6962,37.87085536377194
6963,51.83661811737356
6972,21.66650787303757
6973,30.163229030513772
6974,28.256439170505516
6975,36.91446549919573
6976,48.01812263926727
6977,37.469332502677354
6978,34.966218833713945
6979,34.760784853490165
6980,36.16810653491527
6981,54.11735972038714
6982,49.59318192994481
6983,49.553227507846174
7052,37.671631827624935
7053,32.80569491664948
7054,39.2501209019236
7055,42.38753133969307
7084,3.7672976399988034
7085,3.7672976399988034
7086,3.8785993434323927
7087,3.8785993434323927
7088,11.749333604340974
7089,11.549222993172437
7090,17.37363343482609
7091,24.950469589070856
7092,21.866328878055974
7093,20.32942073479432
7094,25.24849834886011
7095,15.408203027425383
7096,30.063767973460273
7097,40.880095919070115
7098,41.70247400478855
7099,46.0714640705063
7100,62.840972168255455
7101,46.541388557360904
7102,42.19974462893388
7103,43.91507239444273
7104,45.183031611781445
7121,13.06193670180566
7122,29.729526926360325
7123,27.58760088700706
7124,46.48263857972869
7134,51.02197090989677
7135,33.30016508985801
7136,47.17057107859764
7137,58.13622060612088
7199,20.44821488597541
7200,19.15280353712591
7201,42.6093089439526
7202,41.71574211317912
7203,38.08110063934138
7204,33.63107146011249
7205,40.21415856421828
7206,44.01921975387447
7207,39.0857399419185
7208,43.6603309931529
7209,45.2977265436551
7210,44.28218777899252
7279,20.114124187218742
7280,9.17565162205143
7281,35.42954040396583
7282,34.379016587675196
7287,25.18809934981616
7288,19.160762856761345
7289,22.75677553099401
7290,29.94603978150061
7291,35.25639018100929
7292,30.93931808397452
7293,45.743206009553255
7294,52.3101897471208
7295,33.84152050770528
7296,46.03195450595271
7297,50.19429362915393
7298,46.66009588623989
7371,8.297076877393527
7372,11.27953392023444
7373,9.956845236461845
7374,16.876155806605656
7375,17.319071476828405
7376,19.362006449145316
7377,24.898073977392112
7378,25.02429801462315
7379,31.465797896037664
7380,35.38933413622523
7381,38.198280631550325
7382,36.496406626700434
7510,41.09293272466659
7511,41.85957718574552
7512,52.275859034946826
7513,41.98712943814551
7514,49.88516413869432
7551,5.821335340928391
7552,5.821335340928391
7553,5.821335340928391
7554,6.3126538068594105
7590,23.691586240674805
7591,29.081323912685423
7592,35.132314136164176
7593,34.38518834536051
7594,41.02363375384011
7595,16.609254141248346
7596,37.38060279661792
7597,40.11434228029076
7629,27.969996956785177
7630,32.936554078048644
7631,33.36326477632187
7632,28.24733967377426
7633,35.17570718359683
7634,49.303139121399056
7639,27.546538498493142
7640,36.572578876777335
7641,43.37353151018023
7642,42.98364758988397
7643,50.94720289355629
7644,45.891545388366765
7645,52.47127527900338
7646,56.80400554304566
7647,50.823948511073716
7648,14.721654369956774
7649,19.266884762747797
7650,6.840475185833361
7651,13.821449651229592
7652,17.351187545710886
7653,16.46930017222577
7654,14.354794691314758
7655,38.533873656572865
7656,32.21627470355759
7657,35.36220620748082
7658,42.45587669846087
7659,39.73292504874327
7690,14.685425897720423
7691,19.64254647134894
7692,14.60484222605811
7693,36.2854259165549
7694,30.799711493273424
7695,35.96000061736283
7696,26.175423409364786
7697,42.216995433127735
7698,26.31161887941201
7699,36.4077929570223
7700,42.82196525664948
7701,39.28597903654222
7734,5.003087518183082
7735,12.672415594557163
7736,18.18729987112827
7737,34.88143149344459
7738,38.672324661367455
7739,32.541112225599946
7740,33.19818662370581
7749,6.448042500619254
7750,13.826517786033463
7751,6.8417793105699225
7752,16.758701816186196
7753,15.081306310892321
7754,15.223916967777228
7783,20.409729105379117
7784,25.086920330753625
7785,37.79721087632883
7786,30.425798342673524
7787,34.73721844986926
7788,5.556571452547765
7789,15.545767772959964
7790,15.545767772959964
7791,7.0144979969359555
7810,37.164424778311
7811,51.015357340279394
7812,38.39658529097549
7813,55.15402499172279
7814,56.963171083400916
7815,53.014274780200196
7816,50.167725904250176
7817,60.0787060074075
7818,51.45769565712576
7842,32.42559291684618
7843,47.72216633782377
7844,40.5082858089225
7845,47.832464036913336
7878,32.99696894737965
7879,32.18227550947318
7880,34.064450003836136
7881,32.21277106196105
7882,37.449903348445666
7883,32.06668197006703
7884,30.489311791980704
7885,50.24055698655274
7886,44.95954449266006
7887,40.905866170570306
7888,43.45356152762655
7889,48.70277395596458
7895,28.141898857611007
7896,28.359432109743185
7897,27.642077180313507
7898,29.587407296920112
7899,36.65231417338267
7912,10.865203286608914
7913,17.41401352940926
7914,23.205089692560357
7915,22.368035056522704
7916,33.41777129215997
7917,35.40101608637384
7918,37.505546244530656
7919,39.175111738777744
7920,40.60150494470517
7921,45.53416694328543
7922,38.998003801542175
7923,41.148091856419995
7957,30.82552668829417
7958,40.76063282843019
7959,30.61329438319218
7960,34.09126675426504
7961,38.5871284643823
7962,49.937365874523124
7963,51.40319102968697
7964,42.6754930817619
7965,51.41688849218154
7966,47.54458481192401
7967,72.74936782357774
7968,44.358168123221226
7969,45.25786059359935
7970,57.725732891744094
7971,45.29477080814298
7972,45.34700579852871
7973,19.861527307901824
7974,33.76452381892356
7975,27.36902800402695
7976,34.847420845195735
7983,15.358819020012199
7984,4.531878372757438
7985,14.656219361429315
7986,12.405861642658117
8027,41.90242689730302
8028,54.07242746818448
8029,43.14446690526626
8030,47.65513543381319
8031,37.777994158674176
8032,37.35662560474243
8033,38.94094059717022
8034,50.08905294008719
8035,46.03669241850691
8036,40.942294690808275
8037,51.3194451637519
8038,59.14023434675457
8101,20.52825179915444
8102,39.158700839739254
8103,28.46278074139479
8104,30.56190237598551
8105,11.364300409229019
8106,11.832111891876071
8107,10.493480069978503
8108,13.791366089174852
8126,37.53739074046816
8127,43.805172469362994
8128,53.371241223787514
8129,54.34282479917948
8139,45.214560049600166
8140,40.324803712297985
8141,45.50559070919997
8142,33.90613441753533
8143,56.19544266658417
8144,45.18359317250895
8145,48.745123829418525
8146,20.062518332470237
8147,13.990876836652513
8148,21.255460180924285
8149,15.647936577104888
8150,14.965396476176132
8151,16.279044792687145
8152,15.355914129956911
8153,18.23818161620057
8154,16.14217679018499
8162,42.72382826505858
8163,49.57301092811167
8164,34.58652468627522
8165,39.25786939843222
8166,42.877357859395936
8167,45.24444395090172
8168,39.44977057315106
8169,48.864251923896155
8170,53.99876547341214
8171,52.22790020555117
8172,51.58465562048985
8173,55.58037799699673
8203,16.933717443633224
8204,17.013958966679912
8205,23.05207455658779
8206,37.15836614695859
8207,38.85079580268535
8208,33.21639796757597
8209,35.226178518053715
8210,37.62425635281311
8211,49.20158597705602
8212,53.57825850837656
8213,57.42645991647376
8214,50.32381025558978
8215,4.90930266363865
8216,4.206794460935381
8217,13.686349301008198
8218,16.72125732507326
8219,26.091242725128925
8220,20.117521728125688
8221,23.843213918961272
8222,21.634637886095987
8223,26.62351547721119
8224,35.64500993068309
8225,40.5657257568012
8226,30.062446740710204
8305,14.482842526580368
8306,21.258213085702018
8307,19.80622234252717
8308,30.36731356818127
8309,29.60475899784038
8310,38.07029661279466
8343,17.60319293063864
8344,14.322518120208827
8345,12.587874165986724
8346,8.540237022655234
8468,30.351909631496447
8469,37.522582227533185
8470,31.720980191416356
8471,37.46409942935061
8472,21.34212833956866
8473,31.848884924654566
8474,45.86902343434444
8475,34.556061260822084
8476,29.390641456702603
8477,50.59309922750885
8478,54.09518840077296
8479,42.98043951148062
8480,51.40761661535392
8481,43.357597770574785
8482,52.737410304236846
8483,56.395381223728045
8536,23.083663658104598
8537,37.00722617002242
8538,45.270236794427866
8539,38.15557970822787
8540,14.222870706626635
8541,18.41935331721019
8542,14.996761784805798
8543,9.988700509995533
8544,14.148109016250515
8545,38.68566793316302
8546,30.79663912221085
8547,32.12569841969764
8548,40.535421914588454
8549,36.75465266785825
8550,47.10985275130332
8551,41.903888843904056
8564,20.744072735233388
8565,30.462110266624162
8566,28.363067669693343
8567,40.581871708841376
8568,51.730051779758334
8569,47.28632490204052
8570,55.24084425422192
8571,53.73708304371244
8572,64.28471853458773
8573,47.97954516633637
8574,57.59665765419995
8575,62.923343533457974
8604,17.160095790400582
8605,21.444249956927717
8606,29.0763787707913
8607,30.12972189842085
8624,19.146965128712235
8625,17.66330575083033
8626,21.872780953814974
8627,16.892056314799046
8677,20.83772085688194
8678,36.143145460883055
8679,37.85781168546104
8680,34.30982288752457
8681,33.70467552870565
8682,35.929020373284814
8683,42.92788765024497
8684,41.11784999711039
8685,34.87057686478898
8686,32.415857063665825
8687,42.05506084499745
8688,43.84755462122407
8732,50.56492593193486
8733,59.47899739300802
8734,52.83790355453812
8735,67.88961373628753
8768,35.86393399415011
8769,35.04023364268682
8770,38.58800140960371
8771,34.68651395522998
8772,46.82771713848285
8773,48.942639771558184
8774,50.03425599386424
8775,31.25494449550334
8776,19.57268950307883
8777,24.403125208027703
8778,29.90450961117687
8840,33.76691631598124
8841,36.349048050623225
8842,37.95356439700258
8843,41.613293909227735
8844,34.89524138398402
8845,49.73884709179941
8846,43.59722969970351
8847,48.447027625898215
8848,46.69123404241089
8849,44.671304665850705
8850,54.807230543891144
8851,50.21560699711598
8852,29.32823212696858
8853,36.64058951549658
8854,51.874336803429735
8855,66.33054774831001
8868,46.37413763492598
8869,48.32724429221241
8870,48.536518463413636
8871,46.71970021941527
8872,49.23807801574802
8873,46.33855783335522
8874,61.98070953723772
8875,63.33239001244009
8876,65.94412350937482
8877,56.03978808819959
8878,64.06058310047489
8879,58.962502918769154
8898,39.68021733150464
8899,18.363108496056622
8900,17.32317089598919
8901,39.691991082017545
8902,33.91946421681405
8903,32.51106091977532
8904,38.66957950923989
8905,39.488230717337416
8906,32.51379043621278
8907,48.96069682890308
8908,42.55129234203618
8965,34.09240863013982
8966,27.638585681838
8967,35.271807829996206
8968,34.82535770240951
9070,29.79447363142116
9071,36.09862807131952
9072,29.7306540682215
9073,42.41917292510731
9074,29.065119111284048
9087,18.545437013545722
9088,41.32507388444823
9089,42.402531893717956
9090,30.859286994461577
9091,14.899179255314356
9092,21.87580085880811
9093,20.404517016554294
9094,31.350401382047313
9095,31.63476514406589
9096,32.65222906262747
9097,34.03370900961261
9155,32.717291278451796
9156,13.981083685672973
9157,32.03445405247158
9158,31.314885756680848
9159,43.38594119350764
9160,43.68190903700146
9161,34.0417918448272
9162,38.974459918382955
9163,49.2373338472736
9164,60.01044742089075
9165,43.233430526179156
9166,52.54532192300096
9167,36.33813442929285
9168,35.23380645156096
9169,39.414330212383824
9170,33.51548925138327
9171,50.257365048658784
9172,50.03554844129846
9173,50.41516442602054
9195,16.626983700641404
9196,11.115585442808655
9197,19.20817014966099
9198,17.024745841739097
9282,32.62383424398196
9283,18.376447414185918
9284,39.1547657767207
9285,41.07408492910926
9286,38.405411570212294
9287,50.407825889439714
9288,45.3833479664584
9313,15.848828893669529
9314,22.121974609098544
9315,20.982341402649453
9316,30.47851031296275
9359,31.249491120710925
9360,45.419203131587224
9361,49.2148029378567
9362,32.246337373232194
9363,23.795893419472023
9364,28.804469426291515
9365,45.20595252062664
9366,60.345031259925584
9367,56.96615957348518
9368,30.11691776330362
9369,31.573780487502752
9370,41.96948176801668
9371,30.839391589006542
9372,51.14790574796975
9373,42.464544345976805
9374,47.43107967461156
9375,48.23446164914034
9376,31.59803652070127
9377,54.759372173221756
9378,57.023497695454026
9379,42.54351524089467
9380,24.361248904742208
9381,34.87790707863843
9382,34.523462537231765
9383,41.618670269010366
9384,35.37663144425686
9385,35.45449928571484
9386,33.379105188850666
9387,32.88244137977454
9388,39.57992550716747
9389,38.13034331744049
9390,42.08103590707947
9391,47.20830725396821
9392,30.374175592534087
9393,15.051471615923754
9394,31.62436879943259
9395,31.006996025143827
9396,35.42000368604533
9397,31.618992274657252
9398,34.61654449031339
9399,39.651567393506134
9400,43.47233467194353
9401,43.24507145709014
9402,37.47248921493485
9403,34.268823822453776
9502,29.00246474687867
9503,15.453286006403225
9504,31.774434590151746
9505,30.01172702573523
9506,30.485186481463902
9507,31.823475944295094
9508,39.491777985962884
9509,27.62905763247704
9510,30.873802464417203
9511,34.84249650415946
9512,36.764253013316356
9513,37.474398861498415
9514,36.49506142065365
9515,33.442476084633
9516,29.951498745510495
9517,48.000833543480724
9518,51.04967107151688
9519,34.310227888966914
9520,39.11322520813293
9521,34.274759185577565
9522,38.95842214423497
9543,59.38075753076436
9544,55.36944975781343
9545,53.38255415613032
9546,66.37574262341178
9547,53.93562982432011
9548,63.81240640476028
9549,70.72122467926675
9550,55.205959285747085
9551,54.089924423763435
9552,58.34125045233154
9553,74.05515147456107
9554,56.02049945306052
9724,28.60895600364228
9725,20.979747843599636
9726,32.43196953339082
9727,32.71122844209576
9728,29.279321743793194
9729,31.49810917304239
9730,33.84532476239528
9731,23.07332546439216
9732,45.30298185447703
9733,45.36739567100022
9734,45.69235068637469
9735,48.214944661437
9778,32.33085505380868
9779,34.22598201237886
9780,39.87595886405976
9781,34.96784269231572
9826,38.702762380728565
9827,40.33556205452296
9828,34.23963401090918
9829,36.85697617659614
9830,39.912225515053684
9831,41.44869278263239
9832,33.39824911415308
9833,53.84806490479965
9834,45.38559207488333
9835,42.24884913943159
9836,43.41048325852557
9837,42.16080369294742
9850,35.86507298281029
9851,36.9566484608144
9852,54.51210207870083
9853,48.864359490529026
9854,44.24032121825316
9855,48.5428598260339
9856,54.127013309718706
9857,56.30753669975559
9858,53.13184458845298
9859,30.150490374588546
9860,36.41689000771859
9861,34.29532613160329
9862,38.9139512112114
9863,33.74257703711799
9945,32.660307824538364
9946,56.994629320032075
9947,36.1537686570899
9948,54.43823100546025
9949,36.84003140774249
9950,44.71185745480216
9951,66.62448300887041
9952,54.32603997816626
9953,43.47657594113724
9954,47.468000574679095
9955,60.66032946769656
10058,10.220899129112608
10059,31.528943459984436
10060,22.311565799978407
10061,19.801783791419265
10062,34.68358912922556
10063,31.901971421598315
10064,33.06978375090862
10065,36.974887122950264
10066,45.29331744361636
10067,41.086190860515586
10068,43.83101251787251
10069,45.97096455121495
10070,49.66160641118579
10071,36.76336699055313
10072,40.388975026990835
10073,40.27426815209346
10074,54.775018256001076
10145,18.83200503492238
10146,28.959366247058103
10147,35.07805647919489
10148,32.13139640721396
10149,35.55905825255605
10186,42.338824910090786
10187,29.608762169569985
10188,50.46340344677778
10189,45.1915257270316
10190,33.451637936229346
10191,47.68731079404713
10192,51.83620209961375
10193,51.9261577940095
10194,49.92619409106196
10206,28.558589807165983
10207,30.416145955317656
10208,36.80428490313239
10209,34.645679027931365
10210,35.98895820327803
10211,42.46930496069273
10212,34.82869068166832
10213,40.16693931809652
10214,50.555837189153266
10215,45.23947423746641
10239,28.48295062085169
10240,29.771370957312136
10241,35.24964131002152
10242,35.20631196942446
10271,17.578700571738885
10272,9.9736891682821
10273,18.53398232655957
10274,21.492863401735942
10275,15.417178179398807
10276,35.70518620039295
10277,38.69138457035362
10278,37.464508038647466
10279,57.5823618797383
10280,45.24497235578129
10281,52.905065600124296
10282,54.00485999235917
10283,9.49580361095506
10284,14.898088264439144
10285,22.284420581572743
10286,29.523953842961383
10310,39.441650933536884
10311,32.97532051592384
10312,32.36855374450316
10313,30.599613708542613
10314,31.909519236151027
10315,45.544992691741605
10316,47.223440751085406
10317,37.94173323365159
10318,43.84962512991062
10319,48.8964760601282
10320,53.52996934083471
10321,48.908902408092594
10322,21.97842644861041
10323,36.53422580561127
10324,40.06072979500214
10325,39.5194425962526
10326,41.75056881040337
10327,32.71018323638051
10328,28.614823434716644
10329,48.88929508057467
10330,42.485861806781436
10331,42.94296906662064
10332,37.1352844757733
10333,36.6629127174283
10334,54.19217858921837
10335,38.70072971929977
10413,21.359224522002638
10414,39.46795880699728
10415,35.53909397754662
10416,54.02112519059166
10477,27.53628562958222
10478,27.6626400641196
10479,30.24665831804892
10480,34.24075512474966
10481,47.99718843187144
10545,16.058019400118173
10546,30.52224021776624
10547,33.44372337321084
10548,33.3793541307899
10549,32.081804609444085
10550,37.032200860924895
10551,36.6177917742589
10552,49.40598047227945
10553,47.11822135578915
10554,33.371823406862895
10555,39.91664338143233
10556,50.51700463897114
10634,41.19571788227423
10635,33.02108473119386
10636,50.47892228688432
10637,49.36968126518526
10638,40.11927677032431
10639,44.71914025922321
10640,48.652783408717376
10641,49.294811755941026
10677,21.693221407295905
10678,19.046762025376612
10679,28.65045001051268
10680,29.95049939990764
10681,30.70267845747
10682,40.75068275509189
10683,29.480967006178258
10684,42.67923648010262
10685,36.99681607783918
10686,46.694133766983335
10687,31.644086209039298
10688,42.30987481079221
10689,38.762178363029314
10690,46.05603515115491
10691,55.99277386972378
10692,48.13366142167746
10699,18.935030107761392
10700,32.45927361323332
10701,49.677414783252964
10702,40.054639481865365
10703,35.59364880525375
10704,40.16949492168428
10705,42.060693517404744
10706,56.67042727420207
10707,51.398720935008896
10708,44.544901756039735
10709,54.36316536822516
10710,48.702972398282476
10772,22.465478816236267
10773,35.2169641536613
10774,43.74414063671002
10775,49.087972350876726
10776,41.58843865230981
10777,38.28669900637488
10778,39.985084965422146
10779,55.161616329583815
10780,54.93897565018722
10781,64.15876025714282
10782,46.47234660785608
10783,63.20857317160344
10793,11.0059282691233
10794,15.147059141667533
10795,22.334841583458676
10796,27.705696967397426
10797,32.7531920373664
10824,50.407508522302976
10825,39.48686439129711
10826,38.39161537148079
10827,38.2070432542992
10828,47.12306302247697
10829,54.30757152430211
10830,60.876135020554145
10883,8.88860935239843
10884,17.346963976892173
10885,14.337349087808631
10886,19.44597934912936
10934,30.005169476011062
10935,32.875510839609994
10936,19.290985066455693
10937,28.680785123573727
10938,35.76631895296067
10939,38.4034086930389
10940,39.06417116590192
10941,39.128863742718956
10942,40.89425617498199
10943,38.08872798024789
10944,34.80062011378218
10945,51.156647069414966
11128,21.93559183091055
11129,28.381788431677837
11130,34.29731115623558
11131,37.47431062210153
11132,41.442266596017376
11133,36.51769091035254
11134,48.55656507398623
11135,49.737038724941314
11136,53.71564452004396
11137,52.45050660980533
11138,42.02703951081106
11139,47.36083090754428
11189,32.03644532530614
11190,46.14387784940762
11191,35.52908585586592
11192,41.72460131783771
11193,41.646913553295285
11194,43.11422162474823
11195,45.04816112288842
11196,45.32956580321778
11197,47.031002418269836
11198,46.388589087394514
11199,45.4877132853819
11200,57.26453918890857
11236,11.054651202110641
11237,8.74997010590536
11238,18.312882083066647
11239,19.25767783711283
11240,18.22594245917219
11261,9.853189374768142
11262,6.640660967593861
11263,13.820328239059924
11264,27.801235491589114
11361,46.82799001403063
11362,50.16316728511135
11363,52.158749906272504
11364,46.54164668805407
11412,5.741663810788421
11413,18.56339410350334
11414,17.999994234973638
11415,16.680153078251514
11416,24.568439328560384
11417,29.28375841783797
11418,29.876545449104146
11419,27.832426816101812
11420,39.07786957034958
11421,43.35687198866031
11422,56.81562981745167
11423,54.323945165262884
11424,11.890136573751048
11425,14.616925032124385
11426,15.741406329081961
11427,21.81923064371507
11428,26.043702580316904
11429,39.655509648770455
11430,43.442404438172645
11431,46.68975666575872
11432,47.201750924730796
11466,15.589178721104997
11467,14.701487046912696
11468,22.59084910907759
11469,21.027166885885368
11470,34.3471390598704
11471,29.509673811810234
11472,31.004683951684218
11473,39.45061854209934
11474,35.8170633091513
11475,43.3822091713752
11476,42.97731206083674
11494,27.689883842296783
11495,37.36453197351622
11496,39.21881541143318
11497,34.021826469046786
11539,29.74229440295243
11540,28.908291009994112
11541,39.50516374037964
11542,31.90143955971655
11543,36.76580182824419
11641,6.608186439880242
11642,10.299079511955943
11643,5.989893306930604
11644,14.177147567258853
11645,15.707532535602054
11646,15.787379632092177
11647,15.20954872730946
11648,14.94925739198139
11649,17.25318545581435
11650,18.710963291196947
11651,32.73797721500728
11652,25.045922090195678
11757,39.876737425774145
11758,11.99314956813795
11759,40.471862230033004
11760,25.520641959836535
11761,39.538830861828046
11762,51.40720274329769
11763,47.337468987103634
11814,46.99525623565287
11815,36.034058130234584
11816,39.50536407415236
11817,48.34023128082651
11818,56.78398994435492
11819,37.7137000958837
11820,27.68526922424273
11821,34.597043063645366
11822,47.65643030697746
11823,49.2084522656099
11833,2.4673324298779584
11834,2.683196970465706
11835,4.299659744518211
11836,7.054040111418118
11837,10.494154339342476
11838,8.512501285074766
11839,16.49673092776645
11840,17.177934933283378
11841,18.505290705193357
11842,19.636977005441768
11843,30.672941879603243
11844,45.98816338364095
11995,6.436438669102447
11996,6.862600155538231
11997,10.2310096851429
11998,10.2310096851429
12009,34.69817592544282
12010,21.234003124186742
12011,48.93773752247712
12012,43.01317855996659
12013,59.27503650088825
12014,48.560192194696114
12015,40.27983741165118
12016,37.6065040019453
12017,58.61477469145161
12018,41.16540664258671
12019,56.16261174794229
12020,53.851661387885954
12032,39.98796528788254
12033,41.81675275694696
12034,42.02133091745745
12035,47.53830988544725
12036,52.76808992831021
12047,24.08272885432738
12048,27.42987528403281
12049,28.312668287931125
12050,47.759009637149234
12051,50.610725781891105
12106,50.27130273522403
12107,49.83943791247214
12108,52.78370644038231
12109,55.12274475100372
12110,66.88222592855344
12111,59.15378131840392
12112,64.87856753459874
12113,67.03037436416835
12114,69.93678871610662
12115,67.25453603454739
12116,28.0414155661626
12117,39.85264788784734
12118,51.16297442284287
12119,37.14918374946279
12120,43.76056501199378
12121,45.55468998079114
12122,42.36317858518225
12123,42.49151195863891
12124,42.65423129966191
12125,52.051809401239765
12126,51.308150569231735
12127,48.006035047025996
12132,52.506863211201996
12133,45.55311405690601
12134,45.61309437697739
12135,56.35990930961182
12186,30.407581189243977
12187,28.054554616588785
12188,34.91659400921504
12189,31.397830256974895
12190,40.802302642994
12191,45.08690776393385
12192,39.1147721124321
12193,38.01406514688966
12194,46.05330869344618
12195,38.877888624833645
12196,42.974862474435
12197,45.11233917204304
12210,37.34133410904606
12211,21.880148863744736
12212,31.319414422206343
12213,36.54897475016737
12233,14.234437508026383
12234,15.404196884550737
12235,17.52135822387757
12236,23.177735920921577
12237,31.788874485550593
12238,34.01610550839778
12239,35.13282507994803
12240,38.08397350002375
12241,38.724699279606625
12242,40.3571455190639
12243,38.92252032020086
12244,45.501704270596115
12245,39.600816241290524
12246,60.53099301846796
12247,47.1581094570869
12248,40.74485654463292
12249,56.42983542675665
12250,61.09578967658787
12251,48.31447826401787
12252,58.56770837605454
12253,59.661944366255064
12254,57.608245986183675
12255,55.152251052861224
12256,61.433309114400565
12269,47.959195368719556
12270,49.15422253126511
12271,58.3207557917932
12272,58.90040722766227
12273,47.02672874167892
12274,51.59786934364145
12275,66.27897396361001
12276,53.687628032206646
12277,69.25365317955843
12278,62.07229252049904
12279,78.42177660639527
12280,66.71470548397444
12307,17.028263141404302
12308,15.611128155939573
12309,16.61010205954384
12310,31.217281102382678
12311,31.626342912190495
12312,38.98476414870012
12313,32.75024656050026
12314,47.81847326490838
12315,48.41658890154639
12316,45.683255350127894
12317,41.18040644749556
12318,35.60013522639449
12363,19.577157123874787
12364,15.867584547180838
12365,23.32423612066626
12366,27.441983305798264
12367,32.403462878813336
12391,37.629593580202624
12392,41.20183557658198
12393,43.816064481846254
12394,43.765854525322204
12395,47.94024785275287
12396,50.37048201838588
12397,43.782803665327755
12425,40.355603224212246
12426,42.083226556160746
12427,38.09788634571104
12428,53.21721885703744
12429,61.67351910948571
12430,60.580463500293476
12431,66.6454940028944
12432,58.214108728937326
12441,17.263274668418553
12442,27.70359297349105
12443,35.86359533135629
12444,29.76829370937763
12445,40.985412909630675
12446,28.609770333868155
12447,35.89534102120307
12448,38.472606853518016
12449,37.498075474344745
12450,43.20777863883125
12451,50.057518632684875
12452,70.02966845886289
12514,12.466626320568196
12515,13.701358185648049
12516,12.402513176270785
12517,16.302938110454715
12518,13.558747528763142
12519,51.131463034499966
12520,39.9907297816575
12521,37.749271145964215
12522,48.51007727003647
12523,52.25211912018525
12524,59.14020666372099
12525,51.3266002831541
12526,56.49566387635552
12527,49.68755387221965
12528,52.46809349655439
12667,32.75914243085187
12668,32.15521982088323
12669,44.40340677842937
12670,34.23609115551989
12671,54.672885908956346
12672,48.39139307640336
12673,46.293494888893456
12674,57.876461190587044
12675,51.81355115612318
12676,49.58269582808237
12677,60.25166211646148
12678,58.68023950314573
12711,33.98011857154047
12712,35.651468540196674
12713,35.185456366719094
12714,52.45825209120638
12715,49.9519863753322
12716,40.44360708961555
12717,28.944761223106088
12718,36.66039149334508
12719,37.15827241973489
12720,36.813974887391126
12721,36.57147498379193
12722,54.459219168507126
12723,47.966862179102655
12724,49.8789222256939
12725,58.391260482415845
12726,55.14212475511474
12727,46.367538018865915
12733,12.940897048342233
12734,13.80047599155787
12735,19.66400633586901
12736,18.909772634644266
12737,27.634207045927113
12738,21.920248930923925
12739,36.3047030090056
12740,45.65376201017783
12741,39.03902465718377
12754,32.93843863349715
12755,29.997984626419058
12756,32.959977763468615
12757,30.72501446505036
12777,7.938316650860911
12778,11.80182238084049
12779,13.503422191565166
12780,10.025729985415511
12781,21.148792707258853
12782,14.128886123738255
12783,20.65016910521885
12784,14.996542159358823
12785,36.581116356362664
12786,35.13239180127759
12800,34.755608036070875
12801,33.419184923830684
12802,43.133238202211395
12803,52.187425826926045
12804,48.95534373990126
12805,39.924206912356325
12806,51.86161291187429
12807,50.44338456309695
12808,53.05323468631724
12809,54.76101892890316
12826,21.89391912809855
12827,10.122893476722318
12828,11.722366425204346
12829,22.122130075219257
12853,9.757878589813915
12854,16.422608755306047
12855,23.990524990847053
12856,24.322277621191567
12857,24.37621871323363
12858,45.30400737711696
12859,49.6786951435779
12860,50.629455249068016
12861,37.48774556216744
12862,58.73370565200737
12863,47.11879098564597
12864,46.97935070063422
12865,59.047834271668485
12866,49.6487297097469
12867,52.09421287290914
12868,62.62724550927247
12875,19.03689103928466
12876,19.741525067178245
12877,31.86863019525584
12878,41.33314922037767
12879,47.201130369298276
12880,46.81480621804226
12881,41.909057967548144
12882,54.737111605562596
12883,48.57315270866852
12884,67.34398559387455
12916,31.744652454000374
12917,35.83204642807002
12918,35.1772475447055
12919,38.74871049588818
12920,44.45455370044995
12933,16.02469259303201
12934,14.18174333734485
12935,14.797789009466529
12936,23.321981130468217
12937,31.022693698604932
12938,34.066414997580836
12939,34.54334806628507
12940,35.22301963519608
12941,36.79880839812251
12942,36.82155041388215
12943,34.07616310779462
13020,27.814043013777322
13021,32.267023392729016
13022,35.40607923699843
13023,45.753071032154544
13024,44.34773393577157
13025,58.961950890954945
13026,44.81668865132926
13027,44.86958111326703
13028,51.533558413827954
13029,54.827601671759396
13030,49.21511678714936
13031,47.39353928839413
13032,61.649825515641915
13033,53.159253654725404
13034,54.20914225495304
13039,9.706601826135103
13040,19.648403140756493
13041,29.264552971226568
13042,34.92809556236243
13043,22.107792829153183
13044,22.274263470275486
13065,12.605120623482845
13066,20.97419602879568
13067,22.6761141392245
13068,16.586756936161347
13069,22.917211847568524
13070,21.379770546101366
13071,34.55705169111785
13072,36.39854734975501
13073,32.749695599604166
13074,42.85492850688107
13075,35.132175829966805
13076,43.781359021534804
13077,14.362286249160132
13078,13.29941770949733
13079,14.550165023599874
13080,28.99459722311852
13081,30.440569835707606
13134,9.4167532893298
13135,14.458112333554181
13136,23.30418754162
13137,27.170374751976738
13162,22.741189925706646
13163,22.948015938439113
13164,17.73988145352763
13165,23.166219790828887
13166,31.464404440079452
13167,48.281639195425576
13168,31.850585644694345
13169,45.05622142178751
13170,38.89414809545296
13171,52.45423955734255
13172,51.67544873216805
13173,42.370230893599
13195,41.20457407592401
13196,34.24993694216204
13197,35.17103316126004
13198,33.71492462461126
13199,37.41583321781276
13200,41.857241323405106
13201,44.02735737493333
13202,44.779766835751595
13203,42.28906583153051
13204,43.30275916032256
13205,45.83862585802142
13206,53.489408286252804
13219,22.3550760570022
13220,12.562655785883097
13221,21.66315540480937
13222,31.654694332634968
13223,35.844877567032974
13224,37.19151045080815
13225,58.47296563947861
13226,49.326983248796864
13227,44.52860555777394
13252,28.108673535190427
13253,9.9077951659948
13254,8.384257506712185
13255,22.140468779409424
13256,43.762951576958905
13257,31.425242223292873
13258,44.594554206129914
13259,54.04966400773547
13260,51.81200504261443
13261,50.82216570554703
13262,58.61943947663903
13263,57.60485471075033
13294,37.99742611301331
13295,35.049754393165756
13296,46.72191737041781
13297,43.41603993300543
13298,47.91917774504504
13299,48.097846382053326
13300,38.91920818609938
13301,45.207079941600945
13302,48.70364258238048
13303,57.453712039711455
13304,46.22905101589252
13305,55.922155424330846
13332,46.605053770500454
13333,36.16669259577856
13334,41.47894391858199
13335,53.8577719295624
13336,36.63489722444649
13337,47.39899560824709
13338,53.55712811570331
13339,53.17762848704706
13340,56.26669175026578
13341,57.87291172451739
13342,66.00116614812455
13343,53.545256743646874
13344,4.9918542431114625
13345,5.502002718166022
13346,7.75894911478742
13347,14.856184391712182
13348,18.009005812661954
13349,19.358606411974687
13507,8.938612285792013
13508,15.796234929905388
13509,28.932085954272818
13510,34.07747019438449
13564,53.80506747014458
13565,37.3657932726186
13566,41.91868381866511
13567,56.554415431052796
13568,35.60505643850545
13569,45.95057925040249
13570,42.72151649081628
13571,60.664035111240544
13572,65.94542321950765
13573,50.972185527015554
13574,52.38753466556204
13575,59.595195145089455
13674,16.269467187363137
13675,10.036711702279147
13676,17.874520858727955
13677,17.425085391416797
13720,16.414289947086154
13721,10.352639833790343
13722,20.231745331469636
13723,13.593407620367007
13724,8.408012873728797
13725,19.695092750638743
13726,22.059120811332004
13727,47.39005103275461
13728,44.309855046748766
13729,26.48146523362824
13730,28.391062463597677
13731,42.32154220856122
13732,50.02255203007813
13750,32.17920600549076
13751,38.82667350796774
13752,33.53562896804328
13753,36.08750153602908
13754,50.38211259169222
13755,39.74119086960128
13756,39.838341189122374
13757,42.25201240567469
13758,64.7698915448704
13759,58.5548911178277
13760,45.775459143600834
13761,48.11765280586159
13867,22.72720475975023
13868,29.73526963710263
13869,32.74104765127364
13870,36.21220362713544
13871,41.10657663246646
13872,46.554974131852234
13873,53.752471987856204
13874,37.47579290171244
13875,51.75735170427414
13876,39.35609872831048
13877,61.63941961708565
13878,56.213642070833146
13896,35.89623086046065
13897,34.782229483712385
13898,48.88991791941863
13899,44.78179112484409
13918,19.12489361911045
13919,29.869838265614217
13920,50.137930980669445
13921,52.037412739238995
13922,42.7483213963107
13923,38.07077667173405
13924,38.550897681433405
13925,39.649476925902896
13926,40.850229373440044
13927,51.89639478417048
13928,53.402506406610954
13929,59.297817698016814
13946,12.456810501551605
13947,23.211289856917457
13948,17.423330451894785
13949,21.552561790130845
13950,21.391945793988313
13951,32.859286851870166
13952,36.079326660474585
14097,18.4066465686359
14098,13.88927661210889
14099,31.825561405810543
14100,31.69502862716209
14219,25.165111991052342
14220,22.93728178268582
14221,37.02253318392555
14222,34.76317403757517
14325,47.05399882734951
14326,50.016682047911836
14327,48.028265999618334
14328,48.08673446680859
14329,53.90030521011486
14330,46.52331543333919
14331,61.03626664450984
14332,58.23046911355783
14333,44.475489443623566
14384,12.76568703918151
14385,15.963041247825744
14386,17.34844027907416
14387,16.992505968090548
14388,24.806104790041317
14389,32.74679995057419
14390,35.70417345872889
14391,40.6952782931139
14392,38.054008447725636
14393,35.43477222177373
14394,53.6497576973709
14395,35.89119316835441
14396,26.63792066314814
14397,41.77534270320494
14398,46.764640230197784
14399,48.735336370794094
14400,9.946894351428337
14401,12.221981430002641
14402,15.33483726287023
14403,15.381528649992815
14404,19.883401243844133
14405,22.04304321030287
14406,15.361054717801633
14407,34.80035728219525
14408,46.378855832315374
14409,40.74518072872759
14410,38.65695682610383
14468,17.702573616885566
14469,31.51904336999498
14470,35.03307055955785
14471,41.563467684417766
14472,38.33027300079093
14473,35.01143115297112
14474,32.63866490267615
14475,54.116550481199035
14476,45.05569268513914
14477,52.292042886903545
14478,46.49273160654293
14479,42.20433132902537
14498,4.533327490796752
14499,4.782624640567971
14500,5.42277431364322
14501,6.264528802840005
14502,12.330538170820928
14503,6.78092636245296
14504,12.642818735523567
14505,14.694041697604144
14506,21.449905290152188
14507,6.876648051213021
14508,21.943382801152065
14509,15.996834431800028
14510,15.79115441549912
14511,15.69576238005976
14512,20.426642839306176
14513,16.775077902665117
14514,10.139837588444587
14515,24.885576580596044
14516,29.0561316231798
14517,37.14165350091808
14518,30.76781803739542
14519,30.427509570696827
14520,33.07622536908765
14521,32.81474975263381
14535,10.721090864708625
14536,11.047693740482375
14537,16.00708759537275
14538,22.933317154411814
14539,36.27772812316527
14540,28.89087171905106
14541,34.29688405987182
14542,47.7635915437956
14543,45.92785432606288
14544,32.61496256330952
14545,30.576331365162563
14546,42.538523700032265
14547,5.376777637128909
14548,41.531527208703956
14549,27.98054810916898
14550,35.2192043855944
14551,33.29911846650676
14552,41.84185701149715
14553,45.411213714692906
14554,56.51979387365755
14555,51.767987208161294
14556,62.80232883247361
14557,53.69365443582382
14558,64.92484731738095
14563,50.31961814998824
14564,54.68893279784476
14565,38.954074238809866
14566,54.500964921387045
14567,60.51606280781685
14568,65.4935802675494
14591,5.231194762938879
14592,19.574226150026185
14593,37.712041451223314
14594,47.09998891596966
14602,40.37192991043898
14603,48.20698225867615
14604,46.6613517079385
14605,44.24822190447892
14639,15.654720688668581
14640,14.431990547041934
14641,9.401139747793458
14642,29.57820598724125
14663,4.354181388184616
14664,19.05187335974943
14665,25.55252474254709
14666,14.147803421998747
14667,29.821934516937745
14668,33.10124317195111
14669,43.890558558902775
14670,39.094062650659154
14671,43.34536244083467
14672,45.8678916820725
14673,41.285024923202464
14674,51.427625642417
14675,59.16938516675105
14676,37.0549445479492
14677,42.70459135427691
14678,54.86675992665614
14679,46.06087103960508
14680,45.33606695972853
14681,53.137995689015604
14682,45.222089707420295
14694,44.89802247296609
14695,40.03867092833227
14696,37.758303399775706
14697,48.38264328805777
14794,27.765813561168223
14795,27.516450109972908
14796,42.28090155693137
14797,30.675413336237906
14831,6.138377182981982
14832,6.08231956268045
14833,11.963557884071822
14834,10.813593793080452
14835,13.50278356247988
14836,17.403208496663844
14837,21.173410372455425
14838,32.624331386295246
14839,34.30978641112475
14861,43.18148423294426
14862,31.83990280727727
14863,34.558617977749925
14864,32.727391922040056
14865,40.59751108316739
14866,35.35820626254695
14867,31.70220965134182
14868,39.31691492498918
14869,52.65842612046294
14870,38.77951766006184
14871,48.590061488680206
14872,46.56273232797416
14873,34.30439581565469
14874,48.80890627596426
14875,47.63078963157041
14876,47.03382281892387
14877,14.234437508026383
14878,14.405744302356727
14879,17.95417251141854
14880,17.95575863897895
14881,15.695539072148188
14882,24.31403896851904
14977,5.115559586786428
14978,11.149186601231868
14979,8.993691348974306
14980,9.073047792157746
14981,18.813083251132376
14982,13.703041368035693
14983,11.060832400952709
14984,17.17959198443155
14985,23.104063621055882
14986,23.69302568116127
14987,37.64300164385187
14988,35.46951687864071
15001,39.59106383696037
15002,38.12669600869345
15003,51.783132401905476
15004,50.29246722586205
15005,51.309816409430944
15006,53.419459402741495
15007,49.12235810566527
15008,58.0191513815827
15009,37.04275039100736
15010,59.04603105194989
15011,37.20167556566054
15012,20.126384312408746
15013,43.8781461731058
15014,37.6478980084355
15015,41.25506927519843
15016,50.42791278259071
15017,62.10507502923441
15018,45.83558018127063
15019,55.872163845342904
15020,59.75045651454693
15021,59.82721906335422
15022,53.24262819383329
15039,28.70184199390265
15040,33.05459323038038
15041,35.26229168010591
15042,32.7980982387926
15043,36.736161871305576
15044,38.33398553901607
15045,43.75124497513452
15120,51.98931868116964
15121,53.24822121299272
15122,62.08157554097118
15123,42.7533088229634
15136,33.44317698649408
15137,45.84228957403337
15138,35.15153654456536
15139,28.990063389776175
15140,37.631260133442865
15141,41.23311626930225
15186,14.049274995416416
15187,14.826675397534366
15188,9.977766876237636
15189,24.455862939741863
15190,23.5234611378439
15191,19.094242916475427
15192,35.20497603880995
15193,33.94063156040509
15194,41.52580435346621
15216,35.52920080115821
15217,35.41452821584925
15218,49.768986531095514
15219,54.665235853014124
15220,29.886364144756566
15221,41.735391707351134
15222,48.84727499850253
15223,34.38883912937296
15224,36.68124273635711
15225,40.5122888524337
15226,39.09974567991226
15227,36.86127543731446
15228,39.23470256684001
15229,31.906270611951435
15230,42.160503594533445
15231,38.03745639574212
15232,13.605252507230729
15233,31.397767824023756
15234,44.89813259821545
15235,34.775774819009925
15236,41.06336623564421
15237,28.53956515764869
15238,40.56076121568984
15239,56.151672989517785
15240,56.90353155181736
15241,61.33768246583155
15242,52.50430890210969
15243,51.6093465086518
15260,24.82260593817641
15261,29.80993806438325
15262,37.02509400367529
15263,31.961978610198898
15264,48.07346339741477
15265,50.75617210492931
15266,40.166223426617904
15267,46.096202956636624
15268,36.91177639217684
15269,38.99627503229578
15270,53.44600863308709
15271,39.478665745553634
15281,11.44038234185973
15282,22.445108474708956
15283,18.549158384356332
15284,31.13611680862065
15285,33.14091794791356
15286,31.220575106134802
15287,37.560003013472986
15288,47.63326869352101
15289,33.419774573711095
15290,35.11966402703733
15291,44.61436776294905
15292,41.76762709118266
15574,32.43470304710196
15575,40.996320903382504
15576,20.96962217057719
15577,33.68562067329581
15578,39.43730554192062
15579,39.75634890596067
15580,44.15455979799842
15581,41.283092554707345
15582,46.88784656984044
15583,44.951815602965375
15584,49.0622009800728
15585,50.991875602424656
15606,16.817956679223602
15607,32.04335169849534
15608,34.94216390315066
15609,39.70585769070615
15654,13.37167744384506
15655,12.638306407867372
15656,17.080330859706994
15657,12.709644506146644
15711,47.38879889743193
15712,37.924134815812174
15713,37.67049055448673
15714,39.03679723648258
15715,45.845026103206656
15716,44.48957225949056
15717,33.77669812415525
15718,43.52694513168729
15719,41.41062217961952
15720,48.0337828172911
15721,13.158140722300962
15722,23.184596017966765
15723,20.00587355222029
15724,32.28555714397033
15725,44.8330173033509
15726,68.91691093263795
15727,68.91547186901862
15728,70.55092749036488
15729,62.33270805421743
15730,65.53448750810374
15731,72.74680692017232
15732,63.43643766161368
15733,64.25149713767233
15734,80.57354102119425
15735,80.1957227784461
15736,73.02393538914075
15737,74.86737039849675
15762,34.08894818501839
15763,42.392091473579995
15764,44.630759165588174
15765,36.74686711392372
15766,46.413594457255044
15767,57.948163936211984
15768,42.21097807181455
15769,43.93626282028876
15791,36.46603481786566
15792,42.20567362188481
15793,35.48030132795712
15794,37.136654476666216
15795,52.504538155635124
15796,41.66598354308619
15797,56.270015821266185
15798,43.84254665433443
15799,59.216234297259696
15800,45.67634916293489
15801,53.733929546741955
15802,58.2753829703808
15815,22.299816503287172
15816,20.13762577303489
15817,13.753934056846031
15818,32.79926821035595
15819,38.156201732128174
15820,36.26842155469819
15821,35.26654716542311
15822,37.145033271480074
15823,45.350988403064825
15824,39.23826595624764
15825,50.969889881026454
15826,41.30407433099234
15882,4.999078956365141
15883,8.830765259541113
15884,16.40882958066083
15885,18.829674606583964
15943,49.853726831848974
15944,41.03066276251356
15945,40.20239990723842
15946,38.76047474405826
15947,56.74269245358477
15948,4.207349040202025
15949,4.278314628325019
15950,8.271568477276249
15951,12.936536029374125
15952,14.380078916530826
15953,14.208357155222997
15954,16.491995798557987
15955,17.923564329372812
15956,15.911719180381263
15957,17.47385361555125
15958,21.72484523952618
15959,22.684519601614493
15960,35.1388152527288
15961,35.75810382719169
15962,31.208815332200672
15963,37.079914554736526
15964,39.8883381899799
15965,34.561435842858806
15966,39.05368495277497
15967,40.08895113423761
15968,39.624361640762004
15969,47.88554356065381
15970,49.3938436822527
15971,5.052987502134558
15972,6.355505943928232
15973,8.942399838389221
15974,13.264839450975668
15975,16.397078380466798
15976,14.154409257045106
15977,23.024085465348485
15978,23.492479280572333
15979,26.127121584300678
15980,26.125090095526026
15981,36.60967911830256
15982,34.44712601164832
16004,40.76984644474502
16005,31.313767566963204
16006,37.696526447773486
16007,46.91255006741633
16008,45.626822399100185
16009,36.3551061549143
16010,38.46051951314728
16011,47.949844549198204
16012,51.61118829598499
16013,52.4867461845263
16018,12.825570695579794
16019,17.11156200269887
16020,19.937536965213038
16021,37.10480914679384
16061,57.40521956912788
16062,58.95418113214714
16063,62.268254964706024
16064,58.68893493758881
16065,67.80080293099823
16066,65.52055608150269
16067,66.923527564959
16068,67.76737879463315
16069,65.34201837613337
16070,65.75506116642683
16071,71.2704669041265
16072,69.41112400088696
16073,13.823087781523691
16074,9.940621944479258
16075,13.847488429740283
16076,9.940621944479258
16133,15.162712392558833
16134,12.457925763702729
16135,6.253800153848839
16136,11.642499003445456
16137,22.20176096163657
16150,44.00101144186253
16151,43.84822108358489
16152,43.379531223032906
16153,39.24741379654654
16154,48.88285895572956
16155,42.088917046128486
16156,56.18514530068416
16157,45.36812095166832
16158,56.72357431338313
16159,57.309400115771425
16222,32.45835438825218
16223,42.198179480158814
16224,31.56823703196996
16225,38.66670648355504
16234,37.97829683191698
16235,39.75055331507909
16236,34.72231334503048
16237,40.519304832413226
16238,54.18623865805354
16239,44.24089218759473
16240,51.26097464923643
16246,22.968914770230196
16247,34.659108659399195
16248,30.271120068201046
16249,38.78339370606909
16250,41.29058351274287
16271,48.44518979865772
16272,39.41884446725479
16273,58.060523177158856
16274,49.51723181032369
16275,50.0374009887359
16276,54.535794232104415
16277,55.225715877054704
16278,59.86817439145321
16279,61.68825617116565
16280,50.72329022243509
16281,61.69328490774439
16282,69.03424854170643
16354,37.96025915600232
16355,41.65469340021197
16356,41.167371257514006
16357,43.02997731476882
16358,52.144192765426624
16359,46.13396504941092
16360,18.184069079105118
16361,17.689397510874002
16362,22.982260693922292
16363,20.29900887828128
16364,33.493235828795804
16365,36.97814569198795
16366,32.60292133332069
16383,17.207284079087973
16384,22.5543273732478
16385,29.804498090879278
16386,31.365975641433433
16387,33.526762694495396
16388,36.84899314840315
16389,39.55561016435722
16390,30.282322970276045
16391,32.59035142314565
16392,41.591971022599765
16393,36.512037020939
16394,55.5298302967537
16395,56.793237437155994
16396,36.30108630425805
16397,58.54909385601112
16398,58.23861477736957
16399,49.49955149684243
16484,20.2074279615483
16485,18.91318381190642
16486,20.45657168900595
16487,15.342720140720623
16488,17.496004703070632
16489,31.25438365379426
16490,32.61857894427763
16503,5.7365469360323615
16504,6.126246023538478
16505,6.126246023538478
16506,7.349357320208002
16521,21.407290583312847
16522,15.286171147443534
16523,22.40423905256363
16524,16.750263072703188
16525,19.36021987449474
16526,22.2163944849025
16527,39.83218916192922
16528,40.122552546375836
16529,44.067078834361126
16530,41.087534602323366
16531,37.98618625424561
16532,48.625298218027865
16538,24.176748623373257
16539,20.848291996582276
16540,36.11656997530921
16541,40.39609300145699
16542,35.9974855213734
16543,42.10229560067529
16584,5.039013136036919
16585,5.039013136036919
16586,6.0618824945194305
16587,5.477592151391796
16588,9.97415276636602
16589,15.590601238465378
16590,15.47802995500041
16591,20.87390813822499
16592,24.829765817740263
16630,32.41515892984542
16631,25.268205751652893
16632,32.41515892984542
16633,31.298461360294848
16634,38.49393011786216
16635,36.94105898938969
16636,34.06248599879969
16637,43.62956463769195
16638,50.97501929050721
16639,51.44560799157414
16640,37.19435471587331
16641,43.15218246786675
16676,38.42820463981515
16677,27.28995891700455
16678,46.75121470526386
16679,52.35184953271225
16680,59.580983138996814
16681,56.270920695686435
16682,56.68525989280983
16683,45.98234763880293
16684,52.30519504075461
16685,47.54770658762916
16686,68.87323014100998
16687,74.77795738514166
16712,47.0646724915077
16713,46.88756928404167
16714,46.017447902237365
16715,56.754586424056725
16716,42.53182505853179
16717,44.831672079016364
16718,64.10288360424136
16719,56.97242525978273
16720,56.476979806088394
16721,58.43258641242789
16722,69.82468697058442
16723,62.30363901389869
16743,49.93916078804795
16744,39.45550610315917
16745,47.02718480290624
16746,41.50501561837053
16839,17.736847710599832
16840,16.759301133869922
16841,17.348708087526735
16842,14.813430615740437
16843,19.33802885674863
16844,36.405058758383866
16845,34.2309978230739
16846,37.20670012496681
16847,37.79206369933635
16848,44.39450663010602
16849,50.14035580947299
16850,46.03463735130484
16855,40.48714104079203
16856,29.29162811442102
16857,39.597661246295814
16858,37.00600558100868
16859,49.65008505783834
16860,39.3167015047465
16861,51.84747402465017
16862,58.89858673291198
16863,59.78193150566987
16864,49.222201081543865
16865,56.68506973958458
16880,48.07749748338735
16881,40.02570233895756
16882,47.704803690214575
16883,45.25050183149798
16884,43.102030547506544
16885,42.99413837928369
17000,19.304585721502978
17001,33.542201299557
17002,29.311848309305727
17003,30.41607844136141
17004,32.575075139987895
17005,34.78449148655805
17006,48.516047336796184
17007,53.065840222882805
17008,42.34382051161068
17009,54.76488805703984
17010,63.58374356603876
17011,44.909246304485585
17072,35.71570766323395
17073,50.94243715658346
17074,59.54966205191192
17075,49.93741873001783
17076,42.80174452417321
17077,43.60621294176499
17078,39.70888369470628
17079,42.34307321866562
17162,10.703141106249621
17163,24.580144057910523
17164,17.79138652622563
17165,20.82916120055414
17166,31.15903861887625
17167,46.74754560665246
17168,36.0336974464057
17169,41.58146068940546
17236,16.66707642631124
17237,9.546006249518168
17238,13.190001630278449
17239,23.696726832842213
17240,13.403580515427617
17241,21.015487207195957
17242,26.279094346228316
17243,37.102433944070384
17244,27.72746090155843
17245,22.118709455140657
17246,33.178267360511725
17247,35.50398619609176
17248,30.10985848307722
17249,39.84075327242061
17250,37.26861228092526
17251,36.753597828565105
17252,47.71205392700002
17253,41.116903559993254
17258,36.83008475846658
17259,39.615022501882116
17260,49.11020406528676
17261,54.04180964737915
17262,61.78867332185408
17300,25.96939299367072
17301,17.124355365937532
17302,38.43284126873078
17303,20.034474257453777
17304,31.148339506193647
17305,37.28118544143741
17306,32.73091752767459
17307,37.824474981009125
17308,42.83958897191655
17309,50.41320471433876
17310,51.9349078112282
17311,35.460294169659214
17324,18.718915581261285
17325,30.698466110550388
17326,33.161745664373825
17327,37.242408586002526
17328,38.27235980917638
17329,34.87226397729566
17330,39.100233577434054
17331,41.140529574010614
17332,52.4759766385834
17333,46.28396956338141
17334,43.08105898738632
17355,10.459917155591269
17356,13.025390833750519
17357,21.001597870952665
17358,16.450481481371252
17359,22.513067593134917
17360,32.13709343639958
17361,38.362453120416035
17362,38.25583380367849
17363,35.10553993471204
17364,38.54917885118042
17365,38.30004501464164
17366,34.87256915222846
17371,8.16394188348211
17372,19.720937237125856
17373,17.76809603473287
17374,22.73431640484498
17541,19.095777132562553
17542,13.73398982861909
17543,36.46986539599865
17544,40.46547192793197
17545,38.58133461710978
17546,39.29033360353953
17547,44.810893841782715
17548,30.740321181270456
17549,36.283239887169884
17550,49.611959270555005
17551,37.95088307531401
17552,32.38300416599001
17557,15.55995048134101
17558,31.536112105476384
17559,29.601221880556047
17560,35.39971445958992
17561,38.21255051087865
17562,38.135803782547995
17563,45.58230375519813
17564,42.65395801330396
17565,40.06868371752629
17566,41.01491689976899
17567,42.48288006970259
17568,37.202658480018926
17653,6.353441794091599
17654,11.419838139273464
17655,17.234840592327217
17656,19.09400281216749
17657,17.753589485478038
17658,20.956623076438227
17659,32.58060708703142
17660,31.167361037371627
17661,32.806404819056254
17662,31.813502258386055
17663,38.106736253642936
17664,54.933593466516214
17681,29.279027643222832
17682,33.741504968242644
17683,35.37874969362934
17684,34.132954412992085
17685,33.93470851740017
17722,10.859186922648767
17723,23.17582120085116
17724,19.696207403114506
17725,16.5083045970283
17726,33.36886624992142
17727,36.50422683566582
17728,38.333196585287695
17729,50.457314485216635
17730,38.659410228195966
17731,37.88122661259776
17732,36.54633418969135
17733,33.58566126669515
17765,5.097365967746472
17766,14.502602311900311
17767,9.259903514919086
17768,15.73265797907558
17769,21.88866138252516
17770,18.135550053919008
17771,30.720220079856833
17772,38.650876919589145
17773,29.551726916171976
17774,45.50010660323176
17775,33.54797404796888
17776,39.01132227789366
17797,27.907383260056207
17798,33.51522236610078
17799,26.264673544344653
17800,35.78551297220769
17847,29.112033143339698
17848,20.89068821438409
17849,35.32129991394535
17850,35.71474293411098
17851,36.014358622437115
17852,37.702634253904826
17853,43.07266756695753
17854,61.024569565467765
17855,58.73907162116071
17882,27.568376958159597
17883,24.682521039090364
17884,33.777530762735445
17885,32.88281733154732
17886,46.16830723007687
17936,8.79142960883061
17937,12.959750219300872
17938,22.469446115472994
17939,18.85894808233468
17940,26.92018637748693
17951,35.522153930829326
17952,41.92527318721361
17953,40.323328530110686
17954,44.74075667136872
17955,38.33796357184289
17956,52.59340491020596
17957,50.97786728945313
17958,51.95194547691444
17959,43.337653553263195
17960,48.899050587406315
17961,50.5930024888859
17987,31.806056012418846
17988,36.172656304749005
17989,35.614235096532546
17990,37.11736551538711
17991,44.75658489276222
17997,34.686195601029866
17998,40.51148119025725
17999,37.705564275706664
18000,46.80694990589236
18001,36.10032299195197
18002,47.12883779218836
18003,43.906431646248656
18004,62.02568777257784
18005,53.34813467894209
18006,48.61682842163277
18007,57.76847268458159
18008,64.63113892508451
18096,21.704653528859588
18097,21.370152737550217
18098,31.220582554864144
18099,32.61097632118423
18100,33.1592190132578
18101,34.793552131589855
18102,8.183829016889705
18103,8.183829016889705
18104,12.822743952900964
18105,8.116027389698607
18106,12.754942325709862
18107,11.380160726897117
18108,16.875477128747953
18109,16.819419508446423
18110,21.431294657509696
18111,16.218663361120413
18112,37.336558870727025
18113,38.74498571672238
18124,13.06186803486495
18125,23.38442536286824
18126,14.311542572746802
18127,25.821489586314783
18128,29.033438758523634
18129,33.86538288074822
18130,32.8427506909209
18131,33.470710007065485
18132,44.90041648997324
18133,50.943930505718306
18134,43.67920694698922
18135,43.201779736893656
18184,3.435564049748644
18185,12.373068484565724
18186,9.724621599814169
18187,3.605821747237076
18188,13.420935851199168
18189,5.701964996826159
18190,15.72688606410365
18191,29.85201702080245
18192,38.235120865957875
18193,33.28662886520504
18194,28.771758990642923
18195,39.727878395660916
18221,31.277428048650282
18222,35.05301498370404
18223,27.822022349298983
18224,46.55545701820694
18321,15.438662162769559
18322,14.171570208927069
18323,35.68297394910318
18324,23.46544108651414
18325,35.71816728399734
18326,30.76003167558515
18327,33.22858516421507
18328,37.48163553564301
18329,44.39870256225821
18330,33.239223535931195
18331,41.14007536260802
18332,32.173464551251904
18391,32.592488460534305
18392,34.73692958056375
18393,35.62730396063368
18394,27.652243233220908
18395,35.23844437701322
18396,40.039219344106066
18397,20.50996870270225
18398,31.968140342046603
18399,30.857350320021173
18400,30.259204662784466
18401,32.48243747137841
18402,42.592543092319026
18403,33.49995297464389
18404,46.69209560442608
18405,58.52903237697629
18406,39.98158939217387
18407,50.4978319507524
18408,57.10706165832145
18479,5.072217003179724
18480,5.555849411615133
18481,12.460341893249959
18482,11.032398444253886
18483,14.293188703219672
18484,12.261034495364795
18485,13.484145792034319
18486,25.231121180334856
18487,22.12992562625396
18488,26.07671590501614
18489,41.6883122612809
18490,42.308827736701744
18566,14.348235538330528
18567,18.605324789122097
18568,24.32120668545807
18569,27.227043668019224
18570,40.47249037643267
18571,37.15400565665596
18572,36.07933326878693
18573,35.36954507877895
18574,38.01063531679244
18575,36.27940084567659
18576,45.93987846316914
18577,40.48899656623028
18578,53.95111398694648
18579,53.58142458448608
18580,55.845714602056496
18581,55.07668403448633
18653,29.548835861307346
18654,38.42767817396724
18655,29.548835861307346
18656,50.72674918922892
18657,51.37504479064931
18658,59.35650102316122
18659,55.4351484086629
18660,58.38537489591678
18661,57.58306172809658
18662,56.85376252593231
18663,64.19055551830598
18664,58.71925796962647
18665,22.939150264541034
18666,30.544268502822714
18667,30.477090075363748
18668,33.39219476532537
18669,13.171530812539752
18670,13.550364762914159
18671,18.242813249455693
18672,14.470375821917015
18673,18.900760797689227
18674,18.420888204232966
18757,21.876694579780658
18758,28.286645698842744
18759,45.93770804593738
18760,33.35545245004113
18761,27.644881719450243
18780,19.45308448465892
18781,21.259117447181985
18782,29.228531883658015
18783,35.69532810062765
18816,10.766676245575418
18817,32.83907998139617
18818,18.663436772752753
18819,33.65567951339853
18841,45.0466626515295
18842,41.28315128570294
18843,38.62624290680793
18844,37.44533508896039
18845,49.45731753616297
18846,42.86690520892596
18873,30.837280506376306
18874,50.17266443379616
18875,43.17968404714976
18876,51.49992891481653
18947,30.841094304542064
18948,34.21547119615491
18949,35.93491861484534
18950,30.429915920031224
18951,32.21995951915172
18952,35.77119204209297
18953,30.36364585473726
18954,36.59297930565021
18955,38.044361511835426
18956,43.699888940835926
18957,39.37762719387333
18958,47.84721148463229
18979,35.39581096080431
18980,50.281984139406234
18981,37.57041438334596
18982,31.198109641070793
18983,39.24182367341434
18984,40.163917527356894
18985,38.38335944805713
18986,44.63401575666133
18987,54.49897436730445
18988,45.45182798339262
18989,48.3482412185917
18990,53.06660219164788
18991,13.826517786033463
18992,23.9535607821329
18993,23.9535607821329
18994,32.41440079015423
18995,32.10241863649059
18996,32.633099619951885
18997,22.131829707481852
18998,38.55636757598027
18999,47.87875274487787
19000,38.9803087575381
19001,36.78015703485587
19002,40.65329657300482
19003,46.512771859431
19004,49.475211506825694
19005,51.62990684882595
19006,53.49322942453301
19007,47.5410971539803
19008,58.87413884663499
19105,9.317112642599948
19106,13.004181918455448
19107,8.75492461947954
19108,11.267400092685152
19109,16.731274283528606
19110,10.874494198631812
19111,22.411227595337106
19112,34.63019320036245
19113,33.64095075193256
19114,38.11726615059482
19115,44.98129211771276
19116,31.87737762151302
19259,53.06606370057253
19260,50.551542835378434
19261,42.73576803994536
19262,50.14387984970312
19263,58.22971029675883
19264,60.45187310323489
19265,56.347116909502866
19266,61.12430423080624
19278,35.670206131081486
19279,35.903842485526184
19280,30.83073619927261
19281,43.173987420202444
19312,23.5389874226257
19313,32.07161382859756
19314,36.18111710228459
19315,32.372913669089755
19350,47.11534685366792
19351,48.927016234360785
19352,42.973640600477424
19353,46.08685479379813
19368,31.93684750337928
19369,29.313614141142853
19370,34.67340232932115
19371,42.571808411306975
19372,40.09570933430865
19373,40.39769788110548
19374,41.28887918872848
19375,45.646021864054624
19376,44.01683230750533
19377,43.27247756179387
19378,42.190127778094826
19379,53.481717246221116
19397,20.40455406920513
19398,13.055819716637897
19399,15.144589037989025
19400,21.537111718357576
19430,24.049160317575254
19431,19.112130854288207
19432,22.479097965663712
19433,51.48382459827573
19434,47.30954615025576
19435,39.95054483807592
19436,41.71026276637064
19437,41.606465376787746
19438,40.77357678332903
19439,44.301699855413766
19440,42.1558351573617
19441,42.60729587451475
19454,18.98583879384794
19455,14.473233165785944
19456,29.932372391100163
19457,32.63387323028014
19458,37.70726439522516
19459,32.56104318375617
19460,48.054699597628726
19461,34.85288768567339
19462,36.04749881489975
19463,49.76548701680176
19501,37.38627789959916
19502,38.10599525800742
19503,33.113810873039355
19504,51.76111938146295
19505,41.61786279579274
19506,38.51525231101775
19507,54.19557832931697
19508,39.00195628488328
19509,42.26468083504341
19510,65.29253794523976
19511,58.806910258915124
19512,53.60146938482279
19566,3.6772531645155535
19567,5.923348680039194
19568,8.979983290765535
19569,10.271976878128203
19570,15.04662190705574
19571,17.581940939082482
19572,18.911457776978686
19573,18.911457776978686
19574,16.66960952783087
19575,33.522914505906655
19576,33.91935094292528
19577,33.4036220280741
19590,12.032560291633807
19591,10.970134439952357
19592,10.970134439952357
19593,13.696922898325695
19687,17.610819993907633
19688,14.866629412216051
19689,21.715251681419694
19690,29.16326066134614
19691,36.94447388910913
19692,29.884389335464896
19693,37.079107331365066
19694,39.94396535213701
19695,41.01909581024114
19696,42.63141989261463
19697,48.84748554943338
19698,53.24298688740703
19759,45.349574998546814
19760,33.24823445525168
19761,25.72547761090822
19762,38.5956762859361
19775,54.07088661159336
19776,54.40312923420974
19777,49.09794499980674
19778,43.60053878156494
19914,13.582881208624169
19915,5.154587521632232
19916,17.522765310714078
19917,22.918704404805226
19926,30.974192407212744
19927,29.36540425033935
19928,48.388470317631935
19929,37.065111863802564
19930,40.14792835284468
19931,37.55405096926456
19932,53.80088746296859
19933,51.792707547492256
19934,58.0049645553381
19935,53.514015025814544
19936,45.19663355875984
19937,43.66779926846934
20000,12.624242225223874
20001,34.646243784363264
20002,34.935499540253794
20003,42.6704066457946
20004,38.578686883783384
20005,45.99045325582645
20006,36.46672051612121
20007,49.1606174784227
20008,37.32842551662524
20009,56.00336640529881
20010,51.57510430241661
20011,40.923250254797054
20012,8.7774942183413
20013,4.527379428680757
20014,17.14407433306809
20015,14.452856609921179
20016,16.883525294332973
20017,22.400585950133465
20018,18.521367133869273
20019,31.44020296940678
20020,37.042125194895384
20021,39.959470400121226
20068,20.114752573263814
20069,42.16218042805768
20070,34.57493768123208
20071,41.979956541595925
20072,46.459008587614186
20073,37.44184280060936
20095,16.810663151330353
20096,16.99789128368175
20097,37.322485032949004
20098,21.836538784388463
20147,45.12500326412089
20148,52.040371209836074
20149,39.47710290154062
20150,35.227835231040444
20151,48.884257129919284
20164,30.127632427492053
20165,18.45860274076971
20166,21.395283734567478
20167,34.46262448843564
20168,31.374230796991878
20169,30.887949703938567
20170,31.017732935094784
20171,42.96131937181114
20172,41.75082241919506
20173,43.79440602084037
20174,48.11061951485259
20175,45.93915697822332
20245,11.513001275009351
20246,15.9395544400453
20247,19.689539821875684
20248,21.45354088716529
20249,17.983054542595575
20250,18.322634460661444
20251,21.97031093586015
20252,21.37273412562167
20253,24.959471545665387
20254,27.11293426754241
20255,27.07415223454083
20256,23.62369188225078
20285,23.16641556134282
20286,22.784259970744095
20287,11.768364224584388
20288,43.249798160825705
20289,37.83942848520214
20310,13.77991897404508
20311,17.271803315595825
20312,19.052210974912434
20313,16.012602953473515
20343,10.580735151496206
20344,10.606712882467093
20345,9.916319986041243
20346,14.130765256898773
20437,5.049822123086981
20438,4.94698875715176
20439,5.674515137324545
20440,6.004462635164134
20441,9.57378013357014
20442,16.380553888504775
20447,5.525201802967702
20448,8.036755071775156
20449,7.989195529796893
20450,10.448384796166307
20507,14.09571571399074
20508,12.719385534350884
20509,14.017314655140273
20510,12.7738935538728
20557,35.475678591985904
20558,14.586046057717676
20559,19.657402680697192
20560,37.35539626933432
20561,37.4202256667948
20562,48.302566207621375
20563,48.86763955443072
20611,43.05938754401925
20612,36.967779792742235
20613,33.39682140481526
20614,38.06189652542692
20615,40.940114565061435
20616,34.3100969121997
20738,20.698739581627656
20739,25.772822725020134
20740,35.2076148515243
20741,29.362255756476912
20762,19.979047003821368
20763,28.660631419993408
20764,32.720657029459055
20765,17.427446372051467
20766,27.728487759238302
20767,30.27355243162375
20768,34.53355810728741
20769,45.355859934626444
20770,31.352033123594094
20771,31.410439192486457
20772,37.22413074354914
20773,43.155528704050575
20790,43.50524737047315
20791,52.124970921449794
20792,58.401137422098074
20793,56.29255904410205
20888,4.421668859751384
20889,19.45489055163391
20890,22.68494219077393
20891,13.821236214985865
20892,46.61947477153387
20893,43.721767108598016
20894,51.46209267186293
20895,45.05434574105843
20900,15.406166142562547
20901,14.008003567345174
20902,24.768442976553953
20903,35.673548127085226
20904,35.61449621649209
20905,35.8288116896849
20906,53.06496744967629
20907,34.57273644515483
20908,43.18120077375951
20909,42.01441223509106
20953,15.652826495806787
20954,13.002039417854721
20955,21.05571482388587
20956,25.218128568013086
20957,31.392908376583133
20982,27.242134425123748
20983,41.59074793267901
20984,37.445381527905994
20985,39.09937410262647
20990,19.752682259466315
20991,31.164682706187296
20992,31.95467701601471
20993,33.10983827100376
20999,51.934074672274555
21000,40.924178452759996
21001,36.04011785648561
21002,51.86163854959619
21007,21.165532493080303
21008,24.210726227074773
21009,30.96839983324843
21010,33.934898742021694
21047,34.4796437259754
21048,29.775859627226414
21049,33.94756938072915
21050,44.615050752872925
21051,39.90028537037815
21052,36.16169205880243
21053,47.049195903238584
21054,7.926438385777512
21055,11.128297066659108
21056,13.073611140176364
21057,15.55827926040368
21058,21.44166092363901
21059,20.773765179368368
21060,26.49760192564855
21061,24.463999888238625
21089,41.656606465848924
21090,46.62033922716397
21091,50.756620091852426
21092,53.578154989766716
21093,49.34423142662166
21094,60.35294348333195
21095,58.69017776273729
21122,12.987031444078527
21123,34.219567136573524
21124,22.810167580889875
21125,9.848243716328632
21126,9.927126389103075
21127,34.26557144159926
21128,35.4504081035545
21129,36.60481476073606
21130,34.10415545836256
21131,41.00313235829007
21132,46.4094712839251
21133,39.31490620462647
21189,25.226572411663717
21190,19.805105025329162
21191,20.225516948274333
21192,44.62268414957869
21193,35.83574941724759
21194,45.89572056572524
21195,51.464633977156915
21196,47.13748536708903
21197,42.10801453281633
21198,57.26752395922056
21199,53.15665216352316
21200,40.46350416705654
21234,16.983209430193863
21235,33.463425837115196
21236,30.317724682946746
21237,39.718850601387615
21238,41.92452208103919
21239,39.32946607363503
21240,36.43146447346997
21241,44.71098627603596
21242,45.75645823570708
21243,53.18032210641686
21244,51.77070401205465
21245,48.04414193113405
21246,31.8090782310309
21247,24.49014867749562
21248,19.560552037401504
21249,20.123951905931207
21250,33.62493166497926
21251,31.64976535160511
21252,32.123483065913334
21253,37.56287046817842
21254,33.09103456328835
21321,40.63483186483712
21322,31.543356357600626
21323,28.565712216156843
21324,50.43039097044096
21325,54.61161829369125
21326,53.18832482442455
21327,54.18205578171162
21328,58.364360888058684
21329,53.819249826366054
21330,52.06030099356961
21331,50.148150274924795
21332,53.47973266255747
21421,30.335241485109425
21422,23.927942685033926
21423,37.232741271166915
21424,31.866479653051513
21469,31.140076499840916
21470,20.892675726193403
21471,36.14163547430246
21472,30.418680455583733
21473,33.25661691636852
21474,40.36681257808517
21475,36.78276225467217
21476,46.00837691974924
21477,34.97399265797966
21478,49.08265245059026
21491,29.78130366170825
21492,33.68511492367041
21493,33.88195502661322
21494,32.52912780706235
21495,32.349463089777515
21496,41.66192283374524
21497,36.36929289626199
21498,47.487879782522114
21499,55.29796069273887
21500,50.555788678759484
21501,44.99131077203049
21502,60.87098075741705
21553,36.74562409624342
21554,33.66829210575657
21555,33.16200541402628
21556,42.87096818974112
21557,48.30858305345636
21558,52.93619978261845
21559,44.35975206233363
21560,60.95805163769319
21605,60.40092589488744
21606,58.78679084074649
21607,63.45349026598959
21608,49.2375046541358
21609,58.74343245951837
21610,61.75926845927117
21611,64.0156592241172
21686,18.571514658940444
21687,28.96749618141958
21688,29.520462553158538
21689,37.6696316590336
21690,20.257084528978712
21691,32.43603403082502
21692,36.02073090567221
21693,51.21895366020552
21694,40.00210248194578
21695,49.38887031864522
21696,54.78842869020814
21697,50.5409910510397
21698,42.09242728218652
21699,52.03295107470848
21700,51.70622668654104
21701,50.700911741572796
21735,17.437815165868656
21736,6.9314857065955735
21737,24.43700398810922
21738,34.59063036553413
21739,33.42816177158508
21740,36.41579537133636
21741,39.18057242342729
21742,34.943441518880825
21743,40.622756626429805
21744,45.833307342683376
21745,34.77734133328503
21746,40.45911193881112
21840,27.37038746448464
21841,29.807883116271537
21842,33.15508350681852
21843,31.81393714146874
21844,39.82732096938791
21845,45.849178713950884
21875,13.306018608599645
21876,12.387157124232886
21877,10.395075467649912
21878,19.94771685479885
21879,13.791538577789531
21880,18.28631050502571
21891,13.480199770122194
21892,22.242795569747486
21893,29.868885569622133
21894,36.37108600995402
21934,35.35473326489694
21935,30.26675761148408
21936,14.07801291783469
21937,36.987830104347324
21938,48.03117031181952
21939,42.338828511460854
21940,34.91854539310634
21941,45.80958469081001
21942,44.763639365550894
21943,50.434760720399645
21944,39.370551899621894
21945,50.711300033438455
22029,53.29641626006332
22030,62.05506745441379
22031,66.32504626317768
22032,51.77028199992872
22033,57.25449501043167
22034,63.77201930849821
22208,41.70548435297186
22209,31.180696472751414
22210,30.399169759520596
22211,39.53641409856062
22212,42.64447961705753
22213,41.74370166801217
22214,59.969661882608634
22215,52.41283439381943
22216,46.17546245108509
22217,61.522972832101935
22218,16.65331002952802
22219,14.46537337132498
22220,25.058400804303318
22221,30.955471103273847
22222,40.54335247451194
22223,36.198108394569296
22224,38.76114154541096
22225,48.280092075269
22226,44.44825419736896
22227,33.39128048643322
22244,27.344967791058966
22245,48.84224758198646
22246,33.50611176976199
22247,43.21486699488802
22248,31.481060252401114
22249,46.25479878848159
22250,42.84589617377494
22251,37.859962155656795
22252,43.71438967413119
22253,29.84881288026437
22254,56.53579542874591
22255,43.991822579578184
22256,51.12776743208564
22257,54.48682783028196
22258,57.5502710823771
22259,43.76310895490056
22296,5.382901712050398
22297,5.382901712050398
22298,5.382901712050398
22299,11.291854766400082
22300,8.25299600734273
22301,13.287907126543171
22302,15.843630715578525
22430,25.546585605407653
22431,47.572615348323986
22432,48.241294417068694
22433,43.528873197454075
22450,14.148642400562176
22451,15.415734354404664
22452,10.241775915301151
22453,16.892832982253744
22454,18.495759875069
22455,36.698800051045396
22456,30.313828838548307
22457,39.26521351932082
22458,40.587579773831294
22459,44.9260759585688
22460,51.64422773550988
22484,41.98099910482141
22485,41.48066110809452
22486,41.320170576040866
22487,49.010070165112914
22488,47.435809963168936
22489,51.58090867830942
22494,23.303638735353502
22495,16.651668245080252
22496,10.22674931115659
22497,33.00167710704882
22498,33.44691410699919
22499,45.334142228467094
22500,40.753710876283044
22501,36.201534464985706
22502,35.206641272343326
22503,39.15314302349003
22504,47.11966651801631
22505,45.50237694475389
22518,8.583435095976936
22519,14.467441596393853
22520,18.213655572759652
22521,32.91707189093485
22522,25.278086607717658
22523,33.73820188988469
22524,40.099746586897474
22525,31.275629280763795
22526,39.73637093290856
22527,47.91838452514732
22528,49.57110377678981
22529,45.11304100982889
22681,13.289940997477922
22682,10.721149835531213
22683,12.607283678085134
22684,21.86043512879267
22685,29.24734770226162
22686,5.646741566384578
22687,8.99599675404414
22688,10.29869836627384
22689,11.836728951386627
22690,9.385695841550255
22691,17.061454168477308
22692,14.082904108172867
22693,20.253632177328456
22694,23.49807125634869
22695,26.42847935661932
22696,43.28752809327264
22723,36.341933805832824
22724,39.5048597573716
22725,31.80160252501437
22726,53.074197685467944
22727,54.60522384419374
22770,42.70578614285195
22771,42.55437996721064
22772,48.00202311179602
22773,46.336471565159805
22774,55.45993051709274
22775,62.55347551508576
22780,28.58341961463469
22781,31.904832702545303
22782,42.53737720984195
22783,37.875681562728175
22784,32.64782292304395
22785,46.32458288229599
22786,34.28083220002569
22787,44.08475933093174
22788,56.20812223095927
22789,61.54170326120603
22790,58.053902804002036
22791,45.931629618438436
22792,50.549925619694335
22793,41.91110051940682
22794,58.318189224552945
22795,36.42377356746965
22796,46.18785482538278
22797,60.87651632192615
22798,54.86418098578811
22799,51.79267079614449
22800,54.230256534125886
22801,65.98793950030993
22802,68.64713591875531
22803,65.46016676783115
22839,35.96064191990024
22840,37.60950847901858
22841,39.11467051002522
22842,33.0127797033752
22843,41.61477835134464
22844,40.48984768949522
22845,39.3383658213397
22846,51.659443703151304
22847,50.181962794722935
22848,52.36780698872705
22849,54.4270775813516
22857,18.085008343151507
22858,32.818113851743995
22859,33.74325525234427
22860,32.78664626441887
22874,9.368085465973822
22875,34.91896685025783
22876,36.154802765163424
22877,34.430865233065
22878,48.77442223604861
22879,29.5396047820665
22888,36.88484356183886
22889,46.69484839520641
22890,58.20333207426195
22891,62.07622063023812
22892,57.36034697977389
22893,59.93024263428777
22894,57.97139882083032
22895,68.52158347436398
22896,61.22132556683939
22912,29.42101033858021
22913,47.14610165572223
22914,48.17470139820925
22915,52.48213299767978
22916,54.521336945051715
22917,54.76906643385546
22918,58.9002512209336
22919,58.6551924506853
22920,64.89165590376683
22921,66.56043773995637
22922,69.56707718682677
22923,74.18139727168938
22964,48.70425426316067
22965,45.059515581496065
22966,47.097636354662214
22967,45.16849077699331
22968,46.330371219102965
22985,39.44277768778856
22986,44.34594082319929
22987,41.58317597486097
22988,55.01093660642265
23022,14.547593965182909
23023,25.65583075270904
23024,18.97758897113409
23025,39.63903163421034
23026,39.61322855780357
23027,47.50752879068461
23028,36.53821792347782
23029,34.84666932002991
23030,34.274335454795825
23031,48.58774580602364
23032,51.25555162703847
23033,45.56039315264068
23034,40.053337288972756
23035,58.70215478477351
23036,55.22314282486718
23037,51.21427557098415
23038,57.17176722265741
23112,16.911216461825312
23113,8.5241265723749
23114,16.208252950027006
23115,19.717375100069123
23144,17.505155616149562
23145,34.86121408573536
23146,30.016408569038177
23147,31.665368224337183
23148,32.39482267170837
23149,41.91048130325942
23150,39.966153736209925
23151,52.64446703198808
23152,38.36165603778887
23153,74.6573244242949
23154,41.44264645719325
23155,49.71232005481831
23178,33.45040850231388
23179,36.85969877870567
23180,52.45540243096829
23181,39.328387655054456
23182,46.134163840386904
23183,13.19478001941484
23184,9.161109296803877
23185,11.936289615335056
23186,15.940477540720982
23187,14.590562820033076
23188,8.775320647813652
23189,9.111780875932514
23190,22.203879603334542
23191,9.526310491029724
23192,18.762077818564393
23193,19.94864299907314
23194,16.863329037156095
23195,38.96315572925935
23196,33.40082129006078
23197,36.568402974704746
23198,38.319788021645316
23199,38.164953801741746
23200,51.15353417534455
23224,17.71175756659484
23225,29.861283280663507
23226,21.417549778667144
23227,20.88837056399396
23261,22.338142962077935
23262,36.07104185115246
23263,44.65798257107242
23264,40.586104230900396
23265,45.88858824808585
23266,51.44398290449856
23267,51.07473499475708
23268,57.09831115813854
23269,53.627482328869455
23270,56.8592365110992
23271,55.11863219115429
23272,54.58156751091696
23301,7.443191014535332
23302,8.77458365280279
23303,13.163175197741797
23304,11.356397798371317
23305,19.96496027980967
23306,11.467680027783302
23307,17.966905913695346
23308,18.724429781011278
23309,20.619007284609566
23310,38.55034561005678
23311,31.286764751228798
23312,32.179866458018466
23313,34.95149770915438
23314,44.5285478130303
23315,36.5295939388464
23316,37.40016343280878
23317,39.93284876865093
23318,50.77563536504013
23319,56.559246199990895
23320,52.617314562945204
23321,44.984947960674496
23322,47.92668446021938
23323,44.35585717646963
23336,56.427870089340466
23337,59.40426259941274
23338,54.88899253459535
23339,57.35503264471861
23340,50.778854107115215
23341,58.1786402683981
23342,56.9579183759333
23343,69.67284191466133
23344,61.135131833444085
23345,71.39630084252512
23346,66.67422713515154
23347,69.27725448645874
23360,11.187799242964795
23361,14.589719334570056
23362,9.25748695672632
23363,16.78334988426774
23364,17.027995787876275
23365,15.920852115807202
23366,24.276873465675553
23367,23.582453244196408
23368,42.25858098579911
23369,40.07285665290848
23370,46.53382052814801
23381,16.073284369125933
23382,19.43771808056232
23383,36.133365323189196
23384,41.37873193657701
23385,30.03749074180007
23386,39.25369491607725
23387,38.58104875356288
23388,48.35093504186318
23389,34.34305800693746
23390,46.12732400661213
23391,51.422732565977114
23392,46.16753593874299
23442,45.237526550325214
23443,56.23319252586147
23444,51.40391066603658
23445,59.764835635180155
23506,23.50274343355876
23507,13.509011880110018
23508,23.61250120776122
23509,28.67088757455873
23510,35.464287776618754
23511,30.40347731679323
23512,29.755932747236383
23513,46.48888325351844
23514,35.43531495307461
23515,39.701810100462254
23516,49.21196020202518
23517,54.976836119516484
23552,19.065744470977968
23553,16.482548793066876
23554,31.012111019712187
23555,34.011490092921235
23556,34.125480976880304
23557,38.95434995793589
23558,29.985706974093276
23559,37.75064047117356
23560,35.38719206249923
23561,46.27365195657633
23562,37.561689156793726
23563,52.60771466246084
23564,68.11886089319415
23565,47.86041965602456
23566,34.67968299547015
23567,42.823151662997866
23568,48.281757647360315
23569,55.21462880256559
23570,54.60392240084166
23571,58.04809888755615
23572,54.16445870519063
23573,57.282450505076234
23574,60.2482711423978
23575,66.40384138542872
23604,18.194335599728596
23605,17.77393359816156
23606,18.83200503492238
23607,20.38741172031862
23608,36.156233681879336
23609,31.82878906140709
23614,31.35304671070218
23615,39.424219981952405
23616,29.2317335839466
23617,36.829941289574926
23618,56.11679890345087
23619,34.279494960408
23620,44.885539630023445
23621,45.98219306813224
23622,55.55429072754311
23623,54.89866606761131
23624,50.29329866682288
23625,44.24458543580153
23655,52.06618745157242
23656,42.636983849752156
23657,31.55194115103266
23658,27.966120342713968
23659,42.6706386345512
23660,41.47685195673681
23661,52.77192634714097
23662,52.39390348981336
23663,49.15608999608007
23664,42.917356715989676
23665,49.423841040965534
23666,51.70449908715637
23667,30.461844827774716
23668,15.916602500586961
23669,16.761216235730853
23670,34.56672290257036
23671,33.39647776939655
23672,39.35236252456831
23673,44.865399206121424
23686,42.354394242927626
23687,31.992781464545523
23688,46.28155674373568
23689,35.00244187927607
23690,34.866688758227
23691,42.464295716541315
23692,33.40798856280264
23693,41.35590604721412
23694,39.086991878927755
23695,54.98246176604978
23696,44.25239411324306
23697,47.33764365832175
23711,47.18039908854675
23712,46.97514455450505
23713,42.210138013827816
23714,44.951212985882606
23715,47.270397874393836
23716,55.13142438341493
23717,63.5876506487709
23718,64.66536356051186
23719,53.97823323973376
23720,65.71990512866866
23721,65.95237948869331
23722,59.49847085817072
23809,27.45670741803646
23810,50.85349723511445
23811,30.593325800518627
23812,33.150073247298614
23813,60.327312284342234
23814,37.837185554288986
23815,37.940929602349705
23816,39.7712623275216
23817,49.51455060923138
23818,48.35222437523392
23845,31.923185496906815
23846,36.40425302576809
23847,32.01589075848875
23848,47.44692080139727
23849,46.76670808091172
23850,51.04705726220744
23851,48.21888203434173
23852,37.920819375021786
23853,60.69841938793055
23854,57.50118890238515
23855,50.74322682571462
23856,61.180631533863526
23890,20.308964113819155
23891,19.68680706597455
23892,20.170280155621874
23893,37.774170434582004
23894,30.777347369192224
23895,44.25367300573206
23896,55.37901551057194
23897,37.83048878468767
23898,50.34605803652795
23899,46.19920299547597
23900,53.69859579833741
23901,65.15340431470548
23946,43.96977872911543
23947,27.93156706850801
23948,29.550034359407135
23949,39.28755571793906
23950,46.34062097947801
23951,43.615457898883
23952,39.88884910533689
23953,45.842991987164055
23954,50.99751629592546
23955,45.159971411843706
23956,45.994502844947654
23957,44.6895476030729
23958,17.483347001014444
23959,14.27590805971091
23960,26.134681778674203
23961,30.09533212411092
23962,30.689131343978143
23963,38.27748190819776
23964,41.216212847080655
23965,45.80919366229538
23978,10.988439151565748
23979,20.65778029376493
23980,32.13817093101549
23981,31.09287403401574
23982,37.256523757190685
23983,43.31882175320115
23988,19.87968439481953
23989,35.740111698308475
23990,40.776953418459854
23991,47.83521654563433
23992,44.085430167847086
23993,36.76348492427752
23994,39.69262595668732
23995,41.6622477592831
23996,51.46024731556217
23997,43.55260714729422
23998,60.58236440284254
23999,34.62500822711342
24034,10.963547386323382
24035,27.83579066208207
24036,34.188987213367064
24037,31.59313470108201
24047,28.70397501307514
24048,24.154070596347772
24049,34.724841494845414
24050,39.529004372551285
24051,31.46073153202237
24052,46.6614917033365
24053,36.154482331202516
24054,34.570133734697926
24055,47.75680269644117
24056,45.57065240144333
24057,46.54241968779531
24058,50.794814748674845
24147,21.361097754145547
24148,31.715675918812273
24149,31.893343844692065
24150,37.63046306351766
24151,38.704185984724774
24152,38.96182975407052
24153,40.511047608848415
24154,38.636733241160925
24155,38.98169293609537
24172,28.975947392653566
24173,35.085670869118104
24174,40.91414286988979
24175,40.92133171164773
24176,31.782403939630047
24177,52.17325373130649
24178,37.86750305313152
24179,41.981336971076594
24180,47.04758503793532
24181,49.895256575683845
24182,49.56207254569777
24183,40.22404798780153
24184,21.772814389812357
24185,29.32561878260259
24186,47.72502111624025
24187,32.29086547724357
24188,32.80859826703226
24189,50.447165816646624
24190,36.673517812835996
24191,41.343837134585094
24192,46.98155861981657
24193,42.24356378994023
24194,60.10534212420113
24195,56.94150090729608
24201,13.142536493520305
24202,14.456284362473829
24203,11.729495904100492
24204,20.525540691512727
24224,35.707880682556684
24225,45.269775225025725
24226,33.954091125017804
24227,50.67883439574807
24228,50.242214987370645
24229,46.77394493326393
24230,55.916211666368774
24231,55.9304182074877
24232,54.53034911371039
24233,45.81594121222497
24248,8.415410033530463
24249,25.701143986739286
24250,12.364912402455106
24251,17.103873831978312
24252,34.351659477394485
24253,31.12716178595982
24254,46.16722269491097
24255,30.702188373026406
24256,33.66350292198714
24257,42.71384421712337
24258,35.935516985875914
24259,33.10282317401957
24260,57.939208743962105
24261,50.36512032452886
24262,53.06163338730767
24263,52.43046901664002
24264,40.85714961120121
24265,43.92850459071778
24266,59.59188232686557
24303,16.121765691770275
24304,10.87053861509948
24305,20.541595947045135
24306,17.05448495219277
24307,24.199585591726837
24308,17.15623589845747
24309,39.7330535573763
24310,37.7537194197256
24311,56.79800305180005
24312,42.32590692658094
24313,47.33751567492555
24314,44.87555205086298
24315,39.973879396605916
24316,47.77034679659656
24317,43.36878636323917
24318,55.868559024385334
24319,71.57883629474911
24320,42.70494779326443
24321,47.245034755298896
24322,14.825541185924601
24323,24.757335054703216
24324,29.35391504369957
24325,37.14196070076249
24326,32.50573904381031
24327,28.54717189445809
24328,44.35988487196082
24329,41.25495040432816
24330,29.505273998504244
24331,35.451486396067985
24332,37.909550864341355
24333,44.922155869072434
24334,37.62515409392425
24370,17.936133654987856
24371,19.66147523890629
24372,19.204167551411143
24373,31.413843869166396
24392,32.62024808107406
24393,39.915960845143665
24394,44.242230661865925
24395,43.72865563881437
24436,20.947612423067753
24437,42.6316722748854
24438,29.31818269236746
24439,41.15023210503281
24456,30.177517748189533
24457,35.779580353942706
24458,44.198383146262266
24459,35.69179201916616
24492,21.58201294939931
24493,36.05819274556109
24494,31.63190792332309
24495,33.931585022637805
24496,35.942559875231844
24657,43.94583147782032
24658,53.24838125318675
24659,39.245938908722735
24660,41.32142847903764
24750,17.49931144169582
24751,23.122681803373837
24752,11.958913405843917
24753,31.378930370909387
24754,12.125861424514722
24755,31.16788451530851
24756,31.65332126915829
24829,16.51317837721636
24830,21.837544838961588
24831,22.586210456759964
24832,42.054420856039975
24833,16.808406117612407
24834,32.754814563777884
24835,23.066619180223274
24836,29.300129926207553
24837,33.1344559451642
24838,32.62127302171675
24839,35.07987290498307
24840,30.831042509862815
24841,37.70833581704309
24939,43.34255455766649
24940,47.525542545804505
24941,40.459660152167196
24942,54.672767589256786
24943,40.72133996467544
24944,43.72879661670954
24945,45.45622833671413
24946,38.19766070203505
24947,49.49125997321979
24948,56.39520720746075
24949,61.08344599699872
24950,50.63594543700147
24989,17.020214000949043
24990,36.91670416308026
24991,36.93582753241249
24992,44.59581598594151
24993,42.781679479038296
24994,37.01880533360773
24995,39.30999158136256
24996,41.18436252361652
24997,41.91346732349415
24998,32.72982839271695
24999,45.665833854140786
25000,55.46687220508153
25076,53.82101447998778
25077,61.338387919098125
25078,63.38459485524077
25079,57.40065686259098
25080,56.972338787906224
25081,61.611305986473155
25082,63.16645188089736
25083,69.45587173475882
25084,64.05126239739998
25085,65.47127275717541
25086,61.64018052498265
25087,72.83989003561345
25144,47.25910304470938
25145,37.068697523047206
25146,57.91629471380098
25147,54.736139259260625
25148,62.54665700765733
25149,43.64231902010655
25150,50.034929422934155
25151,48.84720963875168
25152,56.752762161690086
25153,65.38599593206048
25154,59.15868541752632
25155,60.54692017314663
25182,30.555973357769787
25183,34.69442549587069
25184,40.27829678833082
25185,35.22364371791729
25186,33.06470872947282
25187,35.36359790840413
25200,30.62903018972679
25201,40.883380914611145
25202,45.99159310359629
25203,54.68196897396516
25204,49.552783171730134
25205,59.31810577640925
25206,20.33376218831008
25207,13.731692835917553
25208,21.051934302324767
25209,17.64702062967777
25210,14.12542964586822
25211,40.91610952051555
25212,34.04054814384912
25213,34.886279270293116
25214,47.72455049108561
25215,35.07175177300161
25216,44.344666345854904
25217,47.898344600531125
25218,15.73656280653694
25219,21.16199246474173
25220,13.531612246911667
25221,13.531612246911667
25222,25.455813822571752
25223,17.634313215926976
25224,30.647297002707056
25225,36.00888379037438
25226,34.49700316554158
25279,7.393395667475285
25280,7.393395667475285
25281,8.069355669065747
25282,8.322973782381236
25283,15.440450691554126
25284,8.469179198097743
25285,19.672389410428796
25286,16.749673965513047
25403,28.368010992043825
25404,22.64704410670866
25405,26.396592933488
25406,37.4505506243041
25407,35.25342532199041
25565,20.97986888742823
25566,37.597664981136646
25567,33.92738593810161
25568,30.495950375630105
25569,35.74248526172369
25570,39.59319835910885
25571,44.20674070542818
25707,15.62705747210689
25708,20.17530794286203
25709,21.500065763558588
25710,14.684963983811393
25827,19.238621360632255
25828,17.45970066383867
25829,21.43766943760489
25830,14.01020429240406
25831,20.716474151095095
25832,21.4426508337758
25892,30.922676329929338
25893,30.460079801379763
25894,33.6280652004204
25895,35.19631297290171
25896,28.109126754018902
25897,28.19524963240584
25898,38.5785206475398
25899,29.73088617299595
25900,36.995198761793844
25901,41.985883558660255
25902,34.93748761604266
25903,40.914867653715724
25904,36.143501953936315
25905,61.64290870987965
25906,48.03860569145451
25907,49.214132128253134
25949,45.20561428992325
25950,36.66139295731899
25951,36.36344902244913
25952,35.87824654169298
25974,17.162794519517753
25975,19.65195822107423
25976,21.028364670235
25977,25.873621575030842
26011,26.908131477819357
26012,30.275051269329676
26013,30.55275031634742
26014,49.79375349216033
26113,6.171337438615115
26114,8.488247477620861
26115,9.54577047423973
26116,9.54577047423973
26117,13.238444643044103
26118,19.987510456628204
26119,13.37036930976648
26120,18.487802034737342
26121,23.737586498582065
26122,21.456816515514586
26123,35.22621335684301
26124,38.45569338779634
26140,39.255157878337094
26141,47.55046084473658
26142,47.28737195457744
26143,55.84846573171524
26144,45.39401499493102
26145,58.62689417828368
26146,44.61826593471504
26147,67.10697681615545
26148,56.05923667964093
26149,55.79385510055458
26150,58.38817442644069
26241,44.1106571548843
26242,53.70301322703189
26243,39.07136815677498
26244,52.11631813251779
26245,55.07464331645729
26246,55.39500191519938
26247,60.791410749984294
26248,58.12464797118105
26249,54.29942133428786
26250,58.51506003216999
26251,54.004164716484375
26252,56.68872242661632
26289,14.55760148701498
26290,23.76979693264919
26291,17.07497610817693
26292,35.13557938229931
26293,30.679981841198455
26294,35.60080050686618
26295,36.30091293100792
26296,39.853414458808594
26297,46.35296907731526
26298,41.66868479198954
26299,40.15991382543037
26300,42.73726075026887
26315,36.593654102133556
26316,27.863960961323883
26317,33.44348684947846
26318,32.358819278284024
26319,43.70311594015051
26320,43.60892929089659
26321,45.37337527628223
26322,47.96670156643714
26323,45.16691491758803
26324,34.75441974870758
26325,51.69929813557067
26326,59.20231196709283
26455,31.23672503711346
26456,22.09722885577185
26457,35.12697933567175
26458,47.574797585985216
26459,24.618381639785483
26460,27.816445895603355
26461,27.91055672932839
26462,29.058907157046512
26463,37.587564176066856
26508,20.79477396816187
26509,25.210168778623803
26510,22.07854823366787
26511,25.121548786143823
26512,14.153631251119698
26513,28.799876288857998
26514,25.23432018846486
26515,37.94317530387898
26516,44.23460837941273
26517,33.689316160013945
26518,41.84231940441918
26519,34.93756849770927
26520,19.530756773255277
26521,35.702998700231156
26522,32.22148397460889
26523,30.894508106388823
26524,31.464170830894886
26525,35.86087794943284
26526,43.80576303623559
26527,33.016522246046705
26528,43.46458657726709
26529,36.285136299993944
26530,46.805728905827934
26531,57.69824549624418
26564,19.484064209998646
26565,24.102246253192952
26566,35.583464868422894
26567,27.501847735450344
26568,34.163579095770295
26569,30.689611266559314
26570,38.5200886954683
26571,47.501818219879624
26572,37.261627225516236
26573,39.52252557232645
26574,39.61813272621345
26575,38.2918894277433
26576,4.700496013014106
26577,43.48792689545619
26578,39.89716834824856
26579,44.85469217142484
26580,38.68635530040351
26581,49.80559668607845
26582,59.76691349812459
26583,42.03204685946666
26584,19.517676475406187
26585,17.63394422260064
26586,19.614866434081488
26587,21.94634171766917
26629,20.490967049511177
26630,13.541600686345083
26631,15.710934110103707
26632,19.11257353063409
26633,23.545640840904408
26634,32.832739868137764
26635,32.48530526539709
26636,38.14182100499757
26641,32.84369638046363
26642,42.861384375268635
26643,34.01362548592804
26644,35.75244380682455
26645,48.64463173991979
26704,19.99240478658987
26705,8.393286041710665
26706,19.71764984215611
26707,38.04846290985141
26708,42.77477128831427
26739,57.01235441331011
26740,62.029778099140714
26741,51.75874095989209
26742,63.791623875179624
26779,13.610945841750366
26780,23.358293454925388
26781,28.470916803434164
26782,39.97733164303685
26783,32.95864504020654
26784,44.70075192246444
26785,47.83574758595553
26786,31.006128826123028
26787,33.07211613815116
26788,39.568846966466566
26789,45.994466839389176
26790,44.81488253131918
26819,39.519673944760555
26820,52.13373544673643
26821,63.301486197321154
26822,55.02416050226149
26839,38.84480447741424
26840,37.24092594357679
26841,38.489261459318094
26842,33.47044188842155
26851,23.86489404600407
26852,29.02212923231624
26853,32.51163133209649
26854,33.541145177819075
26855,38.45230774109483
26856,41.533772663661864
26857,29.90814729550902
26858,36.229203102177294
26859,58.483919487270775
26860,46.39004507911553
26861,53.657468741072535
26862,52.528639450172996
26863,30.166390073256792
26864,26.884246770641617
26865,32.17725167597639
26866,36.02979986665905
26909,5.245588729509747
26910,13.516915927996989
26911,16.415813809606274
26912,9.9077951659948
26913,12.55319087308814
26914,18.584736542260032
26915,13.013044044704566
26916,29.673591958865227
26917,31.650970244892598
26918,34.82786953768184
26919,33.341036528510124
26920,44.844617128640955
27006,39.16609420550334
27007,35.142602826302365
27008,38.98867714665558
27009,37.23154666398832
27028,9.877893574926205
27029,22.954022391271707
27030,37.11256220212506
27031,34.462359580774695
27047,36.71309205713938
27048,39.52520298379451
27049,33.82758436273648
27050,39.22364374215564
27051,39.430257466669595
27052,38.17871222840136
27053,55.191615763023506
27054,42.368622421223854
27125,49.01441598811101
27126,63.06223669215676
27127,43.73461458528936
27128,42.50802908679257
27129,18.96159389758047
27130,17.598720997938553
27131,37.83137924758719
27132,31.02860621848394
27133,39.02938918966227
27134,33.27482359478723
27135,29.79216605060259
27136,39.31361927882984
27137,33.640584396522925
27138,50.414836049484194
27139,51.55663713482827
27140,48.20859815839194
27177,33.66926421017806
27178,38.72435410486653
27179,46.7584134263834
27180,45.7955545931386
27181,42.06942193335313
27182,40.78602168379829
27183,48.86550166049207
27184,46.61947310012948
27185,51.93525466032002
27186,45.70252394315191
27187,58.21708863597131
27188,55.16063418979013
27189,23.169452546158492
27190,34.031555211928826
27191,30.82843314089503
27192,30.628019852648062
27193,31.087659781818697
27253,23.115862496841743
27254,11.439124005182977
27255,19.596988345405713
27256,28.47326706638066
27257,34.726227597987
27258,23.933100785681983
27259,31.41595861562285
27260,32.4596585746121
27261,20.56355416024021
27262,36.08867207316554
27263,48.955749182701155
27264,36.84505673749652
27285,50.839550208938526
27286,55.984593598820595
27287,45.35170024737159
27288,44.50558823226526
27289,51.907745336697154
27290,40.3121374555008
27291,42.93958900029071
27292,49.325841943013934
27293,55.20820196685925
27294,62.29630313722944
27295,48.299072202378895
27296,53.043736303912
27349,25.07057761386274
27350,20.46813356962457
27351,26.513617451227315
27352,33.12855241879036
27353,46.919493733404465
27378,27.80315132410109
27379,29.163868177157518
27380,41.16652594024262
27381,52.88805152839812
27382,48.91725851621403
27383,51.86291492135721
27384,51.79191227174752
27385,55.822032391705534
27386,52.30952446027873
27387,53.182513723501756
27388,58.42521024475626
27393,45.01125218387551
27394,54.37011206671899
27395,40.72939585305916
27396,47.83805580823226
27397,48.155451177498996
27398,39.936831163943104
27399,47.21146886105732
27400,48.68417577386215
27401,46.94014846151683
27402,43.974789881790045
27403,45.08091619398279
27404,46.87126284658097
27425,28.514944987793726
27426,37.85951182145127
27427,39.29850862299108
27428,39.417137490770706
27429,33.57591001319693
27430,51.07962253678725
27431,46.82313680131407
27432,42.45727488559612
27433,20.995616405310514
27434,41.576184583116145
27435,34.858527604928135
27436,30.982338919460318
27437,34.937212078944874
27438,35.940954587319716
27439,36.551858347224815
27440,48.902415033422336
27441,38.17952797184755
27442,32.41351138830256
27443,55.49906677252169
27444,32.34029003705532
27445,48.70269744184555
27446,50.01215544687186
27447,34.05405296169688
27448,45.057490675397254
27449,40.022903205127484
27450,56.62685340320242
27451,56.350340632933225
27452,48.65911026744675
27453,56.17144315758405
27454,9.049370015805758
27455,15.826924032108318
27456,10.986506811521725
27457,13.056983469453423
27458,15.039549407456802
27459,14.55974326778207
27470,35.287132824098656
27471,32.97707208583368
27472,30.70516897976374
27473,34.787051399924984
27474,44.45988270435569
27475,35.08505791154131
27482,30.15458414036061
27483,47.510957979391044
27484,60.78550239416832
27485,46.222097820065365
27486,57.23515204348512
27487,66.51620610919008
27488,53.04638432550978
27489,53.776847551690054
27490,61.59413920541741
27491,53.4023037288715
27492,58.83055020931232
27493,55.804130946148724
27500,32.97949430906133
27501,36.94530766814916
27502,57.15096603869428
27503,54.24570096844742
27504,49.92350085340784
27578,21.087051639463073
27579,32.331614832206796
27580,47.0373079018879
27581,44.63249885857908
27582,40.787253924225176
27583,38.87120335625238
27584,45.92780207620894
27589,54.98952078794949
27590,54.64507035823308
27591,65.85944471065353
27592,55.36676954883488
27593,65.78652801864841
27594,56.928278262245115
27595,58.565167486558785
27596,60.718360364107646
27597,64.9115462670127
27598,77.16866193790057
27599,66.92841553917899
27600,62.750187916034136
27719,17.346963976892173
27720,20.727729672796997
27721,35.21223591277324
27722,31.127582170166793
27723,31.812398380950317
27724,36.596564879246294
27725,43.825932124332645
27726,32.69471847643862
27727,49.02568974179298
27728,49.02642477642506
27729,47.497464159721076
27730,35.57925483443654
27795,36.95714594517896
27796,37.18423861580827
27797,54.46311719992904
27798,52.89105944201597
27799,55.42113331038165
27800,58.90770435740864
27801,54.82404545932606
27802,55.67922076104196
27803,54.1683821379926
27804,62.69306159549833
27805,61.39880209589532
27806,60.38147687591412
27807,22.244517565046866
27808,33.338143773025706
27809,37.00219173812852
27810,31.08553138469191
27811,31.36361993336067
27812,44.034566625336645
27813,44.267026033363074
27814,36.72746446098226
27815,61.11853425307174
27816,38.02397479604571
27817,40.936961455743756
27818,57.452807765169425
27848,13.642915439240396
27849,18.99575025278105
27850,19.443957374581338
27851,35.589584407109896
27852,45.67907234000416
27863,35.880409526440104
27864,45.17350870288045
27865,53.54542278250923
27866,52.78486225122612
27867,50.15211698440431
27868,44.66515453284116
27869,51.5297796880758
27870,55.36176110807505
27871,64.64955477828133
27872,56.7272770735129
27873,56.77384556571593
27874,59.26493438157637
27898,21.007242825587515
27899,39.86820892916592
27900,31.68084836043591
27901,46.81018451945209
27902,31.240782720507536
27903,35.780059229832794
27904,37.39525127599609
27905,51.05566349213455
27906,44.51525323877387
27907,50.88072645119553
27908,40.869379965327134
27909,47.66177095451734
27933,9.027675629388272
27934,6.112966552118635
27935,18.184694745055282
27936,11.659329640999545
27937,15.510599396330463
27938,25.06899832622242
27939,13.262411691083704
27940,34.18818016885692
27941,42.68361934895205
27942,37.43489109762332
27943,39.58538219267685
27944,41.090000640286505
27945,36.26180065541466
27946,56.78448347645885
27947,42.53308205986111
27948,50.652876369351176
27949,40.92835155436898
27950,50.53544110601919
27951,49.756399800919844
27952,50.05826813508532
27977,67.90482704494787
27978,50.555952262089264
27979,57.11266265788424
27980,67.07010179759152
27981,53.071394768045295
27982,65.03974074866525
27983,68.35639838766797
27984,71.13397966815249
27985,68.0275677595093
28002,45.916324281873
28003,34.53702731089639
28004,39.45264744583318
28005,32.855876472264484
28006,36.52074662073309
28007,49.82652861662275
28008,50.924214320531846
28009,56.97619585328683
28010,48.71770757054749
28011,65.60905207828439
28012,58.65410263507312
28013,57.50956621454846
28037,42.245313535262675
28038,35.7964437484333
28039,38.115994162776154
28040,36.0496742597449
28041,56.11966020425648
28076,17.946053174408945
28077,30.466315796545416
28078,52.60858093357179
28079,49.72289160307898
28080,43.68885263973451
28081,43.93931557160655
28082,49.34383293871212
28083,57.535751532578416
28084,52.769528961779216
28085,52.858264549785225
28086,66.41785872970806
28087,67.7592786383757
28124,44.59942437796432
28125,33.10942183788198
28126,43.98947706337523
28127,47.80184583428682
28128,46.13073057015652
28129,51.23398456659243
28130,53.98949437503454
28131,62.945588749515586
28132,62.14261639185133
28133,59.66405642945499
28134,70.31896462286686
28135,52.89443168432967
28169,31.81920419041027
28170,37.56845014249743
28171,34.98418826529235
28172,42.19602969265456
28173,38.17084405468349
28174,15.52257292475032
28175,23.581082797527696
28176,45.22056075640919
28177,33.58092036281547
28178,40.428992006840986
28179,40.28412388028672
28180,43.39382089733201
28329,19.154413017571866
28330,28.920288158316247
28331,30.910178148870525
28332,31.04398300573202
28371,44.50469537743711
28372,53.946594149513444
28373,56.94794264606138
28374,61.70629991729408
28375,62.31182249676629
28376,60.43344091320254
28377,58.438797138638854
28378,71.51712988530419
28379,61.11676531710363
28380,69.42718415536508
28381,64.25081323182924
28382,65.8950255918242
28399,51.94210238064387
28400,44.23422205873534
28401,48.959495972190226
28402,50.83130487032257
28403,57.79872583351232
28404,48.70566451918732
28405,58.933859750527034
28488,43.40148004068559
28489,55.10122846006109
28490,59.48102223278776
28491,57.56660548531081
28594,27.60767831153721
28595,41.92679772898414
28596,31.97161553417036
28597,31.065294207013704
28598,38.20469184963602
28599,43.30674784167288
28600,49.133688013600015
28601,43.55162545784973
28602,45.779043688825816
28603,52.641683353480495
28604,52.80638712205739
28605,53.25580256238161
28618,33.4289752332446
28619,32.03532122308013
28620,31.961499131370715
28621,39.67562430895224
28622,32.29559277222635
28623,7.324149447333442
28624,7.523737178421813
28625,7.905615100471623
28626,14.428416294657229
28627,18.08710990499719
28628,16.366016334550725
28629,20.665876551262798
28630,21.671109041582675
28631,20.362690153885566
28632,20.657144260223152
28633,38.01881892039898
28682,19.332873100162054
28683,12.301220325657493
28684,17.51995470761147
28685,17.176454057303943
28686,15.848644963171184
28687,24.231248898692293
28688,30.569942733452812
28689,42.64150561488544
28690,36.21080406254844
28691,31.91471209130185
28692,45.6352283048682
28693,50.503020194170965
28711,5.923159805884129
28712,14.931483785733633
28713,13.246864336322792
28714,17.186890945992765
28737,18.547075578718935
28738,33.715348742978854
28739,33.45334754063734
28740,33.37162914953603
28741,5.694226614146517
28742,8.544345802305195
28743,11.296363849097176
28744,14.052654378543439
28745,43.68057498170355
28746,52.38848372234294
28747,40.18968489894864
28748,55.99461078196075
28749,39.033063892686194
28750,55.371030870609545
28751,56.8090116337064
28752,51.195601258627676
28753,58.39035481690985
28754,65.0331255006851
28755,62.31289069904029
28756,62.94446392357679
28761,18.447472983748266
28762,39.18065542273204
28763,38.966929370423614
28764,29.845756974885745
28765,31.033833688415704
28766,36.454600077009125
28767,49.458589739016816
28768,45.998746155423966
28769,51.03509366766974
28770,41.94987596657838
28771,47.44291739426415
28772,56.488195093994555
28825,17.999827184380678
28826,20.344792583859974
28827,18.460393686975163
28828,34.821352247035904
28829,41.14934568338504
28834,30.468611405780777
28835,35.83509164450189
28836,35.93846050663983
28837,33.49765058803487
28838,49.12911777980066
28839,43.29844739975877
28840,50.52925671880102
28841,44.87649739370203
28842,46.649351789832956
28843,63.77023863499443
28844,23.638569078405293
28845,34.94445867673802
28846,35.67706865113283
28847,37.87711762919083
28848,53.30135874960842
28849,34.70835596081015
28850,35.29333695596545
28851,36.950334216684276
28852,40.41481068101392
28853,48.419988243286284
28854,50.87048634026843
28855,54.38242400928116
28901,31.81626776530479
28902,21.385691316673743
28903,22.615640673508825
28904,19.706879095374955
28905,35.47272992279535
28906,31.723140098624555
28907,34.79706525003257
28908,36.09943288439854
28909,40.687536134780345
28910,44.471741097261685
28911,39.02792097211794
28912,40.59023918033011
28913,22.685442349845147
28914,23.804931280246727
28915,36.413929136629605
28916,34.602141575143214
28917,33.09437126559619
28918,38.68545099040505
28919,40.06897171220622
28961,36.19215096910445
28962,39.84620801649975
28963,48.1019891966887
28964,40.76409983826279
28965,41.196639546169905
28966,33.760695711574826
28967,46.62277544748843
29047,23.511472275184655
29048,30.274682021466315
29049,22.90151030977632
29050,20.025852906198
29051,28.759390484650247
29052,30.992389778567958
29053,30.855858570392552
29054,48.91836166582079
29055,41.0133268172433
29068,19.115286819657978
29069,20.68025262252039
29070,17.418406435414813
29071,16.977488253503893
29072,34.982164434698554
29073,41.89970957074266
29074,35.84860222473495
29075,33.84483878479036
29076,33.37318450864015
29077,37.66436504588143
29078,34.019547224709626
29079,42.518508808946514
29221,10.830490826454785
29222,18.052852245910397
29223,15.175026132341692
29224,9.871943859021957
29225,18.036314651982973
29226,13.761041237326996
29227,29.266665910795673
29228,30.932944225148713
29229,37.97465534506402
29230,36.260743074052456
29231,42.063372906918985
29232,46.748338947814204
29341,15.091700860828443
29342,16.21618215778602
29343,24.13727058300772
29344,15.091700860828443
29345,25.675004768595578
29346,17.103873831978312
29347,14.303614468547963
29348,32.0340627994005
29349,33.76963728451435
29350,36.37968208433032
29351,40.50855930565705
29352,31.710937199143196
29384,54.67373760059565
29385,48.735541269415876
29386,51.086940732334995
29387,58.608457430334255
29388,52.19315132364796
29389,60.86293956940318
29390,66.69974681564346
29391,65.73697197003209
29392,67.94521057725558
29393,58.49363954380139
29394,56.273104274239564
29395,71.24637198074622
29417,54.73933033728736
29418,58.9931913534085
29419,42.35044989341313
29420,45.09874336127206
29463,35.14874102725852
29464,36.921194933578214
29465,37.93329266565846
29466,37.95155472670349
29467,41.09610755030875
29468,52.89721122537479
29469,56.38319965640262
29470,46.235670594524784
29471,40.34588294938236
29472,45.4901812353953
29473,44.12223445969376
29474,45.25764867033718
29475,33.556517412135
29476,28.34341761573474
29477,34.60713580359623
29478,30.980088513183492
29479,40.82176103755362
29480,42.6041167905543
29518,52.7408619262491
29519,51.47336350989652
29520,57.88948472382578
29521,56.13242312002963
29522,63.308173196243395
29523,54.64314465227708
29524,63.89165240267398
29525,63.235032647663985
29526,73.32219560477817
29527,68.01196337595658
29528,65.79072819165513
29529,66.78602446713818
29557,37.53439233054235
29558,40.01405470760985
29559,42.97674144857752
29560,39.34269810795324
29561,49.91172736463651
29574,19.162879309570787
29575,44.56589318892068
29576,41.60349921329288
29577,47.22352017925838
29619,43.849756811640326
29620,38.68680170846874
29621,50.44189478447943
29622,45.850571048890984
29623,44.28698308104632
29624,43.95022965654963
29625,31.22097800601524
29626,43.62085668218446
29627,41.95293991429002
29628,58.63434714300753
29629,55.27292161354047
29630,44.37685751763506
29635,19.69505754509242
29636,27.78210230865221
29637,19.648311572633734
29638,31.74780837384202
29639,24.465069244818572
29640,41.86718847198322
29641,34.52023848538154
29642,43.66208238295979
29643,42.1630617160976
29644,50.05745663595459
29645,43.13086377382356
29646,39.49895952155187
29687,52.47996094788745
29688,43.871053011263214
29689,49.30847395782039
29690,48.64799766336042
29691,59.54168560232422
29704,26.98242885383106
29705,31.458747165467347
29706,37.01743582734344
29707,34.051806419930315
29708,37.59346124540274
29709,38.662479137065986
29710,39.7644072632851
29711,42.50788885755291
29724,9.216336027989378
29725,13.935917279103741
29726,11.259080154424318
29727,15.82881960408183
29728,21.90326598293424
29729,29.7901608296741
29730,34.76870464328194
29731,36.54775584155022
29732,37.10495747693851
29733,43.5164722489722
29734,45.16967580612466
29735,44.12471070065609
29736,17.84538600406717
29737,24.156050932329396
29738,31.583321331235897
29739,18.739181751962338
29740,31.45243352950475
29741,34.80038187465417
29742,34.09055733003903
29743,30.07701130430545
29744,39.26919487839438
29745,37.70367315991725
29746,48.91184323387015
29747,43.730514946586695
29796,22.757223103624128
29797,39.958910788691334
29798,45.42268603890784
29799,52.466579572501665
29800,57.24560569618818
29801,49.246801421504195
29802,48.7516090900704
29803,60.09430762286203
29804,59.498478139818644
29805,57.08411059506964
29806,58.9205993355381
29807,63.965798619720765
29817,2.7967280328933737
29818,3.4515206662638143
29819,6.195224198035753
29820,10.719175150566358
29826,46.98627400348072
29827,38.131653467193374
29828,35.313469278510404
29829,51.88748764593919
29868,6.163424329108918
29869,6.223387971493285
29870,6.992857488096542
29871,9.967530207750537
29913,25.275387217361153
29914,14.971546236032953
29915,22.16751821718094
29916,20.00532748692866
29917,35.41468421719746
29918,31.147219981609016
29919,46.18742754849445
29920,36.169023629128546
29921,42.26919935232181
29922,40.2143937470359
29923,40.74553190017121
29924,41.05530208147092
29998,31.10382363358978
29999,32.10735918357949
30000,37.704400442081244
30001,35.26877713370645
30028,10.19305568851743
30029,15.354435114358635
30030,21.26228356556796
30031,11.95999615636403
30056,5.342317223018155
30057,8.617116697069237
30058,5.809391996086041
30059,14.036609699380374
30060,14.005281271907453
30061,8.899252967234862
30062,16.749471853599054
30063,31.731177127688774
30064,5.987110319942083
30065,28.686924618907764
30066,30.159156163800937
30145,29.715310830461004
30146,32.90752848240123
30147,39.72584037029823
30148,36.20439226043062
30149,32.098628700139805
30150,28.354007144322598
30151,42.39485512893247
30152,29.47856379040823
30153,58.68856316933489
30154,39.37054922795362
30240,24.807538772838132
30241,39.29134275244825
30242,29.530043559152233
30243,22.666597878032
30244,29.775136475370303
30245,38.97238095637186
30246,33.845700574351774
30247,39.12358673982222
30248,39.160986515266465
30249,57.06070181274623
30250,51.052067662003836
30251,37.65123590873252
30252,18.748617911817966
30253,29.04377050183131
30254,30.47659081553035
30255,34.85004966918321
30256,36.946462109401736
30292,12.986124995324612
30293,13.15943280065388
30294,22.710762149442797
30295,20.743763119747204
30415,20.600844051359857
30416,25.40246118099897
30417,30.335074434516464
30418,35.63031160761181
30435,10.028403238542545
30436,18.07714496289168
30437,16.877495925298447
30438,20.599278409409457
30439,33.55560335299712
30440,33.02310991293818
30441,32.07412267247505
30442,31.607419104689733
30443,40.248550602952584
30444,34.472734030048926
30445,50.95229820134508
30446,36.60589125955733
30452,51.84857982627645
30453,59.655576011911705
30454,58.71548281432935
30455,60.21998843681979
30456,70.24426754507397
30457,64.25149474477048
30458,67.44763644147733
30476,4.7358950196433565
30477,4.766952365942348
30478,8.097166204753554
30479,7.390367372827613
30480,16.02953049934103
30481,9.190534119669223
30482,15.141838825148724
30483,19.15522851407702
30484,19.15522851407702
30485,8.797673061696031
30486,14.291453996961641
30487,25.504413545788463
30500,28.979319479121816
30501,47.356692351511526
30502,48.502289955565224
30503,36.79252238825919
30504,35.37686717059859
30505,37.221499279276514
30506,36.56738004250567
30507,53.71152272171383
30508,41.09028546501812
30509,50.23649720509835
30510,60.08026161205678
30511,55.12346563442083
30517,22.5742045259685
30518,28.412474646741714
30519,33.97834996772688
30520,50.45051475973127
30590,18.01067806547843
30591,40.91723870724757
30592,28.676161405578075
30593,48.49847079031201
30594,35.04421624329084
30595,36.8762787289054
30596,44.04474930262456
30597,42.058633908534276
30608,37.367444073628725
30609,41.89284345754975
30610,41.13672874043088
30611,43.140705641809284
30612,43.99175019964901
30613,55.73223383063255
30614,58.644060777645095
30615,56.120245877538984
30616,48.95029336990139
30617,54.07743873427145
30618,54.69242556971605
30619,61.19704804883887
30655,20.749003007335983
30656,28.371586651762247
30657,14.714503773609405
30658,51.82907948128529
30769,11.444817482477731
30770,14.624539914337582
30771,14.466086712196068
30772,9.428879867976718
30773,20.93924400693104
30774,24.170070809623372
30775,34.89538102277009
30776,38.429787276221866
30777,42.22118335447292
30778,43.13374512990248
30779,34.55814288154072
30858,5.866468150879016
30859,8.695118084443008
30860,9.498161156158028
30861,5.9681137848183585
30862,10.613657464346328
30863,13.871462038331362
30864,17.61336266911175
30865,15.430323548975567
30866,18.052473694546247
30867,23.6280049703505
30868,33.13025083256387
30881,28.338358221238373
30882,32.47255192145995
30883,39.52787089463945
30884,36.47518557867702
30885,47.66373047957224
30886,50.5274408718007
30887,51.877075271863326
30888,61.82870227845989
30889,55.04937213207874
30890,55.16685242900106
30891,57.97429754118083
30892,67.39890428861254
30893,23.251472925091
30894,28.612289416124938
30895,38.281039861077296
30896,37.61293583099091
30897,46.63389157888958
30898,48.80333630960745
30899,57.75604579600568
30900,53.74909246202817
30901,56.23922782169392
30902,47.291170776887526
30903,51.97214431482408
30904,51.92923429375499
30993,35.01596973848484
30994,34.34250410622726
30995,35.67066563289224
30996,34.36306930438581
30997,32.692808078618064
30998,47.6132049432251
30999,35.285682184864584
31000,48.5600217540365
31001,42.84283480260841
31002,52.93371448815956
31003,56.93616777968184
31004,60.05120190539467
31005,22.881815097734783
31006,46.035794695617334
31007,30.98277693439961
31008,31.196562874092542
31009,11.170237169095245
31010,6.004462635164134
31011,13.161217876699183
31012,17.60519998240291
31013,18.329891668632293
31014,19.691329206115224
31015,31.27835246448833
31016,27.23393539440984
31042,32.6128599216606
31043,34.25784271817716
31044,44.406011494926865
31045,41.73864638836761
31046,31.12819169346791
31047,45.69320629530718
31048,49.31169528875934
31049,51.9984627838264
31050,46.998580660942274
31051,53.08675718367631
31068,14.947153106919362
31069,25.189675448087627
31070,43.58220228785671
31071,29.879866800851282
31072,37.419481594520015
31073,46.16735848460907
31098,14.910092168655828
31099,16.177184122498314
31100,22.534590324527795
31101,19.003215207856698
31102,24.33028859453935
31103,32.419837207160136
31104,35.263098777959456
31113,35.400688164446905
31114,42.19765608360575
31115,47.88553676746154
31116,44.03820139362036
31117,20.463292292210706
31118,11.669030315878663
31119,21.542745139803195
31120,29.27465592875797
31181,8.194115822376547
31182,9.136157858412252
31183,16.832192248411783
31184,17.509053625761563
31185,15.599805515382647
31186,21.69962607694849
31215,16.28291121064347
31216,34.83465064947392
31217,37.21448361621047
31218,43.087367336337536
31219,45.32761750237217
31220,39.92800514563975
31419,22.304845723987636
31420,29.589247057288482
31421,31.453322570138834
31422,40.61177798653877
31443,31.686221421159072
31444,46.78063869724047
31445,36.27147796894105
31446,32.00624726061675
31447,32.82657219836521
31448,52.759580528104685
31449,48.61509493786528
31450,60.22654473017322
31451,48.973701474805715
31452,52.40025120822816
31453,55.42825664231728
31454,55.387705877726916
31483,51.08432325207015
31484,47.387167671619494
31485,43.987734619809416
31486,54.980393731790016
31487,52.042116087354444
31488,15.824098047841495
31489,33.95623481977453
31490,30.266694982598867
31491,40.35601983337405
31492,37.63004132958379
31493,50.98815057766336
31494,60.89389125712382
31495,52.18497300363583
31496,44.35731966905343
31497,48.54386927706576
31498,51.73915750243603
31499,40.38673451532674
31536,30.486444043016427
31537,44.814635472799324
31538,40.83886903252436
31539,51.226892810003044
31540,32.87224588936752
31541,59.91866792746999
31542,39.45930461214503
31543,48.165918243409195
31544,47.99474675091606
31545,55.19905662626102
31546,58.177672016054935
31547,58.05173789935202
31548,17.10588485833211
31549,28.921824970716422
31550,51.57051344893725
31551,35.19381684019828
31552,51.68326538729306
31565,34.41166980435864
31566,30.448075367466135
31567,43.4125769622503
31568,33.564820913296806
31569,34.84589558525606
31570,59.19351892837695
31599,18.948314362877753
31600,23.05174317369547
31601,31.957513753334236
31602,33.62737407630823
31603,39.32334093020255
31604,34.070674744312335
31605,37.671730197767374
31606,39.86269694671376
31607,43.66810026034282
31608,41.71387897791154
31609,46.351316949858024
31610,45.13122021436452
31627,20.99831885221594
31628,34.811642000988485
31629,33.84976148008509
31630,34.41443460559529
31631,39.679017977682754
31632,53.49244577938896
31633,57.16131780909993
31716,18.49001276935129
31717,30.975184636847956
31718,31.23680556517337
31719,37.16611435341072
31720,39.14401402792112
31733,6.716789583303371
31734,10.069928237252475
31735,16.495306304771233
31736,26.26511069474483
31786,12.635277092391998
31787,13.273070991215437
31788,14.389285676457805
31789,20.495861614798034
31832,53.473664567658524
31833,58.98852220116342
31834,57.6804782840587
31835,60.85780866464809
31836,57.67292344374921
31837,62.67213500362704
31838,66.40399377133927
31839,63.96227640121991
31840,66.01399055431251
31841,70.41350868782875
31888,28.632403424788325
31889,43.63141433612749
31890,48.30373323325731
31891,45.524589693217536
31892,35.900822269154034
31893,49.528386574612334
31894,48.426474345984865
31895,60.52240002120186
31993,41.9129075934001
31994,38.61671528327606
31995,46.42671468325455
31996,45.80573003733414
32014,22.357379142825653
32015,13.447683835659056
32016,20.526164061252725
32017,32.64276622428129
32018,31.451000190860704
32019,30.518499122936493
32020,34.363273805463486
32021,41.30685921701369
32022,37.605531367030736
32057,28.91590309021146
32058,18.567555308230485
32059,32.80968064811324
32060,30.619709020105812
32061,32.17479663899012
32062,29.846743239646543
32063,36.115408220392474
32064,31.005272496695973
32065,36.92600557994129
32066,54.20867237505672
32067,41.07004015556322
32068,38.9831980149864
32119,5.350391426848465
32120,5.330949803031999
32121,9.033551678570419
32122,13.6740934298751
32123,15.444080061619017
32124,20.39205608550134
32125,23.45918402901678
32126,20.411158319869266
32127,37.72313903870637
32213,38.97769566572239
32214,19.14861065045538
32215,35.48508260898384
32216,33.201971471093856
32217,34.51541798909914
32218,43.075185053583596
32231,14.28981543024097
32232,42.478574830569904
32233,38.03398657311507
32234,38.94339710478369
32235,51.13055062859254
32236,21.00019842335297
32237,30.143605289021213
32238,30.306740670333728
32239,35.44064295971687
32240,25.551021629886407
32241,49.754368653634614
32242,33.74421996347145
32243,31.529242156974913
32244,39.94671963429094
32245,48.25122242957862
32246,40.856294443265234
32247,51.85655514334589
32353,15.237887085289616
32354,13.123381604378588
32355,16.458885465854973
32356,13.67370828649187
32383,6.126246023538478
32384,7.349357320208002
32385,8.373449939602757
32386,11.091704397297635
32449,11.070891166816603
32450,13.483425156091377
32451,11.662618289864517
32452,11.656547650388829
32453,8.77631642825729
32454,14.719875145466306
32455,23.721983949636883
32456,17.013666108590606
32457,14.667156925097219
32470,25.252548536718066
32471,43.62376011083149
32472,35.87863529410878
32473,35.339061517527426
32474,47.25561424005599
32475,47.782759258279214
32476,54.46928364185288
32477,61.31195995588184
32478,57.3218239582279
32479,49.12742165850151
32480,65.68056304073168
32527,40.313325478161936
32528,32.349008620318024
32529,35.75302202474356
32530,34.02851204861637
32608,9.081160717375871
32609,9.081160717375871
32610,15.73221778432847
32611,12.186095387221036
32627,11.168579727759958
32628,16.50254654271546
32629,37.79651043190686
32630,30.352875669348606
32713,22.486849594266324
32714,39.98796528788254
32715,30.018708567276214
32716,32.8034572796477
32717,34.634975125678686
32718,35.71050831765464
32719,37.06744945456346
32720,48.021110291433054
32721,45.12759473048899
32722,38.36539114599753
32723,49.87181869771324
32724,58.20916636610874
32725,24.058860973654095
32726,35.57607303032028
32727,24.156050932329396
32728,37.59602673735776
32729,41.66500269451877
32730,41.62434631175856
32731,36.486965355142814
32732,57.8613920034473
32733,63.36632025596482
32734,54.12645334607522
32735,54.710053524105646
32736,50.318565933810895
32741,13.750616067794152
32742,21.42831068783704
32743,18.304716379875273
32744,16.920304903747848
32745,38.73247055932198
32746,38.73496230842154
32855,28.5041996770181
32856,20.320557242857895
32857,23.696893883435173
32858,20.102228055451867
32859,37.061909992783
32860,32.02844962347057
32871,4.925878924959567
32872,3.7225645181512914
32873,4.94194852262078
32874,7.198894919242168
32875,17.88960360828982
32876,12.155463735691164
32877,21.75332999539707
32878,13.327023274845986
32879,19.39500385337029
32880,31.992122423910004
32881,32.653006059964376
32882,35.26303650703591
32901,16.073234478957428
32902,18.3196125040517
32903,13.7665426282626
32904,15.364166121679355
32905,19.180520851110415
32906,31.455408623358387
32907,30.356357291723395
32908,38.55174337840848
32909,50.469058098712175
32929,42.10548661012252
32930,47.59726514236067
32931,48.335655905051624
32932,46.23309047961038
32933,36.8770431931281
32934,46.38844141541876
32935,55.268402280103494
32936,56.406170681739425
32937,42.64183569513895
32938,56.502229074935656
32977,6.458540785132336
32978,7.0348253231941555
32979,6.458540785132336
32980,9.291771719815548
32981,6.967023696003055
33029,39.990562731064536
33030,29.745038964475448
33031,48.338193230947816
33032,42.66330357745121
33033,46.356003885310955
33034,41.05893850815771
33035,48.249755513644324
33036,48.930173298685
33037,44.388003960704886
33038,40.88948976768931
33039,51.23546735768563
33040,43.010781113082025
33107,43.08478950102026
33108,45.93190039969655
33109,51.991854292564746
33110,53.793730115972274
33111,52.43094218276188
33112,52.946268712102565
33113,55.04610149044119
33114,50.333463575063696
33115,41.503421340895486
33116,57.871357650977934
33117,55.65103061385158
33118,61.6890991051138
33119,31.667658752561465
33120,37.154294594474045
33121,31.641358564193897
33122,45.2701624435431
33123,36.37442857437807
33124,35.49576862480278
33125,50.21129934981238
33126,50.04275182385794
33127,38.283417765300655
33128,55.35911020199737
33129,45.58971360353469
33130,44.23809423399781
33135,29.471938905065066
33136,32.33525993444293
33137,33.8350466235912
33138,33.203754540121494
33139,35.088209519332
33140,29.745118077014755
33141,45.23595101362708
33142,42.71168911584471
33143,50.42456813648659
33144,51.62422354972734
33157,40.6820484502131
33158,48.95462612191333
33159,35.99297062367668
33160,44.60043965191918
33161,45.757385301718394
33192,14.629762106194265
33193,15.96704318483435
33194,17.41052118942597
33195,20.574687157243613
33196,19.509536561663158
33197,17.72739451755582
33198,20.870521947092392
33199,38.800889058676056
33200,33.00282222153091
33201,36.34749622419773
33202,41.47988131897922
33203,48.05782748211553
33204,22.74773314986025
33205,30.518045137442314
33206,34.509107284635775
33207,29.966850924773563
33208,41.77320132968787
33209,36.31275608902704
33210,32.900463631371615
33211,42.56766521467501
33212,35.91832807624659
33213,41.265021278875196
33214,41.28480274102349
33215,39.91384163972911
33228,16.456785125076102
33229,18.879347213446078
33230,17.363780994545642
33231,19.26058753035826
33232,14.969825133993043
33233,15.202258602205559
33254,20.252031907501863
33255,17.16762871246836
33256,35.848475605409575
33257,34.23713549321697
33258,5.841474806386344
33259,5.841474806386344
33260,6.076759044491416
33261,7.04587582300327
33262,19.627833130401598
33263,19.627833130401598
33264,17.53446808706492
33265,21.126595008079228
33266,16.057369459215813
33267,12.206099703884902
33268,20.38310896646506
33269,15.064812828980616
33270,34.384869162381975
33271,34.11586942520663
33272,33.32060881319714
33273,39.01821537204559
33274,15.903913367818388
33275,11.580357425822406
33276,28.529281982570488
33277,21.003459141102724
33278,34.739543804728925
33279,33.647194691103415
33280,26.580104928598278
33281,31.44373526789625
33336,38.47979279677195
33337,25.226961812699432
33338,35.10922211642318
33339,50.46092620797839
33483,8.939353296367335
33484,13.95016676525174
33485,10.991362309731421
33486,14.183112297516647
33487,15.769591703027572
33488,15.976269260249548
33489,26.26803842577
33490,18.300006993870465
33491,31.805845644022014
33492,42.77729025827881
33493,31.927317912748094
33494,52.49610996930582
33495,31.46800879291983
33496,34.85039444825039
33497,54.01751502647283
33498,38.26748218030209
33499,51.544212235297046
33512,34.287514488066904
33513,31.049460069210447
33514,34.34469996008946
33515,34.966347078578444
33516,45.854718528243176
33517,41.21657307626021
33518,49.947103357780954
33519,51.339616561804526
33520,59.986294608354534
33521,49.56627611406943
33522,56.87925139908198
33523,45.66757567891276
33528,31.859041991296184
33529,34.70947944744936
33530,51.610486700035715
33531,48.78940400820101
33639,8.981834730060442
33640,13.834970870060879
33641,10.959316047203476
33642,19.07633571611132
33659,49.88427039529298
33660,42.26314707456823
33661,55.44600559682429
33662,55.14077841141095
33716,33.14602861104819
33717,39.8840449434039
33718,35.92368244413906
33719,36.79026608584595
33720,41.56948502788028
33721,34.68131595290863
33722,54.02433475332193
33723,47.71454102373101
33724,49.883765772442075
33725,61.332986833564796
33726,55.177761210364466
33727,61.32957726192719
33958,16.526050627629136
33959,13.482321225608342
33960,18.828130850324722
33961,19.044730578411905
33962,8.435720795972202
33984,11.020210452915586
33985,18.018863647301142
33986,16.742315646046258
33987,19.920370937455974
34035,4.485497992563781
34036,4.4660563687473145
34037,4.567205775277518
34038,4.567205775277518
34039,10.250009395533542
34040,13.404023664439128
34041,16.99100869653805
34042,15.18613474918839
34043,14.551848975327971
34044,17.726029810425032
34045,22.978690611819243
34046,34.92366443683753
34047,51.791901347775266
34048,52.472144211225455
34049,60.81245766883496
34050,62.375853229056986
34051,63.12068873617463
34052,52.906805940579126
34053,57.17005960562159
34054,59.069889678998265
34055,64.64467794297515
34056,72.4757572372587
34057,76.0204864309499
34058,78.17274582997578
34063,26.641539166804236
34064,29.735194014252418
34065,45.656281889612785
34066,41.02956959623814
34067,43.78275391878043
34084,14.77394199955103
34085,11.851754609843535
34086,18.151442423229696
34087,18.309380058005722
34088,22.4269783358041
34089,17.822897433674836
34090,32.70089506363576
34091,31.799375220535307
34092,49.70747232765986
34093,33.54835491381984
34094,48.00552132500789
34095,45.516897067809055
34108,27.80591063834286
34109,29.47682758349852
34110,35.086599245459816
34111,40.24298179648324
34112,54.730393677241636
34176,21.42674496320497
34177,19.02986656913509
34178,12.442487952227104
34179,43.235680995890306
34180,33.175444257936064
34181,38.68976852909159
34182,43.09156434168123
34183,37.920585461854074
34184,40.898441617063604
34282,19.47022651645638
34283,9.1805832249092
34284,18.659843999986617
34285,20.272307319024282
34334,7.7298721959271885
34335,17.870822089001546
34336,21.52266193753785
34337,19.136304507442688
34427,42.161097861847374
34428,47.360047806402314
34429,49.18644555250768
34430,49.289255986207195
34431,45.666060944769555
34432,51.900817219828056
34433,55.63364797664047
34434,20.23409654725603
34435,40.547181988150086
34436,41.31667686180385
34437,46.862743314978886
34486,34.585723022802284
34487,36.100886567834024
34488,43.597214732539655
34489,32.3990427682313
34490,37.06740224390259
34491,42.56608979566425
34492,50.888923779353775
34493,37.186349721271306
34494,38.44864831795534
34495,40.015386841044986
34496,51.666235076437104
34497,46.07580274219928
34538,5.611189673061846
34539,5.736382913986112
34540,5.965492210138342
34541,14.159735041683614
34594,35.95222388854269
34595,35.70543236945994
34596,44.59385925222603
34597,45.595395549840596
34598,13.800666474951301
34599,5.7313399161562915
34600,13.187961842493067
34601,17.29066281150837
34602,17.343824661691695
34603,20.885541207838116
34604,22.21724055978505
34605,15.328704819815004
34606,30.545090814395557
34607,32.29148022136289
34608,42.248183468626074
34609,42.912727707754925
34610,26.025775403288392
34611,34.01084634805343
34612,36.63267333816612
34613,41.48014874936854
34614,37.932532732081924
34615,38.675707913647166
34616,36.51655749622058
34617,12.49215871352004
34618,17.713738718553355
34619,21.70360991315431
34620,19.366260835640034
34621,36.82278146613447
34660,16.1374632295397
34661,15.851776788767507
34662,5.708885345307646
34663,15.41128972124603
34664,40.28788883772569
34665,37.50012349439712
34690,4.916045860895102
34691,12.310967979099697
34692,13.476825707199323
34693,13.741667147615493
34694,15.156026988881942
34695,14.106999485802726
34696,17.26047477915678
34697,22.272498029696585
34698,37.46950615850581
34699,38.92160790029799
34753,7.844617872235472
34754,9.178063296594875
34755,23.51237954833957
34756,31.183905620362676
34757,11.870767840532675
34758,31.039717354276405
34759,39.82886909075491
34760,36.54509682989012
34761,43.90226613042435
34762,35.67562456563634
34763,39.774356260785034
34764,42.182475486217854
34806,14.74716345684391
34807,18.970631976931823
34808,23.61096399752612
34809,28.475334446378376
34810,37.359170277735004
34864,10.20148495306673
34865,30.563725637613604
34866,36.91453892215702
34867,37.00442361863551
34874,22.20309138461906
34875,22.306080573055894
34876,33.86145477809437
34877,41.200872746986995
34906,29.141936350102633
34907,18.969342555091433
34908,33.45182633981946
34909,35.0250252368894
34910,37.50592307207231
34911,37.964392402935275
34912,29.20245209993941
34913,41.682168093771715
34938,38.82712628534297
34939,35.3718578998513
34940,37.77032691152464
34941,56.92520830005578
34942,37.573167860896156
34949,17.41756162227093
34950,14.0646801061301
34951,32.67080570709845
34952,31.74185549076857
34953,31.95981881984964
34998,40.556302466820064
34999,35.71021986565741
35000,41.97075368975531
35001,31.74118568920285
35002,44.28354940097621
35078,40.82682725232193
35079,20.76312747532499
35080,34.31266493872962
35081,46.4359782776372
35111,13.403848917859971
35112,13.403848917859971
35113,16.925439901669495
35114,36.46329531288022
35115,33.547304175490716
35116,34.663632282206834
35117,46.34883006778585
35118,38.01303473097533
35119,46.958703707965476
35120,37.96870503697281
35121,44.86303488195491
35122,57.09398654898482
35177,31.92136265477641
35178,33.03618299733367
35179,33.27120217616068
35180,33.348965396352504
35181,50.163899683180134
35207,25.456883552778617
35208,23.04482109281189
35209,33.62338146862989
35210,29.672597110585333
35211,30.606762136884235
35212,35.74356637894728
35213,38.59144363742416
35214,48.37704348933157
35215,38.99416480937954
35216,53.21444937860408
35217,38.77205665459043
35218,46.885597956047974
35277,36.22472882935132
35278,49.453188547199844
35279,43.00962892499791
35280,50.05276794363252
35281,43.97265199808293
35282,51.76099965493238
35283,56.197024534091454
35284,53.17231822778811
35285,63.399470962391405
35286,47.78917520829325
35287,41.72138081063319
35288,39.478555023722365
35289,42.152783509123786
35389,25.152368018512508
35390,36.19877934484045
35391,30.509887640455144
35392,45.50605742945941
35393,39.5169475255345
35394,35.18125694325258
35395,42.47027170894203
35396,41.72411932726863
35397,51.44957584478549
35398,48.7305546797613
35399,51.30160167515681
35400,47.37389951379465
35401,31.255859357610987
35402,33.15490476837939
35403,36.9076869412091
35404,37.352180732778045
35405,47.837384000315545
35406,44.4288929473444
35407,40.674594154597976
35408,54.84323382054362
35409,54.944111275370425
35410,44.103867512835464
35411,52.2698638342001
35412,54.255995763845796
35438,17.57430122204361
35439,30.941818991360357
35440,52.150775519204295
35441,34.20995155263512
35442,37.982834554416186
35443,39.206818761281376
35444,42.751338314604574
35445,43.91165798073154
35446,40.50772623903381
35447,57.75254912330621
35448,57.92149861308054
35545,58.79521248449838
35546,53.15229172848084
35547,56.924661689119624
35548,54.23399116679865
35549,58.571716917592966
35550,64.55326611571431
35551,59.103764137697965
35552,61.985824984556444
35553,62.05635267687369
35554,64.45428588668149
35555,55.51544896376513
35556,61.92953385770985
35557,19.84530330143113
35558,49.530345578203914
35559,35.021330008488164
35560,42.031976292310375
35614,35.10527732584473
35615,53.66346439613081
35616,34.57057593145588
35617,42.05373217082795
35618,41.56194703001129
35619,42.629710290223144
35620,39.581184107049225
35621,19.057612906474365
35622,13.336734096524708
35623,28.30221082589402
35624,27.16339137025331
35625,19.649732311555102
35626,31.254182668620462
35627,34.208129230746806
35628,31.935689259173188
35629,40.949696967451295
35630,32.03215823611979
35631,38.79293231404622
35632,38.96612662161765
35676,51.061312748856636
35677,45.49125824065541
35678,60.887521588113614
35679,46.45486172738847
35680,49.906627889372906
35681,55.94663358136635
35682,60.995837109231715
35683,56.3809917010565
35684,59.97211155854352
35685,61.82221416919503
35686,56.56346440448832
35687,64.67429875249334
35706,23.81976040576003
35707,23.689227627111574
35708,31.17293887769556
35709,27.945352953069587
35710,14.205561401146499
35711,16.96870857498369
35712,31.57551801061556
35713,30.31538727214901
35714,32.329299606154684
35715,31.791362084403584
35716,38.703049625532735
35717,43.7620666814596
35718,19.582181924158512
35719,29.594597651734126
35720,31.392372848918107
35721,33.86344876728976
35727,17.82999422276683
35728,27.338267386386633
35729,27.397099611045093
35730,32.95162214494849
35731,36.1334322300777
35732,44.84205156392685
35733,35.546167224112736
35734,42.33153373988314
35735,41.155267227375404
35736,43.08896762096259
35737,43.166649696664386
35738,39.0543207624353
35745,17.74391356903188
35746,14.445062271683062
35747,15.976093325976201
35748,12.824384789383384
35749,12.824384789383384
35824,19.35069141530151
35825,19.35069141530151
35826,9.988413653287235
35827,13.238627182179734
35902,3.5217836076708755
35903,11.771483446735493
35904,15.385492623022952
35905,24.491152313138628
35922,19.821979821975745
35923,20.137312906817733
35924,31.189187843556972
35925,34.01567541622045
35926,31.278284255013187
35927,36.186150396751096
35928,37.10101898616314
35929,34.40209006833243
35930,40.452541076957615
35931,42.90536412328242
35932,41.41788008334941
35933,42.37220081925197
35974,22.442530415366377
35975,25.038872445860306
35976,24.942531844817136
35977,24.94654964672319
35978,43.86570592303296
35979,36.873431420128675
35980,47.832860722725066
35981,47.25756525487437
35982,51.01185765231899
35983,48.85493281359377
35984,47.69188994387793
35985,46.41968239676777
35986,6.163442064343377
35987,20.512664614483146
35988,31.50308932010437
35989,35.15300126421716
35990,43.04970713701097
36068,16.952749261089195
36069,29.981403103599433
36070,36.05054124811535
36071,37.22902371361924
36120,36.64037178970492
36121,35.622001483363015
36122,54.99019990722686
36123,34.02832622527203
36124,57.55031217786809
36137,18.759064640152186
36138,29.36275932326635
36139,17.89136586049935
36140,37.07857215224653
36141,40.53172948048117
36142,38.51692830720474
36143,40.78661785331505
36144,39.02743493564777
36145,48.739368945516304
36146,48.55060390730802
36147,37.51284206596514
36148,54.51507955623992
36192,41.537181433187634
36193,37.45879051201111
36194,42.20871059768973
36195,45.77854144837395
36196,49.682734352332304
36197,53.96269705552048
36198,47.30757944592835
36199,56.74922524530176
36200,68.51545457488557
36201,69.57781163138722
36202,68.21600768052592
36220,32.25801515545179
36221,31.186966629669765
36222,29.634676245892997
36223,37.75374080271965
36224,33.4900718959522
36225,29.330265442633774
36226,51.490376046179804
36227,35.62887699131917
36228,42.01243709487559
36229,52.05710232378717
36230,51.6204100164609
36231,43.136159288492145
36245,48.52818035249726
36246,42.22004445720833
36247,45.5622446305706
36248,43.844435890278376
36249,40.01006224340918
36250,50.178145504600586
36251,52.16533554045684
36252,45.289238177650255
36253,45.17769850751365
36254,39.22824165840287
36255,32.221837432620156
36256,34.52652716102137
36257,34.777743397414916
36258,36.61145188665688
36259,37.330299493211044
36260,32.073721213078365
36261,32.32615711183152
36262,39.00236541385431
36263,43.02574573627162
36264,42.81207914538822
36289,4.172505974757374
36290,4.172505974757374
36291,4.172505974757374
36292,4.680988885628094
36293,6.937935282249483
36294,10.803912247122474
36295,16.798761919471364
36296,10.803912247122474
36297,15.486359061281975
36298,16.022748624621073
36318,23.810751251082838
36319,25.50933113740673
36320,30.83708555610874
36321,39.75807240056092
36322,30.711574069566662
36323,30.50019123401173
36324,46.34316195404347
36325,43.358577746664324
36326,46.25437055391478
36327,47.289726595173434
36328,41.169572625541676
36329,53.017637360723405
36330,51.323535435085994
36331,54.3952193578167
36332,60.976604201703914
36333,54.01270059924321
36343,19.14861065045538
36344,27.165164992021296
36345,29.877472950185584
36346,33.22474253587483
36347,33.900380718795454
36348,27.759828881582962
36349,27.459408497448052
36350,44.25482744304278
36351,43.008413036291174
36352,42.98635575978538
36353,39.101399683546425
36354,39.052264323146424
36367,10.184756670445786
36368,30.36661984292831
36369,22.174441429553603
36370,18.073126462536415
36371,23.090888048996273
36372,34.937804095675226
36373,31.11044074909748
36374,49.31127369328758
36375,36.72390748959209
36441,20.01685994106521
36442,43.773705320623215
36443,45.53903247758445
36444,42.12852579033427
36445,44.326414422635516
36446,49.1460898121257
36447,45.05543472531212
36448,58.26333822997373
36449,58.6834823462906
36450,68.96499608457924
36451,58.07873719575594
36452,47.06015033935408
36453,13.916069290295589
36454,28.688759887572676
36455,34.52764745379402
36456,37.484338205893366
36457,32.10620018563038
36458,45.51297043487282
36459,41.97223946345109
36460,60.365049833695636
36461,53.09247818504
36462,53.82694896335189
36463,59.540971445186265
36464,53.548346977865634
36523,6.092488912033986
36524,8.619394141926643
36525,11.601851184767556
36526,22.042543188947274
36601,22.554316326923136
36602,32.33857591359306
36603,12.906884535944144
36604,38.25573805408953
36605,44.990768345046334
36606,35.9430189356586
36607,43.848699591339184
36608,36.230791479414556
36609,40.92967951144865
36610,47.33003387933669
36611,38.372155618919955
36612,46.43595390204694
36618,39.29135875370751
36619,29.463885509091035
36620,38.4114993171119
36621,40.430765384642214
36637,37.316296209610876
36638,31.279656214730757
36639,50.50967737416712
36640,44.66233145590282
36641,32.47524570449515
36642,60.45123895674185
36643,41.0713760830903
36644,50.960821774684774
36645,44.57235890624907
36646,57.01359451542444
36647,6.459547988804498
36648,11.525292196569023
36649,9.843254226914087
36650,15.998680297257717
36651,15.153649944965306
36652,19.08985411182592
36653,22.2634842923319
36658,50.41186880283255
36659,41.1637920117546
36660,49.083009652114825
36661,47.986328313087874
36662,54.789742853011965
36680,36.60026186751888
36681,36.51877308248746
36682,36.92379151797144
36683,51.66610711257725
36714,19.366065445886004
36715,13.952759893158566
36716,27.546333818368407
36717,32.128938395967744
36734,41.94060095324157
36735,51.848733941436414
36736,55.34440029610345
36737,52.8763101076665
36738,58.74455772196934
36739,55.11199382282889
36740,53.50731711588367
36741,64.3701286273494
36742,56.680895448338525
36743,53.92783194127375
36744,63.88192133521642
36808,28.280192399690616
36809,34.17906464752497
36810,25.19106722687088
36811,36.046768872304554
36852,19.628703573343948
36853,30.219079458445716
36854,30.263783138801653
36855,35.30383632520375
36856,28.834590276288647
36878,12.898039091271746
36879,6.072903052820363
36880,10.291019969152487
36881,20.246509953526495
36882,16.472047214820495
36883,28.45013878216087
36884,30.945724670053668
36885,29.654313514444386
36886,34.17777125470754
36887,32.40525783772312
36888,35.8665715814576
36889,36.080789073976995
36890,36.817748987804364
36891,53.810999838735995
36892,40.251347081737
36893,47.7388579404226
36894,51.69400804163747
36951,30.24904830463781
36952,27.598052516213126
36953,30.780268906941668
36954,36.92095612739225
36955,31.847621966595725
36956,51.82385624480899
36957,40.8700666031437
36958,33.899248647512735
36959,42.16345543414191
36960,33.70292774784357
36961,51.19527421400264
36962,39.70538749585861
36975,28.37281857091618
36976,54.250144353033875
36977,47.668151620713964
36978,55.05838937021304
37010,5.693316443624384
37011,10.676591613034748
37012,10.676591613034748
37013,6.613647472338454
37014,13.976911736931463
37015,19.882681289233208
37016,18.986312966772243
37017,15.008205025346305
37018,39.27340513516408
37019,37.33417296542178
37020,30.837175978871926
37021,39.64344957887127
37022,50.57571578394746
37023,52.722707188139694
37024,36.302515645855
37025,36.61081147226741
37026,50.23317239902228
37027,47.19413250928856
37028,50.220690336140606
37029,58.374730711960375
37030,57.97149821337336
37031,54.450855024556915
37032,50.17387252003106
37033,60.30271746598312
37034,28.870324237788246
37035,21.323542012672252
37036,29.450254342328456
37037,17.570598902538325
37038,33.945213179306954
37039,35.72609108338835
37040,32.838386974599565
37041,24.91435524671326
37042,9.278639153016725
37043,17.21386837027813
37044,16.972304559663115
37045,36.82514151437711
37046,32.814872899814965
37047,36.012551639982334
37048,34.74631764960051
37049,38.68301058849455
37050,49.45233652556243
37051,45.09539502334892
37052,35.9300264311381
37053,36.42749689412736
37054,31.84856517481887
37055,49.758074421333966
37056,44.26172628080347
37057,57.470241866416714
37058,48.22210972467127
37059,55.001687095095576
37060,50.425463665225124
37061,59.349047223448906
37074,33.94566906948828
37075,42.18646876786303
37076,23.163065529641138
37077,24.08393914001331
37078,34.72465083500071
37079,32.403792877415306
37080,31.97752385473487
37153,19.649866486651497
37154,24.931326310686075
37155,22.556537489060563
37156,36.53952935921495
37157,37.24595887159633
37158,36.54449031903334
37159,36.35675043156473
37160,39.05559593677556
37161,34.90491778707047
37249,20.720933172292334
37250,28.063298326746814
37251,24.60946668725361
37252,30.977331956387438
37253,34.61145860597682
37254,45.52062255282474
37255,37.652285428689304
37256,34.07296742343071
37257,55.950873490406636
37258,33.6577803006329
37259,36.7487292886772
37260,39.810673951876225
37261,9.173802795001244
37262,18.731464807940633
37263,17.53446808706492
37264,18.705325589796924
37265,10.944853383481547
37266,15.213301600726508
37267,29.241943077299833
37268,34.68849297239952
37269,34.96371742644678
37270,36.595156119984715
37271,43.84650814013436
37272,38.377604729396
37308,31.350260213957355
37309,40.76831986868126
37310,46.15705544965945
37311,37.00953383250556
37398,36.79881405907814
37399,36.52685257243339
37400,50.617295364815384
37401,41.92886363735913
37430,18.2689524675994
37431,25.07981894782785
37432,22.67889090805863
37433,36.80378431920702
37434,28.728037364820345
37435,38.91340635648633
37436,36.179186099140715
37437,34.018017686382414
37438,30.257331687116682
37439,53.028076254620444
37440,42.980575108675
37489,27.539138037143598
37490,50.77826309754997
37491,42.05634493703349
37492,42.37607382671856
37493,38.6797683781562
37494,47.55510578643606
37495,49.85096300575072
37555,19.055297454919174
37556,18.472455962573
37557,14.422109617955238
37558,23.64198770830838
37559,9.034020808177369
37560,25.12945149494962
37561,36.860959190271906
37562,34.453314450138144
37563,37.692873240840356
37564,59.17045007655796
37577,32.2805683968178
37578,29.479736882403326
37579,37.9470875355532
37580,37.450625122949795
37581,44.250724802253096
37653,13.83613581543973
37654,29.10261873783921
37655,31.29076097960317
37656,34.039613605013194
37657,31.794033982419545
37658,31.823687860555935
37659,56.502521526470304
37660,49.89911831148349
37699,43.718590091569844
37700,48.493585112884766
37701,41.83735868834131
37702,37.717114549569246
37703,53.636949039682
37704,49.67667628816343
37705,43.3762149681059
37706,49.569076899942395
37707,56.55821304343334
37708,42.58501486113202
37709,55.426296962816245
37710,54.030372120272325
37756,42.34523881966843
37757,49.915404140260144
37758,38.37219242447439
37759,54.47395711238459
37760,51.029542018895484
37761,52.09941710832523
37762,46.250493260874656
37767,22.071645733264415
37768,29.045464657396707
37769,46.75561849801408
37770,51.114720513869
37771,42.79877759755051
37772,44.687696980208536
37773,57.32129660621486
37774,38.84176901751467
37775,51.62917514022006
37776,59.84593829283604
37777,54.91889474857775
37778,68.15461607518401
37816,14.162074120109452
37817,17.978281381149152
37818,26.850427507848636
37819,24.445266385225306
37862,20.552932393566763
37863,22.129850034623058
37864,13.10459120571697
37865,18.07633411289498
37960,28.87843438194303
37961,30.112736130651946
37962,18.495610434306872
37963,37.1572009072104
37964,38.02163415121981
37965,30.717218199177154
37966,35.04728982513588
37967,35.96957322649207
37968,59.62622559650923
37969,59.66985627102653
37970,56.823456848781625
37971,40.10643528914226
37994,34.94138950681393
37995,37.733323683115195
37996,42.67675927284635
37997,53.983238825403824
37998,55.94283623184332
38021,30.740740732654892
38022,37.04164797333801
38023,24.393157544884925
38024,36.93436348754681
38025,36.56284623503728
38026,42.76299165890497
38027,39.395265091999015
38028,44.47602502839512
38029,49.631428204443765
38030,50.172168721433984
38109,30.885829432513955
38110,20.879114872644926
38111,32.95753298100648
38112,36.514989022425034
38170,32.30435740653884
38171,27.99372682440626
38172,33.31824039802867
38173,29.297473306836128
38174,40.64563479596178
38175,42.87200555597888
38176,45.68274709295775
38177,30.78300787195292
38178,47.689593283214286
38179,44.994948022419166
38180,43.14316492345177
38181,52.553018852433034
38197,29.151536379586798
38198,30.003926115149333
38199,31.712797914262936
38200,43.05233352654399
38201,44.880331758127255
38202,40.13966700622011
38203,28.43923823764395
38204,49.743864127109504
38205,58.08144651233119
38206,35.838870071819905
38207,50.6678718206662
38208,54.04265056500483
38209,57.771820412000686
38210,54.984920827430045
38211,62.450239590741205
38212,56.72002092141262
38213,62.1048623128243
38214,61.99264550065275
38215,44.92854563982259
38216,46.88480146430626
38217,60.65383922340087
38218,61.90683029784883
38239,9.406572449611101
38240,15.633855154162305
38241,40.19315780026709
38242,32.175211216435564
38243,28.491709349958644
38244,33.20012851016101
38295,5.861237919248014
38296,34.230439416682124
38297,27.984452342029076
38298,31.52335832530022
38299,33.472238213064735
38300,37.441947875958206
38301,47.003679942560815
38302,31.04530791572068
38303,38.89339529589507
38304,40.92780328652109
38305,38.22964040604099
38306,38.944247592679794
38307,56.09156704393656
38308,61.15798910377573
38309,63.29846458963919
38310,53.33962385377196
38311,54.5255909659254
38312,18.326123437077666
38313,22.59365810223933
38314,13.89582362946056
38315,20.486033468399285
38316,25.560597798307388
38317,20.02072362999108
38318,37.447247118825025
38319,34.868062799022546
38320,31.297602837549217
38321,39.10057305863235
38322,36.55957417378764
38323,50.993535103107256
38324,34.059944226803765
38325,28.74952911449466
38326,42.671995708347985
38327,36.79975724103343
38328,39.328081978750554
38329,51.89063243429981
38330,40.59484457843653
38435,33.349191962593764
38436,28.89907290404973
38437,35.79968340777402
38438,32.20433343308743
38439,34.34097159840284
38440,39.07487371803676
38441,37.070930545256076
38442,40.63062139454517
38443,41.477503471598986
38444,44.711121743273885
38445,53.271227901765
38446,42.799670831968704
38447,35.7356654109243
38448,30.959057050219428
38449,32.67622959778131
38450,36.0360626819193
38451,33.71948447078932
38615,17.310913013818848
38616,38.83138550773426
38617,39.18370120700188
38618,38.607801526579465
38619,28.845713418700694
38620,41.655291598521465
38621,44.528475583774174
38622,38.08127885119483
38623,44.882759552385544
38624,48.991732476444184
38625,52.91429273824522
38626,48.36412949342778
38627,18.42789413598928
38628,28.166052670017464
38629,31.403710449024743
38630,31.02556840891934
38631,19.13519091197209
38632,10.632650003683185
38633,34.520097997066536
38634,39.139803557044274
38786,34.52525095034371
38787,54.34180553304985
38788,55.65083923931442
38789,68.09893171275769
38790,58.04183153389342
38853,32.99651802829241
38854,40.959513304513855
38855,33.25494513444883
38856,46.340171196803695
38857,57.493266005475725
38858,38.402116979646124
38859,53.05491690182312
38860,56.826223581829595
38861,50.08152367415486
38862,52.65952050745197
38863,52.857061167290404
38864,62.16030086718202
38869,32.51206219001158
38870,40.186517071952736
38871,47.914344012765355
38872,40.533855918183114
38916,33.09908328672533
38917,30.208550482879215
38918,34.9918345657966
38919,33.80506890383162
38920,36.136039366748754
38921,41.14398664518634
38922,31.979773307653282
38923,38.99742815423949
38924,34.31562027109054
38925,47.12546023388191
38926,36.33558882520851
38927,32.997266942632024
38936,40.54818550297954
38937,45.353723831709786
38938,45.154451491309324
38939,54.352408354080524
38969,23.865033611662167
38970,18.237118344387703
38971,18.250489328728484
38972,32.58120501669644
38973,31.041111992279976
38974,27.355178821915835
38975,35.82746861432884
38976,29.822932619653237
38977,31.680604663993066
38990,8.775913113968041
38991,12.40366486461533
38992,16.517218632932813
38993,16.46834164654681
38994,24.43517418420655
39004,39.47184394389625
39005,34.73307242297591
39006,37.70288293957932
39007,40.96256141729053
39008,48.453675941659476
39009,43.48985702693333
39010,58.99973141173156
39011,54.357891862599296
39012,61.04166074948845
39013,55.0751458706624
39014,39.02432308611166
39015,54.667547870332854
39040,17.97153697748566
39041,22.692035706568742
39042,36.9905596991692
39043,35.97561660717251
39089,28.13675682173643
39090,41.95378896569745
39091,55.947509883255144
39092,47.85880438985262
39222,15.759540742308584
39223,26.26779254172218
39224,42.606919320300946
39225,41.856965265850896
39226,55.17176549330475
39227,40.81732813129833
39228,55.64580743324352
39229,42.75370125119061
39230,48.04168509571267
39231,47.140639283528856
39232,45.79137720419371
39233,55.8941129399074
39252,22.092202568011984
39253,40.727261643429294
39254,39.166193299844224
39255,18.027694837726177
39256,40.69187717525605
39257,51.5205391372223
39281,10.844293773347424
39282,21.420063203051004
39283,18.74578979533168
39284,22.97556604711348
39285,23.01640300459409
39313,18.47138066858383
39314,15.888184990672743
39315,13.11458696949781
39316,31.999595885688063
39338,31.30868384691969
39339,30.1339229776392
39340,9.242968227202564
39341,37.745379675267635
39342,32.10978320971485
39343,48.69788533643048
39344,43.82555985844483
39345,35.71203094859311
39346,45.61821380584129
39347,57.33032888626369
39348,51.53423018741303
39349,61.679644142340294
39408,19.405551570963386
39409,30.552296872653855
39410,31.29035545401269
39411,33.305585286869174
39412,39.967589172047944
39413,37.81971865496566
39414,52.22631148421836
39415,45.18629413943191
39416,44.17977789147432
39417,52.90513577412584
39418,50.6445669763042
39423,20.646024826672157
39424,24.16470725311346
39425,34.77521233251513
39426,32.45936804455214
39427,32.73807823821933
39428,37.88095068330328
39429,40.48398543908435
39430,35.40929995071845
39431,31.221842451753165
39436,27.661993152213988
39437,20.12819285577279
39438,23.14386582213986
39439,45.793029268819424
39440,38.17643641456114
39441,36.23733861794639
39442,39.87315978262249
39443,51.175255036097205
39444,36.26823924496152
39445,52.90309587183918
39474,8.743372255785879
39475,16.17788534979639
39476,28.391360227513168
39477,33.91488256380208
39478,14.682812090867225
39479,19.140310379762177
39480,20.211182212054368
39481,32.28892737995896
39482,32.20254024254164
39483,30.491273560036323
39484,43.41539307547311
39485,28.711923563643158
39486,47.85032040521705
39487,55.2517145556385
39488,38.43382454747547
39489,51.57870338604114
39522,45.237526550325214
39523,38.37457165063948
39524,42.14780802254725
39525,48.82289759178818
39537,15.64974357386799
39538,13.850787312730283
39539,35.21989103511654
39540,30.346308742847214
39541,35.8761933231716
39542,37.17911572319177
39543,36.97709998365257
39544,52.186311108919035
39557,32.26671260896702
39558,30.783438016927597
39559,32.36981296166908
39560,32.31767990478021
39561,38.12325204071958
39562,34.868084463524845
39563,37.989224695245284
39564,43.968646577799596
39565,43.812682348773464
39598,27.30188339218645
39599,28.78646834780983
39600,26.586076644331367
39601,48.089525555374834
39634,15.260958362647429
39635,14.922356421711712
39636,13.836848915746623
39637,13.85759266816354
39638,19.423686458267554
39639,17.689061671637376
39640,13.255263473563723
39641,54.68084582306398
39642,47.8680434192443
39643,34.46405237756213
39644,61.89261701511248
39645,42.31886848162914
39708,47.05208624252655
39709,46.26835848368732
39710,54.410939730143724
39711,59.21326469670213
39724,36.60672498839355
39725,30.185371721304517
39726,41.94578035916337
39727,41.72471105645633
39728,43.09196945352198
39729,40.0290972406157
39730,56.038201938763386
39731,59.15101739913282
39732,52.03128300620161
39773,40.99407085273826
39774,29.738521006391235
39775,31.069672014181407
39776,33.81932094236891
39777,44.71241478392962
39778,39.181442041781295
39779,25.258340170518316
39780,9.147636515283113
39781,10.35811978036213
39782,19.923056275054506
39783,30.3646205346205
39784,32.49541639915396
39785,39.77231184661918
39786,36.38558693093451
39787,31.99065851568471
39788,43.65912158244173
39789,46.29900121119202
39790,57.89873399621485
39803,24.193857223780252
39804,40.52692346102055
39805,56.514082387985376
39806,44.45110501951626
39807,43.99977832707286
39808,59.6218593368918
39809,55.597830847429776
39810,58.628938368152426
39811,58.41529437668644
39812,62.298258312166496
39813,60.944925482401814
39814,66.08699611208812
39815,66.73257301917135
39816,72.04692533328192
39817,83.46968078255794
39818,76.60064177089758
39819,75.22620644160726
39860,33.33593654606935
39861,40.091434976822676
39862,23.767201364100647
39863,33.09525544327404
39864,30.55787991706629
39865,43.47565902746021
39894,30.906640182738332
39895,27.8376592475839
39896,31.93957762178079
39897,26.597523044690046
39936,15.773965534990115
39937,14.37478977674281
39938,20.511296995302775
39939,11.660385111737021
39940,18.105210056664276
39941,19.936594309988248
39942,14.76569952486423
39943,22.93075369299714
39944,28.08410817829681
39945,31.221705785448467
39946,32.5309439507692
39947,47.524811613745065
39960,5.226179372634372
39961,33.63413623352156
39962,37.59974639361627
39963,43.91298712313168
39964,25.489027078289876
40034,29.925037521920185
40035,41.21247349269366
40036,41.90704262934016
40037,43.1833810998865
40038,47.97842732789744
40095,29.465428464235845
40096,40.58147674431486
40097,35.31916067599915
40098,47.602722121617525
40099,36.92312785695367
40100,38.20110183907711
40101,46.911570939637876
40131,11.749296010973794
40132,11.753058396363999
40133,15.054534185489961
40134,16.788767752006326
40135,9.577629363320694
40136,13.593480757661522
40137,18.326017548186673
40138,36.54727074393437
40206,10.532944630915834
40207,13.60096835068967
40208,14.520979409692526
40209,6.301370092223931
40210,10.644246334349422
40228,13.634043152880976
40229,16.945061133408107
40230,18.21065402156581
40231,18.21065402156581
40232,18.38872897634308
40233,30.909687693081988
40234,36.627448346201525
40235,38.03502762251109
40236,36.129674272436844
40237,39.59649183748918
40238,37.87010016330899
40239,43.520647230826086
40252,25.63414660229103
40253,14.30266984381173
40254,27.46445299236581
40255,49.32522590534885
40256,50.07834275786782
40257,51.76780835566709
40327,18.6162521144401
40328,35.28941840218254
40329,38.36590349018482
40330,45.85965256747825
40331,48.57284358310718
40332,51.67713024730636
40333,44.39683681884884
40334,45.745132263989014
40335,56.13337165625876
40336,58.280588840512536
40337,57.23000472641051
40338,69.1155906440246
40394,27.366215473801038
40395,35.606818328260466
40396,28.279214258991082
40397,36.81851446074947
40414,46.47743101163838
40415,50.91830341086685
40416,62.15634486241454
40417,54.2190697626499
40418,40.26222530399647
40419,63.86940912022551
40420,15.740713731251729
40421,16.501421540936512
40422,22.119772553509744
40423,18.351375216208165
40466,23.160246495058864
40467,29.868530584358716
40468,28.95675662084603
40469,26.80739457603386
40470,41.8012478583176
40471,33.059491482362056
40472,33.52426327691294
40473,44.983796501644214
40474,49.31178171142508
40475,32.994501398165724
40476,51.35283736970296
40481,40.8000425613948
40482,31.98928285490794
40483,31.073049471552242
40484,38.95996451734755
40485,46.388718076029186
40486,50.76842786265892
40487,51.02250319565981
40488,53.19425658678176
40489,64.12159776394438
40490,63.15548313133886
40491,64.61712216157058
40492,59.33045416004635
40493,23.048162890788753
40494,39.52337206404678
40495,30.953816397255203
40496,54.300770431850765
40497,50.16615408097183
40556,44.96349737945369
40557,41.867402811456294
40558,46.41143145879459
40559,42.267575361324795
40560,53.70006586160011
40561,56.69230748799145
40562,46.584720030262616
40563,50.10043559777288
40564,53.669655324223285
40565,63.38672668251513
40566,57.29831999948619
40567,56.26471341136624
40613,22.68092011371464
40614,37.11832010846371
40615,34.74572581631271
40616,38.85982960738502
40629,11.250704094240753
40630,15.300181236386685
40631,21.141854339454067
40632,23.35501864696106
40633,25.72980746858657
40634,18.918940988358123
40635,35.79018467576698
40636,37.01620495621192
40637,37.8938207799252
40638,35.57479077041673
40639,41.46938484838741
40740,14.46070571337313
40741,11.715384604631303
40742,19.247450445719664
40743,20.2737058457487
40744,15.176574335266054
40745,17.7019882707784
40746,33.280157937954854
40747,38.78732834183656
40748,36.70553390278402
40749,34.42680389122668
40766,50.682770265449896
40767,46.244155887247764
40768,44.00734963785235
40769,59.844782618186976
40770,44.53333548943279
40771,33.694963493409
40772,41.430404144201994
40773,36.073178561344584
40774,56.958518382276516
40775,44.538193586183894
40776,62.578430538267696
40777,58.01026178521881
40778,58.022248977812495
40779,45.49213490900687
40780,58.150771854849246
40781,62.41266063709274
40837,17.576885716971358
40838,23.91914936719076
40839,30.253818370298447
40840,24.10896839947886
40841,31.510581313212402
40863,14.63745951322113
40864,11.960328486556552
40865,14.903112522593574
40866,19.059284370109616
40891,20.58265311027149
40892,10.627689612778063
40893,17.20834107049067
40894,18.930726770087613
40903,31.21523492020619
40904,36.39771209143287
40905,35.42221571261466
40906,27.327044970237452
40925,6.161940896685834
40926,14.255480970907831
40927,13.589362798201867
40928,11.782585398831387
40963,22.750097403491285
40964,34.13725010002474
40965,31.92044849080446
40966,34.9934034587066
40967,27.579070675813576
40968,34.844528198830595
40969,37.39232814193352
40970,35.70318606403581
40971,48.03278584172759
40972,45.06718389627341
40973,43.16418475425258
40974,57.60400268563603
41003,20.114858718762513
41004,34.18759417347913
41005,33.37563367457862
41006,31.507659712147852
41079,41.84418673035516
41080,49.499884712258805
41081,40.409687906649744
41082,40.35363028634821
41083,45.54811318886952
41084,52.320139242317815
41101,25.231474706188077
41102,32.077991497033615
41103,35.77863297068118
41104,35.362278725102335
41105,36.23326888779989
41106,30.152180274650974
41107,49.42614393748994
41108,38.16730503194692
41109,48.5411790805351
41110,41.19139321978687
41111,48.23806385794986
41112,44.01672514486092
41129,37.446072270231845
41130,20.249129269115674
41131,47.52972902540115
41132,51.86518249710415
41133,36.54294426289549
41134,42.915669415335685
41135,56.14937169137445
41136,44.063595354685795
41137,46.74107206117156
41138,48.38707645875465
41139,33.58817379189307
41140,32.646729383383935
41141,36.64089846345795
41142,36.156827826425136
41143,40.48635312593252
41144,40.74581276514472
41145,45.50071556678035
41146,54.568544725249325
41147,48.562427992043865
41207,17.481522998180022
41208,14.629999492455747
41209,16.031750762305624
41210,23.093058599129407
41211,31.713737984678556
41212,32.35364373676674
41236,20.635231230308012
41237,13.982401241959549
41238,22.470362478702594
41239,20.610005031078067
41268,30.595246311989726
41269,37.0159393743885
41270,34.98103438982498
41271,31.560497903511386
41272,52.908946638513676
41339,33.73718101876361
41340,45.163838242368605
41341,40.47996467839046
41342,33.93821605414987
41377,32.68233811143298
41378,18.542336547144696
41379,38.26382895470107
41380,35.66497426156768
41381,53.53872625481554
41382,35.91977714052691
41383,35.2803970372374
41384,47.144889409606094
41385,55.69536402887755
41386,48.28123704410506
41387,61.905568633159206
41388,48.1250186120702
41401,19.37892493172518
41402,31.206437365267618
41403,44.27662718392284
41404,41.455728800077814
41405,40.7432022776354
41406,37.687428974475615
41407,39.03537483919347
41446,52.79470739350163
41447,51.928476841084915
41448,49.66428598122435
41449,47.493837131351505
41450,44.083001493004986
41451,45.16064832777038
41452,46.122937236488355
41453,53.06257070338372
41454,50.12600005277117
41455,58.737107365447585
41456,59.257050682830716
41457,61.93447288546073
41484,29.354348777779073
41485,28.07880077272333
41486,49.26931077421322
41487,39.361107277947255
41488,46.79355019767611
41493,21.723332634471916
41494,18.766697447386253
41495,9.760074077196775
41496,18.69889582019515
41497,30.0559204690179
41498,29.978825092587257
41499,34.82177978427694
41500,30.043451936690555
41501,44.16812540308357
41506,32.492795595459995
41507,39.36475869674008
41508,44.01088213184073
41509,40.0374409370062
41510,5.905726578295141
41511,13.663639769748983
41512,14.655178352581624
41513,14.655178352581624
41514,20.115191291095933
41515,13.974672092932288
41516,13.59583814255788
41517,21.999126613603977
41518,35.21424472699367
41519,33.52410956572702
41520,32.66422850013181
41521,33.242553576304
41530,4.530385764803864
41531,9.979704924751408
41532,8.188270727591961
41533,5.820383177608155
41534,13.013790533947029
41535,33.16217092043979
41536,15.057642870401358
41537,17.277891541984847
41538,40.843200894386094
41539,37.397799323049924
41540,35.54540046102073
41541,36.63538569862927
41559,37.102498454382555
41560,28.45471032593502
41561,36.61330129082672
41562,39.10304557614989
41563,30.025430554219586
41564,51.787328152641834
41565,49.777234158529815
41566,49.65950039123878
41567,59.98904744809172
41568,65.61467380907995
41569,68.24466591244698
41570,47.15563795358994
41579,38.172932602162355
41580,34.861843090934116
41581,40.03253076006581
41582,48.7845464598352
41595,18.986121522521643
41596,35.62741778528761
41597,38.270183702673734
41598,33.602243900347375
41599,36.177820111094384
41600,44.25406624536819
41601,34.00822452767702
41602,32.05126341504446
41603,59.21103157520487
41604,44.575307415369316
41605,55.8033730841859
41606,55.82748062601014
41652,47.80659048733477
41653,54.15827902217529
41654,55.40140140392188
41655,45.48509850672732
41807,16.601053860182837
41808,20.52515768097292
41809,26.857879997408904
41810,17.883193592326826
41811,33.63770694218579
41812,29.250789749488213
41813,31.387695593972115
41814,39.05414558496342
41815,33.92044413705542
41816,36.336648115808366
41817,39.6011437522871
41818,39.60520843509738
41856,4.859684252847528
41857,4.859684252847528
41858,5.4359687909093495
41859,13.83995657462742
41860,14.76369353026896
41861,3.2940745431207534
41862,3.2978369285109594
41863,8.272854811858153
41864,13.771475150072009
41865,16.64267936595243
41866,7.558023053037007
41867,17.22823906826489
41868,13.83124562095049
41869,17.30878306890646
41870,16.612687768075734
41871,22.04677573580741
41872,35.37895403586311
41901,21.596564271866644
41902,13.069909826211367
41903,16.753837622577183
41904,22.415369715982575
41905,14.777363253832222
41906,40.5678657095984
41907,34.71395612076762
41908,43.687140741686456
41909,40.76052814348128
41910,38.99346626957458
41911,40.32814278155478
41912,51.30714318502719
41929,38.179163539603366
41930,42.24856603389255
41931,32.340558782386076
41932,58.13687106218146
41933,38.62935213528825
41934,40.03789555940055
41935,40.14915344147818
41936,38.19847044360116
41937,37.93448473939493
41938,38.95352104403965
41939,43.82047697563416
41940,43.825325855744325
41941,48.594444057229246
41942,52.59956215521263
41943,46.82966110044979
41944,44.244180033793405
41972,31.512414138441805
41973,31.48976120784031
41974,28.8920259530421
41975,36.324335777073344
41976,31.623690253462055
41977,41.87606626611253
41978,45.80076779993263
42010,48.88459445762269
42011,41.36554244287199
42012,45.01682245339578
42013,51.74935950275038
42014,52.43722694614384
42015,53.95985906656949
42016,63.61508254951947
42017,56.230105779707685
42018,67.00864066832654
42019,15.973223131496104
42020,19.699100761299068
42021,17.452722736204795
42022,15.338217255293792
42023,42.856499906778765
42024,37.165441354068165
42025,41.33293417857534
42026,48.030848041584484
42027,41.848200128392506
42028,40.69515574990447
42029,36.62174899846729
42036,8.813824061746178
42037,15.097596591634503
42038,13.153946350014927
42039,15.93896358807394
42040,17.603156141400387
42121,15.482394177705784
42122,36.92210683378822
42123,34.76711054015159
42124,37.07055508786004
42125,34.999356198600324
42126,35.37569810839206
42127,49.05913940041115
42128,43.4937409023166
42129,52.81926470312785
42130,56.1283038706414
42131,45.004217911529956
42132,51.43162875228842
42133,19.471217255801175
42134,19.992524081423554
42135,30.51056747199166
42136,35.37081915566604
42137,39.21084827040038
42138,38.898477636556805
42139,43.63037153506926
42140,40.25979613757968
42141,40.59160864073733
42142,44.45537373310729
42143,46.289690762078095
42144,48.770361211192856
42181,11.106700664514785
42182,12.858170259556474
42183,13.744260278815897
42184,13.071749144705642
42404,37.355062377761
42405,50.253103542597984
42406,50.26655903721558
42407,45.764550488826686
42408,43.725197765758956
42409,42.795302931529335
42410,49.1212783067512
42411,41.91367226667603
42412,59.41459352714814
42413,50.90205477232879
42438,19.669169911902454
42439,23.92500646885502
42440,20.973567273414336
42441,22.3613242456628
42442,34.06093455006948
42443,40.05588558916182
42444,31.796082852489437
42445,33.43571508297938
42446,43.40435580624851
42447,41.00149501061816
42448,45.43972109244583
42615,34.58950096724511
42616,22.227106030472378
42617,23.738040778268044
42618,41.273222928105945
42619,51.65405769503105
42620,38.67942542505155
42621,41.73026438501903
42622,34.486271703412804
42623,44.47650209982031
42624,50.89244572728487
42625,50.712447746250604
42626,61.79581939406512
42639,22.606921020879792
42640,20.53953433624429
42641,33.107671401676036
42642,35.56008947737003
42643,33.786061335037594
42711,10.832129896859424
42712,11.091157059744107
42713,16.887423270610398
42714,8.103932780497528
42715,19.795797663325075
42716,21.79449413599781
42717,17.29515521494706
42718,22.547457781972557
42719,8.20739364823149
42720,35.625346168154884
42721,42.048487332224845
42722,39.89028320425018
42749,20.401284720612356
42750,39.650547384285
42751,33.427993093125714
42752,48.41318919512924
42778,33.26312420180633
42779,31.573878875759238
42780,29.495103079068663
42781,31.38414956829782
42782,31.43096839394089
42870,11.146208951332195
42871,8.913346179788494
42872,11.237322833209557
42873,17.30263339583976
42874,15.99089021962717
42875,17.291125086571576
42876,22.289817789452783
42877,36.46339041790445
42878,41.19992420269012
42879,31.094936051057914
42880,47.28931483113078
42881,41.287695597591494
42977,4.390101317383885
42978,11.093815826577199
42979,15.833957998033856
42980,18.68018104796914
42981,6.051784769433211
42982,18.637254047012192
42983,38.70425325417546
42984,28.672365137063863
42985,40.81006714907944
42986,40.588109821213756
42987,39.31404585269385
42988,30.146382562998376
42994,49.55164767319602
42995,52.160599677991094
42996,44.71236875916802
42997,49.436281627198476
42998,60.85109067787743
42999,46.83575868174104
43000,54.864569468140374
43001,59.003513212620206
43002,53.62823335184868
43003,56.347772037119555
43004,53.72624525941519
43005,58.19573865078785
43018,13.104753887037962
43019,18.160319104703827
43020,34.65734125735093
43021,38.303785247410254
43038,19.608007054715866
43039,23.985090633041533
43040,21.265367642943485
43041,31.87191198735358
43042,31.2913375298674
43043,37.08825487433744
43044,34.4463576308564
43045,42.9335817492897
43046,35.25408851024086
43047,47.824232602539155
43048,53.01169046791944
43049,47.67875474941337
43050,31.72977020617923
43051,37.18260913898318
43052,28.66312127090268
43053,30.572241163172425
43058,17.794400063647227
43059,25.123210412386182
43060,19.961095760831757
43061,34.565123855443915
43062,34.055691791052844
43063,42.56288361052583
43064,40.211148180062914
43065,41.78880480869538
43066,46.14069611972258
43067,47.37585317880935
43068,46.04155254797894
43069,43.99506774013847
43120,17.148563658317123
43121,28.960355535694895
43122,12.871499126646357
43123,29.286597223623495
43124,35.10076131674815
43125,30.856190713558806
43126,41.323160095445914
43127,37.6816895575483
43128,46.826477652141094
43129,41.52609203825093
43130,38.50364610874337
43131,39.12023247897444
43132,14.732417696327404
43133,22.81118138497881
43134,35.155516632894546
43135,31.98014033728202
43145,34.51002010448615
43146,22.984145416074572
43147,37.85308283071379
43148,46.51755736553927
43149,40.595629020828575
43150,44.15819138214928
43173,24.589135216199093
43174,30.198795591612313
43175,32.135528728230604
43176,32.79416888460136
43203,36.447252453198004
43204,47.18297134814661
43205,49.99759100166932
43206,38.941369758595506
43223,21.718652174869987
43224,22.396111120232014
43225,34.122091874410486
43226,27.410669427863326
43227,32.66022463418114
43228,35.565166796646515
43229,35.329504815423746
43230,37.55568352737677
43231,32.07909190003634
43232,37.91035635865172
43233,41.768150820236784
43234,45.94450314554973
43279,22.172806499554735
43280,33.80526037186959
43281,33.21425259652741
43282,32.19374549281271
43283,40.05720429681512
43335,29.017315830736333
43336,35.95264337582018
43337,33.610750936070644
43338,35.54216415201152
43339,41.82316192042445
43340,33.57071896790059
43341,54.22326334659027
43342,38.66522925501877
43343,45.39270751442956
43344,43.76672503797312
43397,41.424181336325184
43398,21.509326151907985
43399,21.014280001155814
43400,34.89876634426523
43401,34.44200496691854
43402,35.817629517632355
43403,50.554839197179774
43404,50.71833559468693
43405,41.02258332960395
43406,37.90670096984785
43419,35.58967363126944
43420,40.810991312716155
43421,24.235088539432276
43422,46.76239475227792
43423,33.523782294913204
43424,48.21795164234179
43425,48.501340311176335
43426,55.66860947750639
43427,38.00016883610303
43428,52.30688962254584
43429,49.42403793332199
43430,57.84529737324826
43457,18.294392494831257
43458,22.80151444236764
43459,22.351898161751645
43460,33.577273364030184
43461,35.66897348012819
43462,33.478017180967505
43463,31.379102101206588
43464,39.375264402893045
43465,29.236311127580315
43466,41.8373867789429
43467,35.31188594465479
43468,34.416340684772365
43506,54.83709315280644
43507,34.55467016547977
43508,54.37071286467104
43509,62.89155047317751
43510,43.5841169981367
43511,54.927763828686345
43512,47.401376628092535
43513,60.50945328387104
43514,52.653501764328645
43515,54.79481196440284
43516,54.39466645183837
43521,5.603420264607171
43522,9.298692322176771
43523,13.302115951137905
43524,10.14810168223232
43532,33.788798676101706
43533,20.97986888742823
43534,36.69927828753901
43535,34.825981623245696
43536,30.025512750449813
43537,36.54418041413356
43538,35.78748418423081
43539,39.602829956408144
43540,36.964648454843704
43541,38.4830902227211
43542,37.1409132496597
43543,42.65009734644571
43616,35.919312102530405
43617,22.47936801853543
43618,34.25415225529747
43619,31.309887371055744
43620,31.582250346582132
43621,34.72778951913912
43622,34.92800607147532
43623,38.86918535828063
43624,49.0520284987924
43625,44.85831432468562
43626,38.86332192989268
43627,43.979761785853505
43776,17.995877795241604
43777,16.983870315884282
43778,19.536684314014604
43779,29.459491010744763
43857,30.262232072997875
43858,36.49261904208064
43859,32.5146748923776
43860,35.76347193294191
43879,5.394569978964947
43880,4.810821001067425
43881,5.902770843489108
43882,11.329230931178799
43883,12.57507497692408
43884,16.423789090916586
43885,15.011519383481888
43886,11.830165335587367
43958,47.169493966465645
43959,39.85205715616121
43960,41.41394210442479
43961,38.614044072868616
43962,34.380905307535336
43963,46.30733282099207
43964,45.37256658225999
43965,57.85187881508188
43966,53.09797493458187
43967,62.682777217223986
43968,56.02980805185821
43969,54.680055848021226
43970,14.424379051732103
43971,28.18684021467715
43972,10.262252945512143
43973,28.030291073313787
43974,38.513858768154314
43987,18.3511538269229
43988,37.006640954273564
43989,35.67387703179278
43990,54.763271107826355
43991,39.98911214021889
43992,35.72581366912718
43993,33.94534948360963
43994,47.504372556433545
43995,43.67792781939579
43996,49.9715888179342
43997,49.19194097540179
43998,41.43986958136235
43999,51.63640692317128
44000,53.96491936130256
44001,55.73444803995107
44002,57.79076897132386
44074,34.836871999142105
44075,40.31292112559491
44076,35.27330850305722
44077,43.32369723709338
44078,44.30980430933554
44079,45.29394734118133
44080,53.063344106039615
44081,43.58719850406808
44082,59.665101448587215
44083,56.98237063766719
44096,45.58679086420976
44097,44.368639138771265
44098,35.14273560877465
44099,50.83521242359391
44125,25.29318649843039
44126,13.34561317067817
44127,35.35946488307962
44128,40.50659289700793
44129,33.676647441379565
44130,34.50661064196349
44131,40.970031680490166
44132,35.97836428573851
44133,43.49280022187915
44134,50.640665803006954
44135,65.93081185618107
44136,53.26255094522376
44188,13.514029775921554
44189,13.514029775921554
44190,18.646217832107236
44191,14.472513078986154
44192,22.55104878322442
44193,16.475914816268666
44194,39.450644973123126
44195,21.692820700192446
44196,32.8598376613103
44197,34.60834699538403
44198,45.72906470377705
44199,44.89048177073425
44200,9.133855529118986
44201,11.789146971122356
44202,18.774536899861058
44203,13.304334672983266
44262,14.235841904060205
44263,14.093231247175298
44264,17.61929826189064
44265,15.837711323758695
44266,20.199365962528585
44267,30.33956710604084
44268,22.955661240011416
44269,35.16712673530776
44270,38.420887274551355
44271,34.2847473812286
44272,31.382144937101163
44273,38.26023483759626
44274,10.837411043846489
44275,19.45190540802714
44276,14.419265759941178
44277,16.21397036421041
44278,17.29672459369603
44279,21.153506903145086
44280,47.79213573627659
44281,39.37504718748524
44282,47.03048100166104
44283,42.42079897722994
44284,40.432094823201076
44285,52.681688866554424
44286,46.31069615071608
44287,48.59899716947071
44288,53.399945821426265
44289,37.59095637504647
44306,34.69792569268949
44307,43.97581119281953
44308,37.09439313147139
44309,53.918550048985146
44310,40.62917536963781
44311,31.9618797242468
44312,49.72072667931936
44313,50.02326937579917
44314,44.206243907276416
44315,52.086445215732
44316,6.327593447982286
44317,6.494604753083783
44318,6.494604753083783
44319,6.494604753083783
44332,19.639902104064333
44333,31.69811018921004
44334,24.210726227074773
44335,30.451988050707747
44336,33.063089625506144
44337,33.58883579344502
44338,43.13379447917485
44339,49.19267600631495
44340,51.28160547551341
44424,43.83409074709357
44425,45.26739712759641
44426,49.67156692356497
44427,52.561284231340245
44428,61.941089591096656
44429,55.882901709350904
44443,35.991759521397675
44444,40.64677293737622
44445,35.64536106126761
44446,51.416548552615346
44458,6.198020297875091
44459,12.77891107567195
44460,16.2089658232901
44461,13.965034223116069
44474,56.50131929326032
44475,40.126870769244945
44476,40.353963439874256
44477,43.212985181754455
44478,35.59251635423187
44479,44.31305369735195
44504,49.21342335940415
44505,48.39696176149304
44506,55.300923787412
44507,50.75312810005927
44508,55.72284290045775
44509,57.039884016842045
44510,67.94528561207714
44511,61.25343863635974
44516,34.5307829772767
44517,34.79634326955883
44518,44.901496495887464
44519,44.620650800747434
44582,5.353789571278352
44583,13.329500642598912
44584,18.876443079187222
44585,22.553732753928156
44586,20.621187863863213
44640,51.579850419758806
44641,45.654913050352825
44642,53.83604639597926
44643,45.90899482130567
44644,42.53606292537175
44645,43.70628889501461
44646,58.992485024557475
44647,57.43651662997317
44648,58.707877725551
44649,58.946226458349166
44650,66.39145569775387
44651,62.53462305975254
44669,29.181384703441278
44670,44.25642876603094
44671,36.62095909940101
44672,34.39151321600132
44692,42.76624603810245
44693,49.70896353542803
44694,51.282026470299414
44695,48.886017670542884
44696,55.63745890507532
44697,48.36475592058039
44698,60.46470763854953
44699,52.60912874707943
44700,51.039038086626704
44728,15.41835235720451
44729,19.486731395051333
44730,41.483539072285865
44731,34.61476155407489
44732,31.431476423271327
44733,37.92997705901597
44734,40.45238664120736
44837,23.20903382653314
44838,17.979753334571313
44839,40.16129685867654
44840,31.15149600827126
44841,30.637563061544327
44842,40.764439060110355
44843,36.5790243065924
44844,35.52566300754395
44845,37.82596523765828
44846,45.11549335440627
44847,53.72838935297409
44848,44.998743800025984
44849,50.93687094901415
44850,54.00832973521567
44851,61.46234206031095
44852,54.98841950299469
44853,26.619757198945972
44854,22.059785082373164
44855,34.433693215471976
44856,28.58630781326459
44857,28.53025019296306
44858,42.837483171111046
44859,33.152943866508004
44860,45.7603738739026
44861,39.944958960093565
44862,46.366206809395955
44863,44.26882022630767
44864,49.125150546373376
44885,31.36891532200474
44886,23.20178840177212
44887,15.120522298512943
44888,21.519899658221174
44897,54.49980690950561
44898,55.494454672896445
44899,51.641085526396026
44900,56.386961036812686
44901,66.54486047250576
44902,60.8850956871195
45041,23.07006901276515
45042,24.12229584023405
45043,31.668201037072365
45044,34.48404718763098
45045,40.01977763152983
45046,38.657260362889275
45047,38.36535796962742
45048,40.93813721193474
45049,44.21795437680343
45070,15.086667826135322
45071,15.897320635508986
45072,13.537761341667956
45073,17.391965572106425
45074,7.5973559826476
45075,39.449026148442634
45076,32.199909073795645
45077,32.73751753502915
45078,36.495889717392245
45079,51.88880556458006
45080,52.15751900982607
45081,50.86997944977672
45082,53.93757791300196
45083,39.810679305924914
45084,52.645338300518354
45085,45.44305396370126
45086,57.33904742314425
45087,47.37022031952758
45093,50.7949854613139
45094,44.69423982065412
45095,54.0806872215828
45096,46.310285799869646
45097,44.71706685521876
45098,45.70047882282577
45099,61.41035866549002
45100,63.02491384609723
45101,60.71896278668865
45102,56.94297037376463
45103,67.62417635979375
45104,62.13564877939246
45105,34.349462769666786
45106,27.819202814264536
45107,47.80170662795649
45108,32.975145428527824
45140,17.58159589566504
45141,35.95155190483007
45142,32.9532513924696
45143,37.479720968008074
45144,36.58550982005692
45145,42.78226749342763
45146,42.9799327581773
45147,45.920030970380836
45148,40.47870909987197
45149,43.166621815636766
45150,45.37327666036557
45151,48.45813537076686
45176,18.681068197746907
45177,31.9812101408549
45178,24.33716930329636
45179,33.90019263570809
45180,51.02664063615264
45181,30.117198072140997
45182,36.10209521693254
45183,46.604943224746336
45184,58.25061613232002
45185,43.56569935418046
45186,38.49178667010609
45187,41.47312049709875
45253,15.862014444463925
45254,19.896069556934595
45255,35.85331282249097
45256,34.77250944036109
45283,34.26489981799872
45284,43.22735009904125
45285,43.993441831291555
45286,49.49221636033277
45287,41.41873600999968
45288,47.59449949206107
45289,45.90376750784475
45290,53.99222968300744
45291,56.181544882828604
45292,60.61526794299552
45293,43.74601890023725
45294,58.83669159674948
45354,11.73999756455407
45355,18.21342548165475
45356,18.269483512621875
45357,16.959026502803045
45399,15.007533573437799
45400,28.97897539560477
45401,32.466480348630796
45402,28.387310782901302
45432,15.822694510031392
45433,25.275857838333682
45434,33.9845145686312
45435,30.53559398938535
45476,27.570359711751756
45477,30.27373499086019
45478,31.174391946796103
45479,44.77975243858929
45480,5.373561478398773
45481,5.414277835314126
45482,6.701238085159368
45483,8.958184481780764
45484,14.866893790160322
45500,16.72959800383214
45501,28.207162386624557
45502,28.231795899689068
45503,30.367734399175013
45504,30.55497168884568
45505,30.56437824505403
45506,32.70763422668907
45507,30.239745377547752
45508,35.238305829577385
45509,40.69720759831925
45510,30.948795429332137
45511,36.18188619530485
45512,45.522807346289824
45513,58.05500743006068
45514,43.54006787102474
45515,50.01948545482241
45556,20.87846285973624
45557,42.6799613162767
45558,24.096814710968843
45559,36.83640439913464
45560,29.94544642379853
45561,37.59046643648519
45562,33.93609999758156
45563,42.77991855779408
45564,36.44446737069163
45565,34.190191257676176
45566,31.346102346376068
45567,34.73923185990333
45568,46.677111635736864
45592,19.557068265047985
45593,29.650102638708468
45594,18.931917429654924
45595,31.002261421987477
45662,35.657530575869565
45663,39.23686705664491
45664,37.17674864369554
45665,34.74361821297453
45666,37.98953520213061
45667,57.48245059424307
45668,44.66507534895264
45669,45.29369121169221
45670,51.60337131726801
45671,53.45628824899216
45672,51.51282017429006
45673,51.064314893123246
45690,20.23312038994248
45691,19.8947846629027
45692,35.73805380863545
45693,47.76235127362808
45694,36.339238254948484
45695,46.44782595585714
45696,34.753312432739655
45697,42.401714410430536
45698,19.982705503870516
45699,19.115538260183325
45700,20.511129944709815
45701,31.73559046291981
45702,32.4543748230116
45703,28.822258988923828
45704,37.900506436882374
45705,49.800133236569
45706,40.49883630320104
45707,36.15134476641887
45736,13.390809480166347
45737,23.24946126683144
45738,16.96870857498369
45739,17.809044798539958
45740,23.50810644868742
45741,40.10227636517718
45742,35.29238233064954
45743,37.68597149931714
45744,29.604603224409686
45745,34.78139466584896
45746,36.92663714137795
45747,41.79558873682303
45820,4.485497992563781
45821,8.088416721239053
45822,10.121394015863514
45823,4.567205775277518
45824,16.474686085499343
45825,14.402476246633139
45826,20.173512617130395
45827,18.59727464032456
45828,21.207015200146888
45829,42.14274268273085
45830,33.08956215251125
45831,31.87056669337553
45832,33.93309408462211
45833,35.366294905330435
45834,53.08499855588392
45835,41.77722173251225
45836,48.06295950255974
45837,58.45057009351006
45838,43.57907264637951
45839,52.4759034303524
45840,57.968972901691764
45841,54.15240752017292
45842,54.53483414053368
45843,58.78178650232223
45873,30.800968226972977
45874,47.52257546656088
45875,48.78914084691395
45876,55.32610763024746
45877,46.787305861186326
45878,59.309614848690686
45879,57.215308651885785
45880,64.40740947862672
45881,60.09927543852401
45882,62.52179209249393
45883,63.68384238533119
45884,66.24643936607855
45920,41.43858877354723
45921,40.149329840724775
45922,36.38835216974209
45923,65.06365508751766
45924,44.46231124477154
45925,42.069699859851326
45926,47.405905908962204
45927,57.04389877599036
45928,59.64871849179064
45929,53.83364619716456
45930,52.70628367872301
45931,57.49619881406244
45944,24.239172387157474
45945,47.346108915948335
45946,34.09699050495586
45947,41.11737159633544
45948,33.173780153273896
45978,32.77799729973973
45979,52.666483615157254
45980,42.34072719698419
45981,49.61743716940286
45982,43.65070737177852
45983,50.115391181187555
45984,52.47342668939134
45985,55.36508521216249
45986,53.17876720737766
45987,52.80475802460263
45988,56.40532232019522
45989,69.087060323915
46068,29.379623608601005
46069,41.89235415680034
46070,37.416861100693495
46071,40.225629631224784
46072,50.557114430747035
46073,55.339485827548955
46074,48.39125507724905
46075,48.24321153897127
46088,46.237467865092455
46089,46.25955285518188
46090,50.963625857075975
46091,49.140508373060776
46092,40.270937771730445
46093,42.942925642448536
46094,53.527675309886796
46150,38.537861950397804
46151,23.20178840177212
46152,32.49230471022311
46153,29.83632096142818
46154,29.90113385241084
46155,35.316107393108176
46156,55.997583564637736
46157,40.28878841790747
46158,38.66006894640216
46181,34.566289997027575
46182,48.49641274112247
46183,43.84565465668029
46184,43.752695969995436
46216,52.151807995071685
46217,28.322102214060525
46218,38.93306805039716
46219,39.55315186294026
46220,48.63241862331869
46249,49.51553048997239
46250,36.921194933578214
46251,39.23659256403023
46252,34.22206018641124
46253,52.61226438086252
46254,52.78066163847322
46255,44.65624493130661
46256,60.24258865107967
46257,41.413951266545354
46258,53.01861905446602
46259,65.2230348237945
46260,45.932214341269436
46272,11.237302836860277
46273,13.437817046181424
46274,14.215217448299374
46275,22.01350701961948
46276,35.17543758963843
46277,37.33656132729449
46278,40.024644725452575
46279,45.62724764149221
46280,40.33246376883125
46281,40.22032996355592
46282,44.49408437218384
46283,41.52331746313663
46288,15.701451301540395
46289,12.549019329991046
46290,29.56534024763309
46291,29.979965309330943
46312,10.035993463097487
46313,15.98889743345826
46314,15.259791768243742
46315,23.159460634129267
46316,54.72839661848683
46317,47.57831534466416
46318,56.048399016134205
46319,33.44926887051853
46320,56.701809374794834
46321,52.780220793038396
46322,57.30600659319028
46323,50.017023089002386
46324,44.00842787811023
46325,56.00608008744389
46326,57.00342426611959
46327,58.339837146170616
46340,31.61236006075494
46341,38.713421323670794
46342,45.39588487295652
46343,31.275374216235477
46425,6.235205119178654
46426,17.652491706074443
46427,20.26842435170552
46428,30.838812817746643
46429,44.17533094686182
46437,34.025968495081685
46438,39.78335531239353
46439,40.21933348584337
46440,39.441099656977705
46470,20.663452400103214
46471,20.646024167513627
46472,29.431428468299334
46473,28.908836210893657
46474,31.793680752812694
46475,28.807702467255027
46476,39.10752026985553
46477,46.41064908350005
46478,44.94065447975131
46479,42.81658269886299
46480,47.92001307732513
46481,52.58386275706844
46530,32.06774222132586
46531,30.464406935191565
46532,44.30293025719838
46533,35.260180863997235
46602,37.144614541364646
46603,31.635240024926944
46604,39.67776808748004
46605,41.73503720059833
46635,31.0999426350072
46636,29.460262357414265
46637,25.095324904824512
46638,34.39447703423998
46672,23.15922163749557
46673,32.11694377428488
46674,29.573649792308874
46675,32.33224429958192
46676,33.91119295037634
46677,36.242581209859765
46678,52.11662686298296
46679,39.98251242377586
46680,13.22041907179574
46681,17.994191059175343
46682,30.577334487588537
46683,44.83502802506744
46684,34.13557096501595
46685,43.5904295137152
46686,41.538681221411856
46687,49.38971168549828
46688,40.80745653274161
46736,49.72219581714784
46737,36.30422024713481
46738,38.81351084023892
46739,39.090400577200725
46780,21.316260337504087
46781,22.557315361987072
46782,15.70171090620095
46783,31.774129494361812
46784,36.89242381598555
46811,19.40400477615675
46812,52.51674382630912
46813,45.605791774863754
46814,48.29787835003379
46815,52.85500460306751
46816,55.96439083359909
46817,57.305008112475896
46818,53.84955916102432
46819,55.57645673841432
46820,61.79706672004625
46821,62.584434271381326
46822,59.71981708377992
46839,17.701328554891052
46840,17.447890984160814
46841,29.035664694272345
46842,19.818807403362985
46843,30.160209753381768
46844,27.37087118691156
46845,34.17884646644378
46846,38.865631168950515
46847,30.39200442718027
46848,50.957277294322225
46849,50.730486542342696
46850,46.710773339394045
46977,10.158378064025083
46978,8.608766053513131
46979,8.680104151792403
46980,12.99603107215138
46981,13.648521384254389
47007,15.796415251080973
47008,20.559220216645503
47009,18.86374960602181
47010,23.996021883063424
47011,35.73167797422524
47012,13.613989029388463
47013,13.60313814829071
47014,15.751178216078934
47015,34.03273072595856
47038,17.988806921337037
47039,30.23533042967331
47040,34.222213470374875
47041,36.09103595161213
47042,35.130989343873146
47043,39.3500266038879
47044,28.055477820034717
47045,55.03048169085261
47046,54.71521954423947
47047,41.75938225652596
47048,39.7533972389044
47049,49.89385492437639
47141,33.57111254488063
47142,51.486027362228754
47143,52.82611082010842
47144,51.38340469713062
47145,50.18249342551585
47146,51.908583905383566
47147,46.868073973477195
47148,56.68966311382732
47149,59.12912726097636
47150,62.295019906371955
47151,66.41990934857779
47152,63.221788084978925
47211,5.1944069497978305
47212,5.838833356296774
47213,5.838833356296774
47214,8.413851222854944
47215,9.900418514232348
47216,10.666629463213773
47217,14.394453520953915
47218,15.768735192397154
47219,22.54986694853535
47220,19.571206545035324
47221,23.275312329746566
47222,22.492871347926034
47223,54.07309651250102
47224,56.37725263896699
47225,48.55338382555047
47226,47.35290765378472
47227,14.592438893805618
47228,24.405845514538903
47229,33.19995091787381
47230,34.42471440170866
47231,46.06285601973425
47276,8.193910316346908
47277,8.167561124276629
47278,10.30201714507026
47279,19.63605673322576
47280,5.916008655496202
47281,6.0830199605976985
47282,6.0830199605976985
47283,6.0830199605976985
47284,6.634374687957749
47285,12.04144506020305
47286,7.635623129845229
47287,19.392654931446696
47288,10.998407729058874
47289,18.350748164276826
47290,32.000257400502484
47291,28.412968550440603
47292,29.869074564224373
47293,15.088953095275384
47294,35.12253608135409
47295,47.41950954214259
47296,8.947206370381814
47297,15.247831537059024
47298,12.858170259556474
47299,29.123120905704454
47300,35.807894841708325
47301,33.957667194581916
47326,63.635510093910845
47327,55.31617109445777
47328,65.32321109111435
47329,49.10468955004396
47330,61.80161675171784
47331,68.92276011981592
47332,69.0104352568487
47333,60.42642038109665
47334,50.07984679282413
47335,70.45207313484023
47336,67.0677176332434
47337,70.77861782700761
47377,19.996603617031145
47378,13.238055831207808
47379,19.351897323520937
47380,19.430771518777796
47381,16.040903834479607
47382,15.451496880822793
47383,27.192360926893297
47384,35.10868471768727
47385,32.58212308542334
47386,34.61703889519556
47387,34.6785976896808
47388,28.595622727359586
47438,41.21839962887029
47439,36.897416726564884
47440,36.859744577819384
47441,35.59216011086929
47442,33.78374250065076
47443,34.98260574928714
47444,32.347376687000654
47445,40.33823512852631
47446,43.13959301760614
47452,48.264882210436646
47453,62.10357112786487
47454,46.22973495842588
47455,54.80154047348758
47456,43.866756367052446
47457,44.94468231286173
47458,47.76856324142385
47459,16.646871936940947
47460,16.646871936940947
47461,13.16308295079724
47462,21.56488362784117
47463,32.540414345675984
47464,46.67813084230096
47465,33.55774241735465
47466,30.333866777161138
47467,47.80318268254727
47468,43.99215792983322
47469,37.18004972670254
47470,38.387134534032214
47490,8.728458312577125
47491,19.360243088705687
47492,32.37960286673134
47493,35.78075196886459
47494,38.05557300208761
47511,36.0851019003755
47512,40.91372754910987
47513,53.26515426323653
47514,54.20147534394576
47530,21.390827095231966
47531,46.33443056790371
47532,31.613817879150997
47533,38.222214014211566
47534,35.62476225769315
47535,39.700676790565026
47536,46.61968098961247
47537,41.082702753842696
47538,49.30523034293979
47539,49.07332394600559
47540,48.809085977737915
47541,57.39291865459995
47551,14.784007881839472
47552,12.739515525879039
47553,8.750178053980427
47554,12.345294194230824
47555,14.111341686176024
47556,18.229368427080157
47586,47.555186054362196
47587,44.21718761228353
47588,58.492002972840766
47589,62.13256642485251
47590,50.584657803113075
47591,57.404526915225645
47592,51.38123849837946
47593,60.179339760070505
47594,60.62484838717157
47595,63.51613641146942
47596,65.10041669275112
47597,65.6803258109367
47598,27.56190208801856
47599,32.873081397625604
47600,36.0029754783842
47601,30.743796043674738
47628,16.782986444186733
47629,11.086614516579997
47630,16.10255943936715
47631,21.421520834156823
47638,24.8704492440053
47639,16.704178330406467
47640,13.496739389102943
47641,10.439915078872653
47642,22.68316653144108
47643,13.289364964067916
47644,26.41164569917781
47645,34.82594620301193
47646,31.00635734056907
47647,36.325388939178396
47648,34.02609024946733
47649,41.14241585004571
47697,12.903903261404961
47698,20.641126935223383
47699,3.5962864604301954
47700,12.962608861402616
47701,18.691877553267737
47702,22.804630405441404
47703,36.73712459347107
47704,35.23663978918201
47719,14.55524225685157
47720,16.567415228001444
47721,16.83111448656267
47722,23.226423791356833
47723,26.177862986797518
47724,31.806950797337336
47725,36.246899986729474
47726,38.938786309147524
47727,14.319809423639864
47728,14.605507794772732
47729,17.82127577668526
47730,22.066321216336902
47731,28.360508143276473
47732,22.874687540697817
47733,34.013747936028956
47734,31.55402048509513
47735,35.291317901224424
47736,37.92626216424082
47737,40.26094474412015
47738,30.670068658248578
47739,46.846573293922624
47740,35.811703815998115
47741,48.15505039450867
47742,49.13548351209994
47743,48.96759773317038
47744,40.402084000561565
47745,66.78688905009211
47746,41.345160284959654
47747,42.57705887333518
47748,54.078421935898966
47749,46.20582956293866
47800,40.22020840205696
47801,21.906481962456084
47802,30.236762521598394
47803,41.01791550396563
47804,37.29662844707367
47879,30.17490340575068
47880,43.48991634744405
47881,48.860234356544325
47882,32.556758777197096
47895,15.531939458483667
47896,18.747707440396187
47897,4.98335932173624
47898,21.31804010661866
47899,19.14149867339712
47900,19.56212035080841
47901,37.467746875567954
47902,36.5451174943527
47903,44.303225811490556
47904,38.147719149958554
47905,37.42373745149757
47906,43.04205225007591
48043,11.178225920568513
48044,23.55151779756667
48045,18.990748944113246
48046,28.7556848998934
48047,40.35347322721679
48048,34.36333488964626
48049,34.18445347852638
48050,45.260750461414894
48051,40.85111435538017
48052,33.526788586417084
48053,31.385996387734906
48054,31.884427086130977
48055,56.854167186076296
48056,27.778791403670425
48057,37.96674371795783
48058,47.31178342535277
48059,49.343990700138086
48060,39.017630226977865
48061,32.01970601707982
48062,35.913187387925184
48063,31.41699027598624
48064,38.25258738995025
48065,42.19805406240772
48066,46.89563818030895
48067,37.958948836389304
48068,56.21218990035283
48069,39.55459389381162
48070,23.95973643941149
48071,23.95973643941149
48072,20.734423905953058
48073,30.511694395259305
48074,30.502116743551166
48075,36.53827268839009
48076,33.188583073105185
48077,37.127673222066754
48078,45.13768029865065
48079,41.65872225868093
48085,35.94961741597279
48086,46.507506039818566
48087,39.132835434031165
48088,42.20893571882898
48089,57.56396811038295
48090,47.94978320928992
48091,19.14632736054947
48092,32.58071090793473
48093,42.13820722044175
48094,40.52627438137784
48095,43.25293758792963
48096,53.30220761071809
48097,37.617907696372896
48098,43.85983965687225
48099,48.331011205959506
48100,56.891719409309495
48101,53.71056018844152
48102,55.06968586798818
48128,8.000908185938219
48129,8.327138551555695
48130,10.336426712798476
48131,17.857926454297463
48132,21.674636195953386
48133,16.585890321245824
48134,10.834552715370211
48135,35.874042591787656
48136,37.65849761760006
48137,37.385067058523816
48138,39.391584776470204
48139,37.9365753179071
48212,19.483486562262584
48213,34.17901137988081
48214,40.923230956635095
48215,27.79795934421816
48216,51.407863383098004
48217,34.10381131311348
48218,45.14567634974238
48219,40.75052623950479
48220,40.87940454016957
48221,49.22791955042297
48222,53.167851064320224
48228,11.101484921111096
48229,13.03212646835436
48230,16.346549208299475
48231,14.079556360148917
48244,35.80928058223071
48245,33.299496697644564
48246,39.40660584972196
48247,32.16172611328747
48248,41.29069830131555
48249,29.715310830461004
48250,47.63381977731682
48251,49.01444975846615
48252,51.73514631312854
48253,46.80100174661447
48254,55.67594196105965
48255,69.2514405316279
48256,57.02559157191698
48257,67.63917837308153
48258,58.82743681559082
48259,66.52466445376801
48272,18.61257558239977
48273,19.8392056582224
48274,30.882745385571635
48275,32.31592501050002
48276,35.433792041693735
48277,32.60409941378586
48278,42.79872644298474
48394,55.61353636014113
48395,40.170988540172
48396,49.96392935429681
48397,48.328984674228394
48398,58.69746192543224
48399,63.812898799075484
48400,60.133400997675764
48401,63.35241802964489
48402,66.36611697161312
48403,73.15516825999615
48404,63.33964673903569
48405,68.53176127880752
48406,47.08890786538429
48407,42.335205865090906
48408,42.43994275801332
48409,31.317675063112652
48410,37.07582114997293
48411,49.114681068082334
48412,43.871549462550796
48413,47.510016535560844
48414,51.28766739338417
48415,46.42310263821323
48416,55.314562742550585
48417,35.075360868660795
48418,41.83331710044755
48419,40.62940261741791
48420,35.922503016224084
48421,36.18960873433554
48422,58.684129781200625
48423,51.065076432582025
48424,47.88279286833912
48425,52.97378814991389
48426,56.04229133400261
48427,56.41845775780481
48428,13.20478720656038
48429,18.1103972862583
48430,16.303982541814584
48431,23.406801881178282
48432,9.550097506923848
48433,40.80546579761361
48434,34.93188854057019
48435,43.09433463566777
48436,39.45636932311043
48437,38.70552689174426
48438,43.094339635032654
48439,41.801356404554
48475,6.837550188412089
48476,10.230896309091783
48477,7.196174885240466
48478,16.593443419610313
48479,21.344190245030013
48480,17.359424308518623
48481,21.556615738355216
48482,35.71159331723906
48483,31.883209325795267
48484,36.226993645193936
48512,22.174214024389507
48513,18.380245224937372
48514,18.88742346260855
48515,9.091953922248289
48516,19.930894482756248
48517,20.29228941047608
48518,35.47560321644961
48519,33.68782389393047
48520,39.94011685523769
48521,38.14831943603529
48522,43.845255527832606
48523,50.24371522119585
48528,20.825226125062066
48529,14.080657533424896
48530,30.94821905570914
48531,31.118972269745278
48532,33.997105230520155
48533,36.01533717017773
48534,33.4620237304118
48535,43.8106843333494
48536,38.63605786821576
48537,51.58718899560115
48538,48.82465544575871
48539,56.77872543740964
48610,21.81310588852614
48611,24.768657188451208
48612,38.12449824777883
48613,28.91203086274618
48614,30.79159378459633
48615,38.78429619831778
48653,16.901106249383076
48654,20.296733998687465
48655,16.311699295726264
48656,26.53970781005683
48662,16.93802798835765
48663,17.71990442138142
48664,13.52773870798169
48665,15.57223106394213
48666,30.263970303609625
48667,40.2884667126318
48668,53.42036859575859
48669,44.416456697876804
48704,18.563385899722828
48705,33.94135305354412
48706,27.6035603504829
48707,30.96857328787182
48736,19.6797473322343
48737,19.6797473322343
48738,19.091932832283728
48739,35.62057525113868
48740,32.36743425546389
48741,35.27437347910921
48742,33.81659224012535
48743,40.42830860986869
48744,33.64259731201513
48745,44.06423687437071
48746,24.973078868934937
48747,30.95583394995314
48748,40.643588117774826
48749,33.64998891230929
48750,34.28670526599415
48751,41.33405746054343
48752,47.794543208117325
48753,48.59887861526168
48754,42.36116160379112
48755,40.42997513805831
48756,54.32394879232224
48768,55.28051260354953
48769,45.95392460094641
48770,57.931460343808205
48771,55.03893197842057
48772,58.373680737624255
48773,74.85949455659535
48774,63.93033761968528
48775,68.25325553204367
48776,58.85293034300989
48777,56.18402840732808
48778,57.48267757296055
48779,66.95803402730677
48828,31.018928693356735
48829,14.77168708061239
48830,30.972749277246333
48831,31.229124720506295
48832,13.480640041936082
48833,32.13358438474423
48834,30.116277277093804
48835,33.542225881885614
48836,37.79897112231804
48861,30.030681271479835
48862,24.623983140615895
48863,36.6462242795177
48864,31.159751739352327
48865,35.64886387289304
48871,35.08684287181213
48872,40.559441008629584
48873,46.97222924122802
48874,42.42166452627794
48875,58.971517325336464
48897,17.399425252276824
48898,13.838758832434745
48899,14.227222784714114
48900,17.692859276583416
48901,24.654382403843154
48902,15.264404434195928
48903,35.34264118005465
48904,34.05533538255759
48905,46.39155946615709
48906,37.43830593415897
48907,41.56807152976187
48908,50.427485572518904
48918,14.839230177089117
48919,15.142158511103858
48920,20.838960875405768
48921,31.558650029866016
49051,30.161314287029843
49052,32.69614121301627
49053,35.55767178805581
49054,56.70835972138882
49055,29.964224954679864
49056,47.81436499419098
49057,29.134009645170106
49058,36.2624909564356
49059,33.437944376082655
49060,41.570609572168614
49061,40.51235257107701
49062,57.4635848672768
49063,62.94069844575799
49064,55.01420410224558
49065,60.03954383140857
49072,15.485652193714142
49073,10.789803452252137
49074,20.29162139152154
49075,20.96893371325391
49102,27.977890504950327
49103,32.75159746202074
49104,56.16541164155582
49105,33.902984604501476
49106,44.39560885848502
49107,56.63925504492844
49108,51.8171437180157
49109,52.38447581638
49110,52.097565105300454
49111,52.160262116650635
49112,44.50078125564074
49113,58.431937145899866
49126,23.64428804540111
49127,22.155902361062363
49128,34.364383379886895
49129,33.452561390853596
49130,40.92471377478804
49131,40.54309768086812
49132,48.1161492219305
49133,41.327683969975624
49134,39.78256935606189
49135,53.65273521447646
49136,53.70271218120718
49190,33.54773859148729
49191,35.19149188006834
49192,39.714473409850456
49193,56.295718416844714
49194,55.87173413015119
49195,51.72192189221551
49196,53.22853417571766
49197,54.35052807326117
49198,58.84006375631622
49199,61.78926599462952
49200,57.9718162501286
49201,68.89963700759589
49212,25.252803680228435
49213,33.10297595521369
49214,33.424389939922506
49215,40.886516910823296
49216,55.04230678962167
49217,44.80290190866673
49218,55.756684938416626
49219,52.7799178797153
49220,54.37604351503882
49221,60.118575323434584
49230,20.991588727561435
49231,12.687772004520394
49232,33.398437623777994
49233,34.37415852913737
49234,40.49809399762041
49270,59.806082695906795
49271,59.76639834842054
49272,55.65644879378557
49273,58.96316746545351
49291,21.714115215400756
49292,20.82165291502263
49293,49.62272203452646
49294,35.28675092280921
49342,18.622073087265903
49343,29.396856724095322
49344,32.23460815278454
49345,28.466664462608804
49346,28.255227964300047
49398,14.058958430093737
49399,17.529914905413943
49400,20.642737664153657
49401,22.92334278066942
49402,16.091478038533225
49403,22.639029694492667
49404,32.066533053032
49405,39.76337629758419
49406,38.03699338038426
49407,45.699852660429215
49408,36.71531462283037
49417,20.293010626014972
49418,28.06010999583716
49419,21.895767270780564
49420,29.859648944600547
49421,33.21016375358152
49422,25.72182846313011
49423,43.24857396299543
49424,31.86725767928237
49425,41.829890486252296
49426,43.744510049411105
49427,42.48948747325478
49428,54.12287411949605
49429,57.98250739685584
49430,60.63515926612098
49431,71.87097622931368
49432,56.98164533670579
49433,10.282555129389673
49434,18.910310982192755
49435,32.48940278534933
49436,31.13476010116862
49457,29.32822743188759
49458,29.388918738765597
49459,40.53889063579896
49460,38.35717723049864
49485,47.22833824198176
49486,30.447050318375226
49487,34.09958442274075
49488,45.490051179084226
49489,36.759165713578795
49490,48.838783766440685
49491,55.28289259305019
49492,53.813610462783224
49493,46.70821544618602
49494,59.263517507394425
49495,58.06509699700319
49496,71.44979220504675
49497,40.314927401427845
49498,33.79807462227379
49499,32.00575965385398
49500,45.61176595126019
49501,50.07508743625525
49502,35.90829763013901
49503,50.569984948469305
49504,54.532508065445114
49505,41.77363045077631
49506,60.09859800874957
49507,54.98417231110922
49508,58.837251159498955
49585,20.59022646349987
49586,24.12657542130449
49587,14.213654585944775
49588,18.71567819732004
49589,33.75286797419124
49590,33.06240558633904
49591,36.682359706216836
49592,47.25960996156087
49593,41.23167917547537
49594,40.422605232684276
49595,46.44952708151498
49596,63.86813848557523
49647,10.369592857959326
49648,11.692598160729432
49649,16.438247205277786
49650,19.82051556878432
49651,22.809919618130294
49712,42.56640272081634
49713,35.12697933567175
49714,35.08820892079569
49715,45.311349739127664
49716,44.70197424927987
49717,51.95657265509202
49718,46.292669704690574
49719,44.56018480565706
49720,58.94370445867453
49721,57.06676776133799
49722,63.55393518841527
49723,62.394294063378325
49770,42.704522510462525
49771,33.61428712403185
49772,46.80319551650637
49773,54.34517482117641
49774,55.82484431342481
49775,42.948402347989756
49815,14.981402005408723
49816,27.887906495763996
49817,19.874301752741598
49818,19.657702024654416
49897,19.866179386316368
49898,34.11304871622584
49899,30.632521647342536
49900,32.91840736205727
49901,51.10734045245117
49902,43.372719521727454
49903,48.97552117620564
49904,53.77011000501634
50004,8.397058203889657
50005,8.744755886072666
50006,12.002897755009565
50007,15.012725695721919
50032,21.931099994256606
50033,33.400730888431944
50034,35.984725598433094
50035,42.56689923234393
50036,31.248405007732245
50037,31.183106303683687
50038,31.36516453223835
50039,34.220022903432636
50040,41.060689425689915
50041,36.4017468600293
50042,42.54931687138554
50043,42.7960560091705
50044,42.57256146819853
50045,49.85040444314794
50046,38.64705380000297
50047,43.21439613781639
50096,50.23282508316543
50097,51.68922673078549
50098,48.83935514562611
50099,58.39706920138899
50100,64.42378367445313
50223,39.84345360684696
50224,49.71186628281277
50225,46.75323757098045
50226,50.54369885286965
50227,52.428467795585206
50288,22.499441976966924
50289,15.60996506363848
50290,20.499625781893307
50291,32.31271447576919
50292,29.470128500525558
50302,9.930437571259004
50303,10.29869836627384
50304,14.648699201943138
50305,20.246509953526495
50306,36.16145026956804
50307,35.285487830970794
50308,40.23741138596635
50309,39.47046014843368
50310,42.643662609635705
50311,45.839999091211126
50312,39.50116641008378
50359,35.26349961468416
50360,31.642449241406727
50361,33.579258927981186
50362,30.71758596639477
50363,19.211274320210496
50364,21.46033731405635
50365,33.40610817716187
50366,35.155923492417166
50407,19.842561536582476
50408,28.394291362589847
50409,21.941073806573673
50410,23.974368733362315
50411,35.55732069380687
50412,30.87186647352184
50413,36.84626868639362
50414,28.754728764002156
50415,39.448663509999996
50416,44.23504736921706
50417,47.52137985981734
50418,42.931371583294435
50457,37.85987935670017
50458,49.03652799795057
50459,51.310800450761185
50460,58.35081641940108
50507,14.739732014092152
50508,17.433838432728145
50509,29.380334107702353
50510,33.959137182025316
50511,41.91478379785533
50512,25.465509820028824
50513,53.542002822717144
50514,31.839816563585604
50515,37.92620819579478
50516,57.104322298883716
50517,49.05087804106351
50518,57.72309668259966
50519,44.48974136939076
50520,58.062596384766195
50521,66.33892860035779
50522,45.61455820516379
50558,25.012945470370095
50559,39.33037821888265
50560,36.67902926783024
50561,35.42967344642657
50635,50.87051086628551
50636,57.48341501779548
50637,69.56916637569451
50638,58.30677734432243
50639,56.45347388875378
50640,57.746960074772126
50641,63.26844474241238
50642,66.21981436777342
50643,66.06610804880886
50644,67.20540558073533
50645,59.21908549126994
50646,61.36856138266335
50656,15.868719616256291
50657,29.46026324076442
50658,25.173864551498596
50659,32.62692861396124
50660,21.905551009479446
50661,32.400841861524235
50662,34.92590185687714
50663,23.509574576219517
50664,22.56424966493272
50665,28.65414097096165
50666,48.0798438321008
50667,39.75426477333449
50668,35.47771977852834
50669,51.1052272946829
50670,56.12455694251429
50671,49.520018595614005
50686,21.956130266646564
50687,29.130839868108602
50688,29.922134764320223
50689,34.33920627142355
50735,10.115725665855557
50736,15.355884157663809
50737,19.90974346947173
50738,11.57143524295459
50739,20.96893371325391
50740,19.94771703871434
50741,15.830096342820038
50742,31.72103127393556
50743,35.928327950024894
50744,34.61127292544337
50745,41.413768186363924
50746,41.37885348401142
50752,34.44398068980228
50753,45.21628985768841
50754,32.89429362939264
50755,45.27838297251945
50756,43.57534764139385
50757,45.58772822280468
50758,42.70735006905673
50759,47.734619724552054
50760,48.02520124173418
50761,51.49215566418877
50762,59.18997132083219
50763,69.92227473382417
50768,9.308017557784183
50769,15.448202821156848
50770,17.101106450059042
50771,21.138991190465013
50772,16.117813251589276
50773,18.92739590058339
50774,20.249131170878275
50775,38.03769143715649
50776,34.24291014700249
50777,36.783547446746816
50778,35.26213792162104
50779,35.273030333096735
50792,42.16827578914587
50793,48.19768038151149
50794,47.05625932227666
50795,48.44627016854936
50796,50.9008948753559
50818,29.80806090485151
50819,34.55932283128814
50820,31.501415937755652
50821,39.486678557857836
50822,42.22186521629705
50823,50.62264177661242
50824,50.764469897019865
50825,49.71562461440137
50826,35.383797090949344
50827,41.24504094043509
50828,51.56124681443577
50829,36.38911288130406
50848,41.16595929648438
50849,43.79318563540315
50850,51.044352570495334
50851,51.437275643035086
50852,59.423778033715216
50853,61.815242367590834
50854,64.97314019342909
50855,66.42109275285507
50856,62.15070081327378
50857,60.75511308327325
50858,62.767131068497044
50859,60.756055824712405
50860,31.26562383189178
50861,37.03564731731456
50862,34.50911648054788
50863,31.426306095359873
50864,37.41325340674141
50865,46.21867011756436
50866,53.903894471448915
50867,40.382787745246
50868,49.74487357326925
50869,51.857569151649926
50870,54.42263033527371
50871,56.59397001944395
50890,18.760645053646385
50891,21.551442754130292
50892,34.310285676987114
50893,35.32808268351224
50894,47.186695201538456
50895,33.79847162399696
50896,44.85193785683547
50897,44.870596183991815
50898,50.17165788359227
50899,52.00538483208089
50900,53.57182849536113
50901,40.05889631477011
51021,40.01371300434326
51022,44.29802919143171
51023,38.02896482705771
51024,37.52693127733707
51025,33.033128811996164
51026,45.12536639103468
51027,58.123905542831764
51028,51.59753067130606
51029,54.564772366031356
51030,57.83382270411389
51031,47.621676046567444
51032,66.2938911319595
51088,35.8361295776258
51089,48.29704888292062
51090,56.21584139522186
51091,47.56772202162034
51111,18.238509087005678
51112,34.09158055939776
51113,31.431416516529055
51114,46.47822031351648
51122,34.68987674988319
51123,35.503917554360044
51124,43.047196498888724
51125,42.31927358109292
51192,12.487223128772081
51193,17.19960118739912
51194,17.114505324724053
51195,46.53167667069257
51204,49.79837704534344
51205,53.346239132394125
51206,53.44747252854493
51207,58.00073996283932
51208,54.20318424435146
51209,54.75006363543547
51210,64.75073256345807
51211,58.95386492509034
51212,68.72446584849465
51213,65.99510743544728
51214,67.09841196153252
51215,55.113486797109566
51221,13.222134400315262
51222,20.527473007146206
51223,23.695511930674073
51224,15.756762410083695
51225,20.57923450011181
51226,8.984477975281104
51227,28.97214191545732
51228,30.203200034336284
51229,35.48202725821558
51230,43.128191508874096
51231,40.18589143439996
51232,44.943677132191674
51334,13.696211991494101
51335,11.038665712594941
51336,16.734758094411806
51337,14.169346563756225
51338,18.515165753728414
51339,23.010622730774717
51340,35.224434214196634
51341,39.29659227093024
51342,39.698849192667204
51343,32.71931956085681
51344,44.07659605235109
51345,50.460496998511
51400,17.256065077812174
51401,13.17680685816809
51402,14.443898812010575
51403,33.57481668266168
51404,21.727141705508355
51405,26.299337775723473
51406,31.9464388529977
51479,20.04976670453795
51480,18.800694570449956
51481,18.437394809174247
51482,13.723479232649105
51541,16.62069034970972
51542,28.322269264653485
51543,22.08665853304847
51544,20.293986371436628
51545,20.077386643349445
51546,38.65222975645013
51547,34.99225644277246
51548,29.243783553663963
51549,36.24432393056188
51550,34.60959503073846
51551,38.2164210261837
51552,44.306269121756515
51577,32.86857285724011
51578,41.51051880505926
51579,51.64554423763411
51580,43.1941161574199
51581,58.22955194496391
51582,49.27181627408514
51583,53.75897691351154
51584,37.93248383048109
51585,52.79912560934834
51586,54.830059728615204
51587,52.78245899429563
51616,44.513807138387776
51617,34.98960917070347
51618,46.33576536297677
51619,53.7557676434216
51620,50.05021132062244
51621,57.27617857988669
51622,61.31486074768735
51623,65.12666119553018
51624,46.99729121373026
51625,63.12287532915237
51626,62.67753097780399
51627,68.38384519191781
51674,30.504716173355302
51675,33.687587985476696
51676,45.6638243104789
51677,35.92162285071589
51678,37.70058654578179
51679,34.961092874837384
51680,62.57301699567533
51681,63.140109003304374
51682,53.733279075196506
51683,41.461796042789814
51684,60.993158629821274
51685,56.336061383914576
51702,35.38510698818103
51703,29.895672405235455
51704,28.35858910823954
51705,49.489903812616085
51706,48.18369622057394
51707,60.462852469233475
51708,55.415409427345665
51709,64.85378524194911
51710,63.22069792494026
51711,70.32960292977562
51712,73.90934188253229
51713,66.43788143253283
51718,17.017116108690715
51719,21.007364632434403
51720,24.3551559567183
51721,38.60936136790617
51722,39.61690587009503
51723,33.49123331201457
51724,39.58400957213499
51725,33.36175857288952
51726,44.92690151139025
51727,42.35555210470679
51728,42.02247790704366
51729,34.1642575848878
51730,31.74423193117862
51731,48.372928878120575
51732,45.49740580212675
51733,49.5131840137788
51734,52.755467346646164
51735,60.0140155908242
51736,56.40751276208685
51737,75.89214036981886
51738,48.628614305359584
51739,59.6840366286144
51740,61.71142232230765
51741,61.57216022311993
51747,23.327652617075803
51748,21.126430632096852
51749,32.927848368536466
51750,39.51528352469898
51751,38.19527602259997
51752,38.93938890445261
51792,21.24441908854968
51793,25.46611184568969
51794,30.480237575437172
51795,36.827650699563144
51796,23.063326588382427
51797,30.778353680418093
51798,45.22081091258197
51799,47.99486894788567
51800,49.52962471296916
51801,47.70773770305897
51802,62.22264715931996
51803,58.30544350207081
51812,12.10420144886373
51813,17.553876153104
51814,17.345484894274605
51815,14.914816209862819
51833,27.31463939628772
51834,29.27288396545657
51835,33.166316935575196
51836,33.329879122978554
51837,40.73767437740317
51838,31.695290075482703
51839,49.56311443676764
51840,33.86421176275059
51841,39.97722752889765
51842,42.29010052233439
51843,34.11185304226109
51844,32.50656501488407
51845,45.01659363643717
51846,44.52024487025029
51847,45.068684660465735
51848,35.61191449697731
51849,49.40771638418924
51850,51.93195932627912
51851,49.66050681718732
51864,38.45066682250505
51865,37.18896940138288
51866,34.428125936360225
51867,48.42625769238248
51868,36.51004489131124
51869,32.06655704529839
51870,50.47228268325012
51871,44.06540996164774
51872,44.689232599861235
51873,46.61331249436391
51874,53.17978010172446
51875,55.84375209810001
51891,17.12060062253478
51892,14.331034305796965
51893,24.33716930329636
51894,22.222784743893328
51921,14.126402004404552
51922,30.025502315817423
51923,28.779327021528736
51924,19.515642784547186
51925,35.76607684881685
51926,35.90368639150664
51927,38.68177028297854
51928,41.115198596978566
51929,38.86665564698901
51930,41.80608573171361
51931,43.9798183113756
51932,42.933740703534326
51937,43.33744685497643
51938,55.23962001876997
51939,49.70392964956988
51940,51.38717791195109
51941,57.110171520990185
51942,42.14892946546121
52202,31.56853151709525
52203,34.06095380655503
52204,34.31627295346571
52205,47.44100987263047
52206,16.793837325284485
52207,16.19357949052992
52208,24.57893369238546
52209,36.53549150713956
52333,34.208031348143315
52334,35.05922742882141
52335,43.27839041655358
52336,38.38195192683532
52359,31.508340028828954
52360,37.16929220610395
52361,23.4624105205685
52362,36.427336981509114
52363,61.19872640170469
52364,40.713102138718305
52365,44.092497988601174
52366,53.84049809646925
52367,53.79019663599841
52368,53.65419687915616
52369,53.07802855584215
52370,50.917236847275774
52377,9.62140630549966
52378,10.987156230000528
52379,12.4150996789966
52380,13.650690474672398
52381,16.675303627454397
52382,17.748789368983445
52383,18.194583950828562
52384,33.46738716113193
52385,38.95159614723791
52386,39.98992004192822
52387,34.783050276284804
52388,44.419215545337444
52413,60.311561057933254
52414,55.93097268360402
52415,50.5452749105876
52416,47.016073157878566
52417,52.22732376683451
52418,52.79487779469192
52419,61.037348161371575
52420,61.762751024756824
52421,54.79614619461091
52422,22.653973976693887
52423,19.237397528820132
52424,14.76894619320896
52425,18.149486321110373
52499,23.034741319949852
52500,30.850713887626497
52501,31.548321031946863
52502,36.362694680472096
52515,28.327114857081153
52516,43.74302266182949
52517,40.97836867666465
52518,46.75769871064321
52524,13.322958701474214
52525,22.248862734094327
52526,21.65934999361545
52527,38.46896886724463
52587,31.972201093383493
52588,23.14803599700388
52589,31.292723285983875
52590,34.02645161240192
52591,32.13385360231439
52592,42.25176300371043
52593,39.79337786868235
52594,37.603660896071226
52595,50.668262191502826
52614,28.006844120946724
52615,32.754253722900884
52616,33.0599921042742
52617,34.745268915687454
52657,6.0822812620927085
52658,11.208414807705632
52659,16.74055235446216
52660,14.470284695467958
52661,43.10091020337018
52662,39.93951237512011
52663,56.481348055999135
52664,58.06581921700808
52719,41.52848823035545
52720,36.20505273733852
52721,31.877092711379277
52722,35.28256654242265
52723,36.17152738892782
52724,46.542584243483795
52725,52.99535550742219
52726,43.144446779086714
52727,49.12193858589012
52728,55.219543248637144
52729,53.811338958067466
52730,48.70680510062385
52753,15.46124008426359
52754,13.416747728303152
52755,15.46124008426359
52756,18.260519959509487
52757,10.003221582089221
52758,18.64643906153784
52759,24.113778227956907
52760,20.602242006613597
52761,18.240209128193204
52762,31.17964290446952
52763,39.490667180231874
52764,37.504700786527465
52802,45.53022984784915
52803,54.43351542269119
52804,53.804253423256675
52805,61.42704168242554
52806,65.50828011243802
52807,64.41651004186093
52808,68.39252160708757
52809,61.413444501527955
52810,54.076830967097884
52811,56.348671275891974
52812,62.86362932497843
52813,71.12970937435345
52861,13.34516907901612
52862,30.591369576988715
52863,30.504447460390097
52864,34.98823579431143
52865,52.60906309047302
52866,54.06168254061551
52867,46.38623982138064
52868,41.880127181636595
52869,55.50450586602959
52870,44.010243537925156
52871,55.27491484315134
52872,46.310033482135424
52913,17.776415367178245
52914,15.035365773852861
52915,16.599114619552303
52916,10.88829339526115
52917,13.925587309113332
52918,21.707034117181145
52919,16.593167018655226
52920,18.44652175440337
52921,36.5676826246484
52922,32.47530723129545
52923,9.053046730149994
52924,25.82208884389737
52925,23.74143179357434
52926,24.28435465830951
52927,30.94236128889035
52928,42.85592520002237
52929,34.830457064746604
52930,30.537157405531648
52931,45.22933677918384
52932,38.52701614209112
52933,46.07604151274025
52934,52.26855092415541
52955,18.027922861677588
52956,41.710484317525435
52957,14.470483916284783
52958,35.74364449188016
52959,56.157689636713
52960,49.035982064687204
52961,45.809587035906326
52962,52.770014838006325
52963,50.21241077021852
52964,51.525962606754156
52965,57.23335696782266
52966,55.057936624191015
52998,33.94693173769568
52999,27.051753750339827
53000,34.38010371843355
53001,47.390024124183704
53002,30.090229622420026
53003,23.502596190720876
53004,39.15969533992576
53005,36.02955680394824
53006,43.184621664611285
53007,38.26072517393453
53008,41.59848352710985
53009,44.98790687796877
53010,45.76346700606266
53011,45.35108324341623
53012,49.121609770507256
53013,60.61384337042873
53014,22.307914091507342
53015,26.576046729456266
53016,31.817520675188522
53017,34.43791986067424
53018,31.456811706137227
53019,33.681337499328826
53020,49.631981132346645
53021,35.25205849077548
53022,34.22729585362825
53023,52.41212148896446
53024,45.49512670469461
53025,46.86115801340941
53141,29.577539023780403
53142,31.627411495206914
53143,42.42346331642096
53144,38.32330699381173
53145,32.25611607645574
53150,10.585474053052984
53151,17.010895440879995
53152,18.03080341958662
53153,18.39879777640803
53154,15.976621488710423
53155,16.245384177035326
53156,20.530023810104236
53157,33.9003581587108
53158,50.3218113949786
53159,36.136506984196274
53160,35.42688030950999
53161,40.17251088953572
53162,33.23781127452123
53163,23.86592350719225
53164,30.490547854409673
53165,39.202599915728676
53166,33.510061543670496
53167,31.21629008441632
53168,31.83082097904793
53169,28.137645042533848
53170,30.97107403097658
53171,23.506790632550597
53172,34.10704498961831
53173,17.990676271301748
53174,31.532914161677994
53175,29.925435364232438
53176,31.858622750545226
53177,16.81925957765644
53178,37.230615431508056
53179,45.22844694111535
53180,46.37894621678779
53181,53.9003161972797
53182,51.84029812171811
53183,37.72578962243194
53184,37.189686553426874
53185,47.096071442115495
53186,43.173196394113354
53187,48.046614991764656
53193,29.872965720068017
53194,38.14990280915578
53195,31.644891984616862
53196,39.90391657872223
53197,37.909569378197716
53198,54.900645702197565
53199,54.257694352836154
53200,55.61173766733552
53244,30.659244403041264
53245,42.06071494055657
53246,28.23238719285784
53247,44.504613935968194
53248,47.476112854999435
53281,25.466202283687927
53282,19.764444025773628
53283,27.85647330369383
53284,31.07419893658469
53285,29.807647933855762
53291,40.3162585755188
53292,44.64764989153479
53293,39.58619944263094
53294,36.32230877288034
53295,45.1792149156264
53296,50.22674707298767
53297,58.18521762951411
53298,50.56223472137933
53299,63.178681081813885
53300,55.83600923064167
53301,53.470283158496464
53302,52.033391591435375
53318,37.555269957647226
53319,28.089282483437263
53320,54.990035614935174
53321,47.40948718397886
53322,56.56686810146837
53323,57.98608014785919
53324,49.823456690358924
53430,24.458715890232607
53431,31.954514288135364
53432,37.01301545014183
53433,32.04636191773233
53434,43.99632274318611
53435,35.24014121606894
53436,49.070356299636586
53437,41.93417094363798
53438,40.448725955012385
53439,45.777732312474775
53440,43.96135336338051
53441,41.227369262592
53442,21.23266530833008
53443,32.97769283990359
53444,43.44437717352748
53445,29.22256762662375
53446,45.028294897356815
53447,42.8167484039214
53448,42.9122233102272
53449,40.85676213777649
53450,50.06989910923304
53451,54.17121582413396
53452,39.70906012942377
53453,39.652767448921196
53483,11.743587363543678
53484,31.859582959622458
53485,33.46242607339841
53486,32.986337900579926
53487,41.38365267059835
53488,40.91662117848065
53489,45.347082541121615
53490,56.784030354425624
53491,58.54803450547502
53492,44.62432289262689
53493,43.84462510562201
53494,57.28263718399752
53527,41.695638854741624
53528,27.509800413086356
53529,45.893904481342055
53530,33.583756433759724
53531,44.25600945247767
53544,32.417358453341066
53545,35.86603213986402
53546,37.680888152699616
53547,44.52847800772351
53589,48.65422072569607
53590,50.16668809547235
53591,61.44447201810939
53592,52.5453569260537
53593,56.621403556456194
53594,66.4461618253283
53595,64.7202208678879
53596,67.2517033123122
53597,79.0237666372049
53598,71.26244348689808
53599,71.72000858497485
53600,68.91249882077837
53651,39.68199054286153
53652,60.96415299554766
53653,47.822000269648484
53654,55.793650196907635
53655,53.77900050551564
53656,51.4616691231374
53657,35.65026708635733
53658,58.635056954446334
53659,56.21503531339918
53660,60.957551633348494
53661,53.635806725997845
53662,64.27019504465422
53663,48.890321664181485
53664,57.80160766236454
53665,64.7580158654609
53666,44.72573067389324
53667,31.42971023687332
53668,33.21090594057736
53669,30.157457567860064
53670,36.3792330899266
53671,31.080506511839356
53672,39.674982024212596
53673,38.27521902668433
53674,39.79780080796606
53675,44.78184012437762
53676,58.04689826134578
53677,37.417368910975775
53678,52.16718420878529
53703,27.674371948996598
53704,36.951326604753156
53705,38.95630032579315
53706,48.118537103312825
53707,57.181996857488706
53720,6.060447040245841
53721,9.43058222274491
53722,5.513150151423843
53723,17.84119472987266
53724,17.138869577228064
53725,14.537289652421366
53726,26.5353738098517
53727,13.61727859341851
53728,20.633426462995356
53729,36.52690662205004
53730,42.39117852398674
53731,39.14762146375735
53732,19.710882068434998
53733,34.012701856287656
53734,32.44494059220309
53735,35.566285739104245
53736,44.13769429179302
53737,36.001385155555276
53738,29.06708531390092
53739,44.42028836840379
53740,39.75284167109145
53741,39.092259478010995
53742,44.47354893464431
53743,43.18297575611826
53794,16.608350057399655
53795,19.738106502595446
53796,16.88200641912826
53797,35.224925741017586
53798,15.965930488005668
53936,38.749870085543016
53937,45.33190453739529
53938,46.085821376994126
53939,44.39091089897616
53940,55.86665243227409
53941,50.86555956906483
53942,59.61405039781624
53943,48.66877333389438
53944,50.20810272193186
53945,59.905516363105974
53946,53.39659368273143
53947,73.9063495664073
53954,2.4747351403777453
53955,2.7240322901489646
53956,3.4976515966849786
53957,9.01384503294963
53958,10.61855432663459
53971,33.27137798827746
53972,34.23201059278478
53973,35.37207356556947
53974,35.698591247923716
53975,37.025912291768165
54001,23.533351422714002
54002,22.022416674918336
54003,30.725172279052426
54004,42.292743147656175
54017,22.503811572699185
54018,35.226281583882894
54019,37.24569360776289
54020,31.926087348834326
54021,39.87207573252214
54022,38.65406853861386
54023,43.65502974230586
54024,47.463541174113395
54025,45.37589896779633
54089,38.82884349615787
54090,23.74590930684715
54091,41.15913297517981
54092,42.00630403871709
54093,50.96291844230012
54094,45.25091052737806
54095,59.4797739301534
54108,54.309671193843364
54109,44.33484640571696
54110,41.748934559286546
54111,43.508987524313255
54120,14.282880791147708
54121,10.224588775160004
54122,13.404996584789323
54123,15.593664054914896
54124,15.840598822872646
54125,22.555029652955977
54131,7.109126495044866
54132,12.624242225223874
54133,7.147730767683412
54134,16.710932197599032
54135,15.591947830497238
54136,18.40889010398245
54137,11.244623644544301
54138,34.4331600816166
54139,37.0065314935725
54140,37.580547522230546
54162,21.986460083116697
54163,36.74504488987965
54164,31.62376172297824
54165,37.41945558734291
54178,5.215193464777993
54179,6.240098981616816
54180,8.748512452852989
54181,11.69561421369043
54182,17.906568601945718
54183,15.475056862919274
54184,18.391798594825854
54185,10.582925439770998
54186,19.225517565251817
54187,27.764624949397493
54188,31.886838893667488
54189,39.11283592587703
54202,56.324722835178875
54203,60.47336563669373
54204,56.71059852933353
54205,59.95205489776366
54206,58.98143103390998
54207,65.07493703255243
54208,64.53774258595837
54209,66.65953243576732
54210,70.34211555646449
54246,8.884455881423568
54247,11.149186601231868
54248,13.733364402720298
54249,5.799787115958053
54250,16.21005218125375
54296,46.2727368913317
54297,36.402042002382764
54298,38.64692343309309
54299,46.312412175859684
54300,42.243759232825134
54301,47.41251248572644
54302,47.97802412060731
54303,54.335194277720255
54304,37.61979386479058
54305,62.04921264710053
54306,62.89885959484829
54307,59.2509360754355
54323,20.25846680117336
54324,13.35995513702979
54325,16.823501592619483
54326,18.795184900263596
54327,19.833718635330133
54328,17.13305146666132
54329,30.39322484790528
54330,34.52144966050542
54388,20.570526663591068
54389,35.87232187875966
54390,33.06317101912982
54391,41.88496717325727
54392,38.44091237891389
54475,7.294991303263338
54476,13.962338191721713
54477,14.34117214209612
54478,15.393107867821353
54479,16.666077936524815
54480,20.843843733042732
54481,16.666077936524815
54482,22.470735403460434
54483,20.359071640220375
54484,20.643861051226988
54485,25.73846556593
54486,16.200381952852002
54493,31.88868283993452
54494,30.595840895728372
54495,32.04088644787123
54496,31.7289505029466
54549,15.331119895027904
54550,13.305129642018628
54551,19.717780122855206
54552,31.166995054969384
54553,36.9684916855277
54554,33.56416110393811
54555,43.57358124367945
54556,39.94887923396526
54557,49.61954810653423
54558,42.80778483672956
54559,44.319841563166754
54564,5.558407256273322
54565,8.790244829683413
54566,12.630389745023836
54567,13.786624097516192
54659,14.003630252380779
54660,20.39339272969779
54661,32.69872152678631
54662,21.85839567193846
54674,19.667601163603855
54675,30.173095652812922
54676,34.14304514702878
54677,29.44592128338892
54714,20.975737395649094
54715,20.260095750319078
54716,23.946592212707806
54717,34.45936763864445
54718,46.347943715341486
54728,29.901642730784243
54729,38.26187907956636
54730,32.765617264373084
54731,40.77123091417863
54732,44.80863143219335
54785,21.5956323825269
54786,36.07268382032496
54787,37.32721841428465
54788,35.75756766105952
54789,29.178267874564426
54790,42.56150954843427
54791,16.66865022924625
54792,9.14757202240696
54793,19.76594721918655
54794,17.91808547585644
54795,30.77315698217341
54796,33.76544052986436
54797,37.58776361147509
54798,46.90994794064602
54799,36.75936866966053
54800,49.82297858781729
54801,40.6940204414966
54802,33.387418701253374
54851,23.894234130550025
54852,30.796255571860954
54853,33.10723532611039
54854,33.7765754632574
54935,30.100305564442955
54936,40.93237466861519
54937,53.62734534029612
54938,46.48738884014156
54953,55.01972251315961
54954,64.2953671123088
54955,52.66116701182142
54956,56.14363322463743
54957,56.69022847299165
54958,61.29377740042996
54959,58.98993643381177
54960,60.08442285429789
54961,64.01940127743369
54962,61.19518434157457
54963,60.92944691914719
54964,63.15180240773662
55017,37.24925240213903
55018,52.336697177624785
55019,32.65671297320575
55020,49.60327119893031
55021,37.40985516325423
55022,58.77345484300341
55023,48.24294581661783
55024,48.302638730442965
55025,54.209374114733244
55026,40.900239032143425
55027,49.84551405432398
55028,58.46321337309244
55041,39.15709576136788
55042,42.853706623260535
55043,49.86615044146177
55044,54.096038504853816
55045,53.94781714876571
55046,39.065702207785364
55047,40.69201183460908
55048,58.18342875772735
55049,42.937354784227466
55050,50.96504924135766
55051,52.160100963714505
55052,50.88392742620414
55060,42.74982542344876
55061,42.09436486092636
55062,52.039643235373795
55063,52.94466800618326
55095,37.623287982085266
55096,42.538304148749205
55097,46.702620367530855
55098,59.65552282907372
55127,30.480059072865537
55128,32.45109736682223
55129,18.955719634596026
55130,35.4260330074513
55131,28.71854685813494
55132,33.83704017288303
55133,37.387414043638415
55134,39.4114856090463
55135,49.91027350503394
55136,43.31705585628491
55137,50.7538402614687
55138,43.96878537390868
55179,20.406746469105936
55180,37.82898734614442
55181,34.3853203332736
55182,37.34374667276322
55183,41.115480192679556
55184,31.076376757128582
55185,50.95804540372973
55186,47.364985627761484
55187,36.46673803457315
55188,40.22122026108376
55189,44.54793671818722
55190,44.1087099691618
55191,54.85745193839272
55192,41.978365204114475
55193,52.35166752265448
55194,55.7272568666459
55220,15.816505251889122
55221,21.395283734567478
55222,19.19262266673187
55223,32.77804989256613
55224,37.893258479989356
55225,37.85998308215701
55226,37.446713048677424
55227,46.61851633455121
55228,44.76818000957775
55229,54.8135964965218
55230,32.51906259007323
55231,40.76717438342837
55261,10.452192646203274
55262,15.900959455294956
55263,16.116003910196632
55264,16.34317476312614
55265,15.147496369439311
55266,21.868985394793807
55279,42.976530935264186
55280,45.989157195670714
55281,41.702298534243326
55282,43.759712713480695
55283,54.161576245997765
55284,59.38576295152197
55285,55.392401451843774
55286,64.52266869050808
55287,59.83218500440675
55288,56.169925723416775
55289,58.88474522678459
55290,57.57887414807615
55349,51.50528280702868
55350,43.64550450483998
55351,53.92092209325357
55352,52.24486939732077
55353,42.138912636880406
55354,52.81199337849094
55355,59.015502404758955
55356,52.89414797335484
55357,56.906572586037306
55358,67.05629485191122
55359,59.36845149476519
55360,57.727374762108894
55517,11.457111777614676
55518,24.160935075337825
55519,15.162630753461018
55520,15.025854233217697
55521,9.883273967053935
55522,17.837408459812558
55523,19.054416250599463
55524,18.634014249032425
55525,33.21665781947375
55548,32.06014601977925
55549,23.3082025135727
55550,18.003966552992555
55551,30.071531763413425
