Index,target
66,20.585263613933357
67,28.43333426092065
68,30.005428941027194
69,32.23351627935096
70,30.56459884646979
71,38.540743122321366
72,37.044994460020995
73,29.639969980577295
74,45.89098344261567
75,42.309253458428394
76,56.74505351436323
77,52.41277009504711
141,33.53803156062991
142,36.198600572044406
143,35.954097989641596
144,38.83392791497406
217,28.181764996901787
218,36.74223641326001
219,42.711476477799586
220,33.42679697823184
221,14.332196400068804
222,20.373184853526013
223,13.125175224687704
224,16.770647524322914
225,14.354180753646359
226,16.24833323741476
227,37.294350952689456
228,33.944137564176756
229,43.329544473943294
230,36.11120169630968
231,47.03306474507558
232,39.420024621348
233,33.49648026575004
234,47.42547451346548
235,46.7792762198821
236,46.083005213284224
237,45.48624036479044
238,50.73125021106354
239,54.10480714323453
240,50.41964693859072
241,78.37100582588006
242,55.02309533513467
243,62.76328424674032
244,69.96245216992995
423,16.00044676330055
424,18.434451234878143
425,31.017567302511754
426,38.6239346233787
427,41.40924090123276
428,50.208762555350575
429,47.204201243460155
430,41.49217909130249
431,51.56671413294228
432,49.76400913692197
433,45.53046033163834
434,40.363024941628275
447,18.637045670011062
448,23.1386380855384
449,20.256100357932183
450,32.135018746752046
519,26.04017610722528
520,43.24383372253492
521,41.868702242466355
522,37.49752739895246
554,13.277461029286162
555,24.00441561052524
556,46.63008558236694
557,40.80235707549924
558,40.708874976405845
559,15.923126678457711
560,19.503761576319604
561,18.419715408787532
562,22.050552988924153
563,33.41974445277436
585,34.524486329067486
586,43.00769163729623
587,34.425733963566536
588,36.29152373631083
589,37.157855693278364
590,41.06022564818079
591,44.28746113329174
592,48.35622068642747
593,46.99022897562035
594,46.59421616622198
595,37.91927029388783
596,41.42794983473151
606,26.123729275057432
607,27.538458981759142
608,36.00829816441927
609,35.171046816745765
610,33.867288216570394
611,32.864897736504936
612,39.75747231813451
613,38.440928668454966
614,34.99761258215511
615,43.71487854020258
616,42.19710629353679
617,46.26540878307153
618,24.06520293839375
619,33.09432430542616
620,37.309235289121865
621,48.19869950342911
622,41.4274449519185
623,37.597031196732345
624,42.605654047808464
625,59.8310924023943
626,52.91576275963726
638,45.45151219930605
639,45.75435694702824
640,52.56940201194786
641,53.00873481649447
713,52.352513732179006
714,37.95740883928786
715,58.69357278639215
716,59.272821142780344
717,57.922767263508646
718,50.203897057420654
719,64.75340708824572
720,64.8685333857076
721,55.83302237863684
722,57.43602662711977
723,57.07531299065438
724,67.91931538745045
731,31.411161149327004
732,24.764910490181688
733,28.923977291616307
734,30.465226800942304
735,28.764655111258786
736,32.30938497623708
737,35.2570827413773
738,34.448929253987735
739,42.01794027664388
740,39.32639396179801
741,48.17766848073168
742,51.19530270514671
759,33.95608494200762
760,44.66258064777376
761,37.679402775515676
762,35.02654924136712
763,43.545179613088344
770,34.065979241816414
771,39.768156921110446
772,36.25456139426721
773,42.458325186441975
774,45.86841363764958
775,15.087738093488028
776,32.31247470013579
777,28.59206109371888
778,30.932406999057566
779,42.52467761641417
780,41.07235703498217
781,36.5789960094932
782,32.66201026319656
783,46.27776714153471
784,56.172970547372756
785,55.58139269379539
786,44.236155444506466
787,37.69855843229785
788,48.11827087878384
789,43.192740692384746
790,49.26230506571394
791,54.21648718889524
792,55.34102660144415
822,41.05137443644161
823,44.796103625101644
824,52.86336552306054
825,47.50237463167713
826,54.922882667814115
839,22.71183268045425
840,21.03421923583016
841,36.38794355698148
842,38.69662120755322
843,35.79124501993973
844,44.744186051746155
845,40.635517596816634
846,43.12081937012442
847,40.56588204805498
848,43.35912358492727
849,45.970191138024326
850,49.276371010904604
911,20.260998741970916
912,17.505169719100355
913,31.697615312770075
914,21.60800342089266
915,21.28417328470122
916,34.61158372822712
917,38.41412709750681
918,46.66692511893007
919,41.11730167246302
920,42.793891281140404
921,47.043229685216936
922,45.03910033728168
944,23.881058370911482
945,35.074849722838124
946,33.58171933617881
947,32.63528574513375
948,34.852433292561784
949,46.25172158108908
959,45.20039756771711
960,54.690535798471224
961,52.03151692342182
962,49.617988379101625
963,51.01317963411878
964,46.690327501096
965,58.26523021932003
966,56.82426735541861
967,64.6547186958003
968,59.08911739662354
969,64.78643911303888
970,66.16103830776983
1097,27.191279708358483
1098,33.41258014072831
1099,30.71425359659695
1100,34.563875957816755
1101,45.048165713675985
1102,48.202166451409
1103,32.51116451891856
1133,31.523699918887825
1134,45.99725876435075
1135,46.38352554795791
1136,48.53703271499139
1137,60.58227777811668
1138,60.8503035482529
1139,28.89229928784893
1140,36.14218352252428
1141,31.37835748995444
1142,31.656845829260984
1143,48.638786881289484
1156,38.29587328075283
1157,27.808707007211247
1158,35.669749324508196
1159,38.208834169655034
1271,32.541669886174965
1272,32.66984276983795
1273,37.6846855032801
1274,37.72354413156595
1275,36.28458621434726
1276,39.15379380808834
1277,52.02451041244274
1278,44.460533600901066
1279,49.150417348657164
1280,50.51958370316182
1281,51.40295090460616
1282,55.78091910334542
1294,56.534759485120226
1295,67.33718839297671
1296,60.288149371845456
1297,60.57480719664461
1298,61.92166756992324
1299,55.49779994278749
1300,61.79805907938303
1301,65.44491985654676
1302,89.04751109813748
1303,64.59031803753655
1304,70.31454918842944
1305,81.3272333015743
1318,11.415346850502285
1319,20.919639779251487
1320,9.055477539188459
1321,21.777987163531513
1322,17.71823920990489
1323,31.373900346280323
1324,34.8272706587908
1325,39.02006437703959
1326,35.64920141562676
1327,45.665977288197965
1328,38.13754240977446
1329,62.01689082130853
1443,24.714687574270258
1444,33.81134904053032
1445,42.31130017757501
1446,36.3636881260878
1447,29.509889603516587
1448,34.11445985946446
1449,28.299794680070693
1450,34.90549079566031
1451,37.08671202063904
1452,46.96494391706129
1453,49.24059151669665
1491,23.543097690088956
1492,32.368031697328334
1493,31.81243014415406
1494,48.38769285353256
1495,36.41228107110894
1496,38.86911131821485
1497,32.661717051566555
1498,44.126622671389434
1499,33.80331329835434
1500,43.78142352844989
1501,35.81755893799765
1502,40.197088918643885
1540,40.24680056290679
1541,49.487460599333346
1542,40.73155411958918
1543,37.19449524601944
1544,50.08813877970795
1545,33.68334256095269
1546,47.60062204292349
1547,48.07885332057568
1548,67.28102416424441
1549,59.142710813230764
1550,61.880885690976214
1551,58.58889528579768
1682,34.86386142260752
1683,53.219853114454644
1684,45.22656859951275
1685,52.481213894200216
1686,44.07766726191493
1687,53.71478695796223
1688,54.56925845904592
1689,60.36159621565595
1690,55.96630156672313
1691,63.20380665677615
1692,66.15558030371146
1693,63.53149041846295
1788,3.442207570191263
1789,4.175446563105207
1790,4.357942394168234
1791,6.196032607276003
1792,7.107538337983411
1793,11.074878348882551
1794,13.821161546661134
1795,19.93050102065112
1796,15.815260163570338
1797,17.488017341255652
1798,20.10850888673993
1799,20.613544087816702
1823,3.920903562641339
1824,34.30274058647499
1825,33.90917548657821
1826,39.17657743414097
1827,39.80206158705599
1828,42.020935906298945
1829,47.659558332137486
1830,42.637706512901424
1831,63.0996403883802
1832,61.152248935109704
1833,41.28428987253152
1834,53.76511978309316
1835,2.487530807817795
1836,22.136103794505377
1837,32.745676946524824
1838,31.380804820566834
1839,37.29102097809891
1888,9.93552935655321
1889,19.621289855020706
1890,18.024847693353532
1891,18.859243804045587
1892,20.40595813337369
1893,24.664061787056518
1894,21.262102716640797
1895,34.92835823633416
1896,36.05071313924479
1897,44.00906564247469
1898,62.83600412395119
1899,58.03842750921981
1900,14.362159775641471
1901,41.38905206761452
1902,31.594013957526077
1903,34.833325907883506
1921,20.32910989158541
1922,28.128203444104216
1923,33.24952735157346
1924,31.503980447759524
1925,33.525759601284946
1926,36.88741594368117
1927,37.06737515035409
1928,37.4067424515869
1929,38.8831444904217
2057,21.478464957998177
2058,21.913953623366883
2059,23.466990846636946
2060,42.89628109169743
2061,31.477507484200135
2062,32.8813714676705
2063,32.491525141717155
2064,38.607036211802686
2065,42.02684322928717
2066,47.282263348996345
2067,50.29352043485258
2068,57.54397525281378
2139,49.7659556628068
2140,43.6243391818431
2141,47.668153747351454
2142,66.10718220419209
2218,20.169016445902123
2219,39.206094497244614
2220,29.137260605319035
2221,32.72605480945533
2222,37.45868803834829
2223,41.22491750944262
2224,39.82278128366699
2225,47.94390165808002
2226,41.17515581862156
2227,41.93876135379515
2255,41.03445229824726
2256,29.030509196426394
2257,35.92044587631976
2258,32.346097146189194
2259,32.58197869092978
2260,33.25915375659441
2261,43.09708393371236
2262,48.50883413994449
2263,44.98674089356919
2264,44.0832961138119
2265,50.40811027904614
2266,58.22561313535115
2271,34.20209911424072
2272,29.767317197300738
2273,36.347042941862696
2274,34.003252102416816
2287,25.979249889389603
2288,19.457651857061453
2289,30.84319336608849
2290,40.44191773574402
2336,13.449853753045437
2337,31.375426539225085
2338,34.14645108817326
2339,37.459035705306896
2340,41.968415939968814
2341,47.99541080322153
2342,44.55297291613646
2343,49.95275074362528
2344,48.83137296667864
2345,41.357636957609095
2346,50.086244680974254
2347,48.608110202602504
2413,18.124634994851572
2414,27.75828980456535
2415,13.781582052714448
2416,25.369307995649912
2417,31.133005943436228
2418,28.761060494993618
2419,40.47228461097704
2420,37.09306947806204
2437,39.54583633179129
2438,30.902554527088512
2439,45.45731299317617
2440,59.874411943666466
2479,39.1463437583277
2480,45.048024331034014
2481,32.87016064589243
2482,40.59481424792753
2483,20.255265418425893
2484,17.49153122870103
2485,27.490029018864103
2486,29.296673282920022
2487,27.707336065591146
2488,28.190381546634985
2489,47.569581951097945
2490,52.921119377428504
2491,45.9368151774666
2492,31.605729109175982
2493,39.24970478476311
2494,49.919986922906496
2535,42.617966595193
2536,41.65207602154511
2537,51.733598480430196
2538,47.41510527275322
2539,59.05471188206025
2557,28.429939639174894
2558,18.377296718702492
2559,31.92589416838078
2560,40.19184553745198
2561,36.0495208735811
2562,31.645110641311504
2563,38.702860044701694
2564,59.28911411624417
2565,50.05723687062977
2566,44.61985035442006
2567,52.34498742131676
2568,57.79711359484171
2573,36.77282606179446
2574,42.64756915554645
2575,37.96277694302275
2576,57.16074569005951
2577,33.99949569108571
2578,45.93071451676905
2579,50.77709146895692
2580,41.81461044011838
2581,54.27741332749483
2582,56.47284572864545
2583,61.243477825362504
2584,63.5506251961696
2585,17.781936808038797
2586,13.839502096370959
2587,18.535448374048944
2588,9.83095319258156
2589,39.23124658750005
2590,39.2721451476033
2591,46.60840724712582
2592,46.86896222312047
2593,52.02434269033603
2594,34.92046229773551
2595,35.946780822955226
2596,33.398144413164204
2597,37.81098832036671
2598,56.72407726294324
2599,40.55478668382099
2600,47.84783803588877
2601,52.59503372970444
2602,39.39995462238839
2603,41.29601422567976
2604,54.450737159217965
2605,47.75847858154032
2606,13.072729499390375
2607,21.053257842350373
2608,13.576223221624659
2609,19.55714416716589
2610,17.144117237715886
2632,49.941415251973886
2633,40.79814928719765
2634,53.86309269150578
2635,42.20363388939724
2636,25.148406873123392
2637,27.34136079481894
2638,33.22703457131417
2639,35.537524842817625
2640,31.446411527409452
2641,46.134206979088454
2642,56.633112901544195
2643,44.67191817169518
2644,54.633409219380354
2645,59.64697701728938
2646,54.36293018932426
2647,49.2267185109509
2672,8.603929030711864
2673,10.058968535544452
2674,13.316420120655152
2675,15.497849104435247
2676,14.27568048004431
2677,23.104985024582017
2678,20.40677848543136
2679,40.476581965970695
2680,35.52104062253486
2830,31.888916114379583
2831,17.14354612308613
2832,31.373295255783248
2833,21.248867942907214
2834,41.704407894320255
2903,10.79262486157696
2904,7.78770073962439
2905,12.784939862322384
2906,11.639867404632318
2955,37.151417315879904
2956,46.15113220884507
2957,40.16140995508496
2958,35.461320834183766
2959,40.048768586125455
2960,43.5023557308699
2961,48.03923084600651
2962,56.42468798383132
2963,60.039022966598
2964,36.513655744749826
2965,43.14015360458506
2966,49.891035668663
2967,47.36410379309839
2968,42.992468724537865
2969,49.38657877455231
2970,61.96870611624211
2971,55.30766465171817
2972,52.42628092218702
2973,59.67945686188852
2974,56.58867675194467
2975,53.10941468881883
3006,58.043112084219636
3007,67.44567507442106
3008,58.04421019817077
3009,69.33862364167057
3010,60.18349751677431
3011,67.32053063997164
3012,65.88805635332912
3013,65.23471290997496
3014,71.0148097698794
3031,29.403982603555583
3032,22.076283221469353
3033,49.17045328101296
3034,53.972582098877545
3035,38.12023633925871
3036,53.786235936190636
3037,56.444638342369785
3038,49.14279591801441
3167,18.35721099452165
3168,20.813168357199338
3169,24.00770332981732
3170,12.267703407113483
3175,35.90440147774436
3176,35.32008298444345
3177,36.52661100296669
3178,33.33613992029569
3179,42.90348157529445
3180,41.31979755779051
3181,48.96000729925002
3182,59.61896129100646
3183,55.68914209402861
3184,43.51458145391131
3185,64.22491937890447
3186,54.82043186064919
3192,26.443506287471386
3193,20.646081652077307
3194,32.270121332663884
3195,41.121887865782355
3196,33.25792249154485
3197,11.3456304531343
3198,5.702366060226694
3199,20.52499988219749
3200,14.337801572993424
3201,31.013760591343466
3202,44.39418850776487
3203,30.654978902835758
3204,50.075125993694485
3293,41.01684339835522
3294,42.72186091980163
3295,34.80340818294297
3296,40.28318781284884
3297,35.19122652321325
3298,45.55962934586431
3299,51.125907408958064
3300,41.5529761651314
3301,44.74932212842994
3302,53.69579739904182
3303,52.09931306619136
3304,46.6922922872233
3305,44.98224771208333
3306,55.98553822298791
3307,55.78037229351942
3308,45.30515604680108
3309,15.381372189518531
3310,19.12400872054693
3311,34.85179512370579
3312,35.040248841920814
3313,42.27460307013775
3334,18.516083852160612
3335,32.6064764336639
3336,33.541246668249954
3337,31.764282903012
3338,32.820666774742136
3339,33.69318643276023
3340,33.44937641738048
3341,39.94477716057768
3342,36.857619900675985
3343,56.24930671008289
3344,44.34565740644003
3345,41.947471259847205
3346,51.010450135825636
3347,35.84698833995001
3348,42.152348071966614
3361,18.735750912487966
3362,19.285177557350327
3363,15.248765343334894
3364,39.8696578382131
3393,18.5905843309717
3394,19.954455705576628
3395,24.15544200229986
3396,27.225670004839877
3425,33.77807549869148
3426,35.71778248926138
3427,36.50070590099097
3428,58.480475666768115
3429,49.65838686740638
3430,50.29726950789593
3431,53.72265602860456
3432,56.923435596579985
3472,15.04713146045294
3473,23.867357323354454
3474,15.67342149789058
3475,16.966983258529044
3476,19.734698477269884
3477,40.119488465353186
3478,40.973577755732144
3479,40.09780900534756
3480,40.27286533953287
3481,47.269291681839
3482,35.88694383756903
3483,44.50240051857724
3521,18.570653882860714
3522,7.82337551675426
3523,14.837034334925413
3524,23.82443732441154
3583,18.300827808924694
3584,15.419580852773827
3585,7.4964053094758825
3586,35.49311743699152
3587,39.053946999297935
3588,35.2647321904414
3589,38.266605398822584
3590,46.62053773797106
3591,51.83240629213758
3592,56.77240301906467
3593,42.84331869886973
3594,15.041778062571732
3595,27.198888692450282
3596,32.54278892555656
3597,38.47791118730947
3598,35.87148195442318
3599,5.520518907442483
3600,5.927976425639834
3601,14.249253487408685
3602,10.402589563970873
3603,14.700341615292349
3604,18.35763071320869
3605,15.445849777456589
3606,26.817140293621623
3607,37.07538366981493
3608,36.03757461015109
3609,42.15525719514345
3610,37.34270348319464
3644,14.027804709086208
3645,17.345933943885044
3646,17.345933943885044
3647,7.5841165631045975
3648,16.795584990719604
3649,19.029254520363246
3650,19.51048057302951
3651,35.35509375825519
3652,33.1527081986204
3653,39.705898233771805
3654,41.04857578237921
3655,42.18629013369605
3812,36.264020677022096
3813,34.02299898363045
3814,38.808224337277274
3815,38.072527024394134
3816,55.644719700538424
3817,57.17615876528582
3818,36.28012529429915
3819,34.81437913815798
3820,43.08992448364067
3821,38.11316347696628
3822,50.59345095933408
3823,42.844011862907486
3824,53.072047423332506
3825,52.21784836290463
3826,68.02704033317883
3827,48.860349997340236
3828,48.97999992735707
3829,61.34939958609637
3886,30.78543658470356
3887,31.082976076162492
3888,39.94414099193802
3889,31.449092448233422
4051,15.80144857557718
4052,22.90670046351507
4053,20.628229545529532
4054,24.105618501079054
4055,19.629214914282247
4056,12.776456774249908
4057,17.943720203126144
4058,21.226655641910316
4059,32.18078440996951
4060,36.20896150467667
4061,36.9069389787702
4062,34.78065106377519
4128,15.496056311845667
4129,17.577164162860704
4130,28.66791523229539
4131,19.010657479152385
4132,29.186999543440667
4133,29.30787722947944
4134,28.31384567501352
4135,36.87351297998502
4136,46.13516910312906
4137,43.2457985414974
4176,18.896019151339175
4177,26.918058503872047
4178,30.218258295126663
4179,29.029952712241215
4201,49.46618418309262
4202,45.32211106524377
4203,32.81150647998352
4204,33.925579035336504
4205,37.82634846482504
4206,57.986814411622944
4207,64.64480969249823
4228,51.035392214414934
4229,55.70783586344084
4230,51.2055919914358
4231,55.91647013074437
4232,56.74526966789374
4239,21.90413514898867
4240,28.325419058358253
4241,35.190876486667314
4242,35.98876614491635
4249,27.844535731807582
4250,23.810384858670687
4251,27.01206735669832
4252,39.526892524918935
4253,35.38725462317779
4254,38.29016946178845
4255,41.82899467127586
4256,53.81618920662514
4257,34.44422611730445
4258,38.51568990041564
4259,38.95903150054097
4260,49.75065010895989
4270,45.91634942110149
4271,32.33257855629839
4272,46.25448138991317
4273,47.3535556839125
4274,40.65512378546102
4275,47.34460098744666
4276,31.75785783277954
4277,40.516749875329495
4278,35.230834513766894
4279,46.8504912521002
4280,49.32844858321864
4281,38.84012593290213
4282,51.36049593562647
4283,44.895249482106614
4284,49.17538123290586
4285,61.37657635655545
4323,10.660782830923106
4324,22.5611229557009
4325,34.36088883728905
4326,33.67719840847976
4327,40.71496416758459
4328,36.43306280110099
4329,36.89461882684252
4330,51.2145496461665
4331,47.47827970702657
4332,52.5901095043591
4333,44.1809044672523
4362,7.45986073970689
4363,18.764134884307307
4364,19.71322717425657
4365,3.48962945142224
4366,11.12631198425018
4367,43.11651809607049
4368,14.699432685334616
4369,35.626691167975125
4370,41.98629955261042
4371,34.93975208291866
4399,34.510127269345865
4400,33.625172517950915
4401,37.61302735065842
4402,61.28556468425952
4403,68.15170041140469
4425,25.63541231349573
4426,37.514611106851426
4427,53.832577770041695
4428,36.5436381945773
4429,35.911059243496275
4430,34.6760963713478
4431,37.29426033011881
4432,47.850269707680205
4433,46.59711495647947
4434,52.39766009282437
4435,49.44809852185274
4484,16.45179701574526
4485,16.143122014379838
4486,24.293698294361008
4487,34.53370541203642
4545,19.22478859686738
4546,27.603916729718684
4547,26.99409314093742
4548,35.60080549954755
4549,36.44226621661795
4550,51.95844737703441
4551,42.82750339990688
4552,39.63307287009382
4553,44.133608892849345
4554,43.77361755474357
4555,47.796608449260056
4561,10.353317919004528
4562,17.830041661339987
4563,19.1176282975818
4564,13.830711917452092
4698,23.317374516201298
4699,27.874320494792496
4700,33.05362221739668
4701,37.52017510929139
4702,41.42134778096455
4703,41.0128266264487
4704,40.24027315575369
4705,52.34020806655639
4706,38.41559569632738
4707,46.70737844292399
4708,39.45065853845139
4785,15.296597729163873
4786,18.250090911969234
4787,40.60876907775091
4788,33.2777086460378
4828,28.773804262779283
4829,36.80882220282663
4830,29.8931810106223
4831,36.669917252529466
4832,46.80668899997822
4837,4.034221585395176
4838,8.348712032015214
4839,9.97802286867645
4840,38.37482242696434
4891,22.62093680355789
4892,20.457456791995366
4893,21.15763674858667
4894,30.483729442235738
4956,52.21519211327069
4957,65.48326043837231
4958,66.38260458760222
4959,58.067757026892366
4997,17.308766859851954
4998,25.74959040103092
4999,31.885062979292567
5000,31.6421065972061
5001,28.147705235043727
5002,32.90653332716976
5003,31.434950594191587
5004,34.631023286586114
5005,39.275544984390834
5006,34.56025268011225
5007,49.17677007567193
5008,56.514649218235384
5045,5.600594469193243
5046,8.107845840325567
5047,14.080866716913444
5048,15.941555097516327
5085,19.641722616048924
5086,13.35399308523345
5087,13.53844628451951
5088,20.63883274475293
5089,20.549321077724823
5090,34.68997498184799
5091,33.33403824942731
5092,35.492720789170995
5093,39.40125063468587
5094,42.622318721464765
5095,35.516543705381594
5096,43.96618725278247
5097,9.796117087882466
5098,28.889032003285966
5099,31.90427188786431
5100,31.417890990442082
5101,39.78676730217494
5102,36.933595424421455
5103,31.016633313612143
5104,61.86711055134125
5257,7.782169744881537
5258,11.522869775200808
5259,16.771446256706685
5260,8.748836059377645
5261,17.8876277503971
5262,18.445141258613557
5263,30.323707430510403
5264,34.87789165614979
5265,33.258713911337324
5266,32.871810129953296
5267,46.25230903427201
5268,45.11749673428105
5372,49.54156566805844
5373,40.21274134404448
5374,52.694662542816666
5375,52.253084031847266
5376,64.34672047038029
5377,59.539179957017495
5378,51.55829709907955
5379,61.909186792904194
5380,59.85774378171988
5381,69.34257782979165
5382,74.47492795683517
5383,69.35643281795191
5419,21.488465449559904
5420,15.644100759476851
5421,31.685942024300058
5422,31.79500610179419
5423,46.107197120749994
5424,31.817654608320684
5425,46.605617710544294
5426,45.948792984822745
5427,54.701366038315086
5428,55.36407070937675
5429,42.81096191158274
5438,46.289207802767265
5439,46.81449223132916
5440,51.918297280756406
5441,51.6111392113634
5454,47.28412600133455
5455,27.200639103585065
5456,34.23481801041533
5457,38.57913065553006
5458,55.148579144680696
5459,66.08339326499868
5460,55.36496560770864
5461,67.54652139566345
5494,17.36283516546402
5495,15.0811094909071
5496,31.78578321737441
5497,32.429802493888154
5498,33.02552806768398
5499,38.336628665903255
5500,36.79097871038323
5501,41.740731790762325
5629,3.752909815528213
5630,14.821102574257818
5631,7.544808384690949
5632,15.74921934015618
5633,40.201739208123215
5634,35.753087670206114
5635,43.717938566502326
5636,50.76451943695381
5637,43.05743112750124
5638,45.97174628076829
5639,40.904309625372456
5640,46.843459271375046
5641,48.78530693420218
5642,45.446461173224165
5643,50.49408255984074
5644,52.404370073180765
5645,5.055040043755572
5646,17.50062938075831
5647,11.706893317669133
5648,21.92935978242056
5649,20.77873340482306
5650,25.414008494710433
5651,35.0419885484918
5652,31.532966132573772
5653,34.96794380891547
5666,41.001421939806434
5667,44.839499983153914
5668,37.37823150454871
5669,43.880244607830136
5670,39.9530676758931
5671,38.34959192604695
5672,53.43891103563422
5673,54.56255021469963
5674,58.04189509890983
5675,52.28994423585726
5676,62.28659905688218
5677,57.37922980788308
5732,16.493630050523894
5733,37.136061663615415
5734,21.97624241234145
5735,33.21646376584684
5736,41.11935578191784
5737,39.938739429386835
5738,37.104792958478406
5739,46.95773978720465
5740,46.25720356698799
5741,45.056709218163675
5742,47.094202652901195
5743,52.58021360210904
5863,51.734497694759746
5864,36.46758206508558
5865,56.222036243059655
5866,50.173001689464144
5867,59.11241173541875
5868,55.98675334088395
5869,63.67617482268042
5870,61.92585035734244
5871,62.0388743968332
5872,64.47285550228219
5873,58.51039747610452
5874,65.44357879910804
5907,35.21422831603835
5908,36.890100038122725
5909,42.52983847509318
5910,54.80054573058456
5911,40.42501160475927
5912,41.07980061088358
5913,39.14147392856725
5914,46.23646552462052
5915,50.68587763506584
5916,61.55222838116958
5917,55.231393283006085
5918,56.76785534159906
5940,29.58492952568128
5941,32.41341186555938
5942,34.79587825325442
5943,32.44277838547458
5944,11.880604460292314
5945,18.005862241234684
5946,17.00149196076733
5947,22.16454150255692
5948,19.820201598738954
5949,33.636627473276874
5950,34.62085055749727
5951,30.82475725010124
5952,40.215706384841035
5953,38.20241322809121
5954,38.73259073049265
5955,54.88633007050187
5980,29.905340708760022
5981,36.25570320171857
5982,28.979100578920324
5983,44.55453248875791
5984,49.150296278359235
5985,37.21345960314531
5986,14.741219588409194
5987,33.40092054659063
5988,44.4085651045248
5989,46.07366398206734
5990,35.31204172226676
5991,39.74805552175932
5992,51.02131378153118
5993,39.136381674579305
5994,39.8692780540965
5995,50.02336787298711
5996,57.19913203617402
6001,36.84246805597849
6002,32.1321311877236
6003,30.786854647573826
6004,49.160691217494836
6005,54.4394182835713
6006,40.78815485372303
6007,64.47978304282016
6008,70.78704457012758
6021,33.44245999253425
6022,35.12237349320954
6023,55.44150623812466
6024,55.74310212416075
6025,64.67743246989079
6026,55.770126780154825
6027,54.43272610313431
6028,59.09577644291404
6029,60.915841561464966
6030,64.04112399250849
6031,60.77913988578327
6032,64.83354595920662
6122,40.072851536214266
6123,20.30209943696846
6124,45.275500667900836
6125,38.133328623177526
6261,24.515267510620397
6262,41.288006505574124
6263,50.075533942821416
6264,60.27011604139062
6265,48.602622689567745
6266,54.47916539102211
6267,57.88002812337999
6268,50.04914663111657
6269,51.676682311807404
6270,55.39957144791347
6271,56.502958161198094
6272,54.146673586875416
6313,42.05246083343822
6314,44.0126463407933
6315,46.461708600001536
6316,48.227068418255094
6317,59.151539562107864
6318,39.140692582936666
6319,53.74314973681937
6320,56.76919569253633
6321,4.777989029152373
6322,5.974287144326551
6323,14.282884569884734
6324,14.278260918986453
6325,14.431433220534423
6326,14.50738883690532
6327,15.494737937141842
6328,25.453044060538243
6329,26.596593324304855
6330,43.223157632552144
6331,41.469190160781444
6332,37.31621689949618
6348,7.3812350503520765
6349,13.477927346488574
6350,10.13498401193294
6351,16.271699716882598
6352,12.733413744775884
6353,16.337988614703626
6354,12.990059711455402
6355,23.56661621139986
6356,21.631279240780596
6357,23.52016585642638
6388,32.09806130674508
6389,30.815367609944836
6390,17.87392975917349
6391,31.888567472229944
6392,39.17961568956474
6393,34.78139007641619
6394,34.61672506697618
6395,50.375959361129915
6396,36.610062300576395
6397,42.25477768436215
6398,51.95037190556495
6399,42.28001624967842
6462,9.48291521741817
6463,17.306053638666917
6464,24.15544598918858
6465,34.828957707426106
6486,4.278905689556402
6487,21.445352882545883
6488,18.620777757443932
6489,14.410631176852794
6490,22.905380802403585
6491,30.271082802400304
6492,35.04068524491494
6493,36.32503872812594
6494,39.031171121492484
6495,48.319112352526666
6496,42.001527187952156
6497,48.893689531689844
6538,31.890399479695304
6539,32.56069828668998
6540,33.24734127855436
6541,33.006496972066394
6558,36.311745481042905
6559,42.84867097909791
6560,37.46454724986632
6561,42.82915069081239
6562,13.691310681137054
6563,19.42934686831773
6564,14.677934722338959
6565,27.28042129758543
6566,35.15445180470102
6567,37.20081416811356
6568,34.74112238823143
6569,31.11645426819482
6570,45.99974617540541
6571,40.7548294958391
6572,51.88551240578292
6573,51.02877462047072
6574,30.374576121400423
6575,34.48759684853403
6576,43.02549873471005
6577,36.71001600998104
6578,50.36344220369051
6579,35.085855222169805
6580,24.926697282039022
6581,31.0617264481087
6582,31.71623873431921
6603,30.520546470107128
6604,32.472031281571454
6605,31.0056399740615
6606,32.80174166174408
6607,33.37984785036668
6608,32.7141022124981
6609,52.1165719355132
6610,33.67815883257725
6611,37.30399992860529
6612,41.94157187107193
6613,43.21400562671627
6614,46.519511465305364
6643,10.542132930056876
6644,14.330850100311123
6645,10.266443000103179
6646,16.40472259422573
6647,20.460373392447217
6648,15.578226216077693
6649,14.738527018531292
6650,22.891126329516382
6651,14.994882268200316
6652,32.21231980532542
6653,33.223101810419514
6654,34.78544322528371
6663,31.86102925797442
6664,41.67498848532651
6665,32.907212962023664
6666,44.83120345155172
6667,38.30309648008184
6668,48.98880149041881
6669,46.64533113731912
6670,47.09629623637539
6671,42.79400030649747
6672,47.09538832044267
6673,48.251237971433525
6674,36.150598940686535
6675,26.65819278219541
6676,29.52838362117547
6677,29.458911364091026
6678,36.114647034396114
6753,43.77275408121347
6754,53.77956502931739
6755,57.88944168108165
6756,58.24115196118334
6757,40.06627173110391
6758,43.30306852905329
6759,52.136103326173554
6760,52.26985833844619
6768,32.36882231216425
6769,49.66092585220299
6770,60.08135101007078
6771,56.256224054232504
6772,68.82179836279738
6773,53.73862452890796
6774,65.39919286158066
6775,53.1312537864461
6776,48.54994988171457
6777,60.16408205372519
6778,58.22776421617641
6779,56.96866615315005
6788,13.969726962825186
6789,15.466643614207484
6790,16.154226947641202
6791,13.944857421137877
6792,15.341538301208491
6793,17.392753251600066
6794,18.806330760921053
6795,17.38898269391496
6796,22.2282112816181
6797,35.00185001912673
6798,34.90341697371018
6799,45.78005504523786
6842,35.4699300689037
6843,45.14192257664095
6844,49.62338195791408
6845,51.53262002584866
6846,46.79948267867996
6895,30.27845080516372
6896,39.56917085938753
6897,33.2711430694322
6898,46.18977121644053
6899,43.1856599182022
6900,44.21350085839679
6901,46.44078021760227
6902,47.461933641512786
6903,48.444757510902086
6904,53.03542362477555
6905,56.5527242704057
6906,52.43382276883002
6907,58.02522744558631
6908,50.2454981485598
6909,61.01304470155676
6910,49.72656767398224
6956,30.78029139826659
6957,38.009546029574025
6958,40.231974910405405
6959,50.45476458379756
6960,47.936495726117485
6961,56.21817590321396
6962,37.16198594464423
6963,53.262937059760304
6972,22.869440957475526
6973,30.530138439321544
6974,27.971065501435014
6975,38.281030413585725
6976,48.65829523237575
6977,39.9935195186948
6978,36.31178371702681
6979,35.96668745167449
6980,37.539491188236475
6981,53.81249626217771
6982,51.58217688158616
6983,50.09856925392722
7052,38.79470751447255
7053,33.502681202946405
7054,36.58150207876113
7055,42.57693842435669
7084,3.2138286396152007
7085,3.72664359028533
7086,2.710206250227779
7087,2.710206250227779
7088,11.884330193255938
7089,12.397758388817753
7090,14.74355244629573
7091,21.155234537297453
7092,19.453141315595804
7093,17.45844032936355
7094,20.41699384363693
7095,15.128021594085597
7096,31.21559046307094
7097,43.55455541170539
7098,46.27317382216168
7099,47.14862659357769
7100,60.538392646686596
7101,45.5046827330331
7102,41.89164538985922
7103,41.94325411061288
7104,48.21943283590698
7121,13.239086855159695
7122,28.901137116016447
7123,28.29108621094437
7124,45.197202982897906
7134,52.24781652988869
7135,34.20698512521078
7136,47.788009021375935
7137,58.28641936008809
7199,20.63688773329995
7200,20.032722919095505
7201,41.51733485851932
7202,40.986250129230825
7203,36.208496409664924
7204,31.841865204616695
7205,37.53475805224592
7206,42.352383203759636
7207,37.72327788366263
7208,46.60552511027274
7209,46.45472052763939
7210,47.91094762440403
7279,21.540919853618696
7280,8.323284508215231
7281,31.488017802990623
7282,33.62055275610958
7287,26.987339002228847
7288,20.417987944830827
7289,22.133893798570632
7290,31.465310334794
7291,35.67381726527955
7292,30.703893630603503
7293,45.22586847847583
7294,52.5518162929662
7295,35.683638268179564
7296,48.593953502472914
7297,50.296137844759805
7298,49.53293272834918
7371,6.675213600458335
7372,10.476751818786617
7373,9.458917385207219
7374,16.244345273464408
7375,16.21956213458728
7376,17.595010604777727
7377,20.810906456958843
7378,20.94578771361306
7379,30.76951361848164
7380,34.44169128781748
7381,39.53840738073803
7382,39.41546542567151
7510,42.18388945294206
7511,43.367131452176935
7512,55.010083224670225
7513,47.080865056516636
7514,52.98227241263812
7551,3.06740445791535
7552,4.95621799463604
7553,5.766395789896616
7554,8.964972067675475
7590,24.644444752759515
7591,28.56660850512018
7592,34.31465844901002
7593,31.824405179913583
7594,42.30207477458626
7595,16.25790556479249
7596,34.20128706919232
7597,39.077722739828495
7629,29.305358606135993
7630,28.142400461454127
7631,34.18191304080803
7632,28.550097097318602
7633,36.0171949583336
7634,49.25032347019727
7639,28.07206378212868
7640,37.515170306270534
7641,44.74248789910498
7642,45.53954910709036
7643,50.249049999876945
7644,47.89866937413414
7645,51.52159827375659
7646,56.08810373919591
7647,52.48188037145733
7648,14.441419166116395
7649,20.044703154481077
7650,5.8360168565343225
7651,14.20446537004416
7652,17.164903731469465
7653,16.323854414450995
7654,14.087924363658836
7655,33.71396473887129
7656,30.772831475400388
7657,36.29562309213344
7658,41.866566853296895
7659,40.44170847233107
7690,11.611161863075997
7691,20.56237140456295
7692,15.517227968978668
7693,32.641681517414085
7694,26.6860087946833
7695,30.402233943609012
7696,27.37873887884888
7697,36.18118194080259
7698,25.812778760551286
7699,32.5378735598742
7700,40.999647551685804
7701,39.32983977350002
7734,4.822719321295219
7735,12.787278068087716
7736,18.69005603402675
7737,34.2776520690022
7738,37.63068305126275
7739,33.6880508303127
7740,33.96211893077206
7749,5.2291557597785525
7750,13.408942621082158
7751,6.37784648906179
7752,16.785856253575343
7753,14.789358444883382
7754,14.844912043260301
7783,20.45635056751625
7784,27.249105296943814
7785,39.56835396922789
7786,29.182051337090524
7787,33.48689166670069
7788,4.7819777938683306
7789,14.646016986052253
7790,14.766806934614777
7791,9.132197671014048
7810,34.3120679435858
7811,51.341265646838224
7812,36.76239112934903
7813,53.222500206936814
7814,55.717648711967904
7815,50.75605330522698
7816,48.85942806788858
7817,59.61673633942469
7818,50.85787179926429
7842,32.460651779546055
7843,47.32301746467126
7844,39.96734307844778
7845,48.110158987629916
7878,30.813078357351095
7879,30.87687191185832
7880,34.05976462802127
7881,32.62783908102893
7882,35.749547543173854
7883,29.053388404581778
7884,31.101890650924073
7885,48.57694919592342
7886,45.748284361116944
7887,36.853008420971065
7888,44.829737692409324
7889,49.673692507581116
7895,28.62637964129819
7896,29.063814354060803
7897,29.022995996003743
7898,32.20296660192046
7899,36.91136365741255
7912,9.530451045820978
7913,18.00380741389663
7914,24.917924077047886
7915,21.055263768390535
7916,33.30572854529603
7917,34.848239322452805
7918,38.93275003679428
7919,39.418302231830815
7920,41.47724127730824
7921,44.066685513672205
7922,43.518063525546765
7923,41.37402729186771
7957,33.19166731025797
7958,38.96868109717415
7959,28.823929977883406
7960,35.07547061889113
7961,41.26902849132534
7962,50.33470103854228
7963,54.33566930040425
7964,44.54901384941106
7965,52.2538294789441
7966,49.464560076739716
7967,69.73734682024262
7968,45.31134826952987
7969,45.33233650986497
7970,59.0843926699943
7971,44.746482464190194
7972,43.42002744473369
7973,20.12120465758026
7974,34.0798115828764
7975,30.65590481613413
7976,34.97570862913484
7983,13.701394310638866
7984,3.6473750894996355
7985,13.463633548169902
7986,11.25941815840506
8027,41.97446859037276
8028,55.17150267798437
8029,42.561800480680446
8030,47.48463134912071
8031,41.8409535550877
8032,36.347916649223365
8033,42.42120505466884
8034,49.14775041507903
8035,44.55816297525364
8036,45.21763085799153
8037,51.62807796688314
8038,58.37158568180913
8101,21.995870959129583
8102,40.42127655094081
8103,30.840124062506252
8104,30.408504625472162
8105,12.013423688410846
8106,11.956689486158075
8107,10.835753420932763
8108,13.73048678155731
8126,39.31155349993814
8127,44.08166005996952
8128,56.16514802647243
8129,54.071921989033
8139,45.4590565698338
8140,40.409143120927496
8141,43.794756607151605
8142,32.16876418079737
8143,53.6955373464653
8144,43.8504504910375
8145,47.82938669670433
8146,22.137986824556755
8147,14.376666007695972
8148,20.203703125875837
8149,15.08344042785759
8150,14.028503690154253
8151,14.760322599815934
8152,13.99641143279721
8153,16.906693162980943
8154,14.444655470757272
8162,43.308506392634946
8163,50.54220316177558
8164,32.544533950286855
8165,39.98307346904702
8166,42.07434533276766
8167,43.53299618692795
8168,39.94838825608778
8169,48.06025927151943
8170,52.846310672996125
8171,51.894661285961085
8172,51.80988055831353
8173,54.80729438815766
8203,17.78026482348555
8204,16.693750241890402
8205,22.865952301098595
8206,42.29179976281834
8207,38.56818424027092
8208,35.25104087293207
8209,37.796237430957184
8210,40.35017677786495
8211,51.87693245808567
8212,53.81313101396797
8213,62.18935209174401
8214,53.51048620431572
8215,2.9296823542797465
8216,3.585209815943101
8217,11.788322644704923
8218,16.15573285491472
8219,21.478809637717635
8220,19.4297217119797
8221,21.278413273081906
8222,18.656519188310682
8223,21.650007774973034
8224,28.490504468101545
8225,32.8537211912217
8226,22.221656423957945
8305,15.72723528938964
8306,20.815679989360913
8307,19.596797819953164
8308,31.725642779173825
8309,30.106679674101212
8310,38.51181207139829
8343,17.50867130427181
8344,14.653299728153632
8345,12.950513322650105
8346,11.060686648796583
8468,31.048511248004363
8469,38.367380595078245
8470,30.93092056827204
8471,35.780722475811345
8472,23.165876520677646
8473,32.0679029410138
8474,43.671142280805846
8475,35.07913915040288
8476,29.5685183589669
8477,50.77077184678136
8478,54.3753512191703
8479,45.52662625970412
8480,51.84280005610431
8481,45.235156260213984
8482,54.66908746775718
8483,57.401446947115126
8536,23.41818065345167
8537,36.72207743086015
8538,49.248368096088974
8539,38.58605505147038
8540,14.265533971064077
8541,18.495206582382387
8542,14.563712275387692
8543,12.440067109497313
8544,14.149734233572733
8545,34.05778709719422
8546,32.05875064082191
8547,31.38730812679796
8548,34.63373046115205
8549,35.25054261285549
8550,41.93286545798414
8551,44.421806907773046
8564,20.178804595526156
8565,30.490102614078623
8566,28.844317173331376
8567,40.56569841244087
8568,55.22558353646297
8569,44.351879346561475
8570,53.80307762660875
8571,53.37650972706315
8572,62.97756167829525
8573,49.28831696841045
8574,58.016588112657296
8575,63.78451661535538
8604,17.503034563145288
8605,20.596068885541488
8606,29.257266021152844
8607,28.719066528680717
8624,19.88401722870272
8625,17.94425767902806
8626,20.43709636639813
8627,16.404173211209855
8677,20.62919105743912
8678,36.24923141896192
8679,35.49553518698608
8680,35.4378952346114
8681,33.593145453922205
8682,37.12144690013943
8683,46.776289988561885
8684,40.7189830658941
8685,31.06328128510885
8686,33.764655078683695
8687,44.259215084466646
8688,38.2422236968899
8732,52.477093648643546
8733,60.273535342155654
8734,53.74212306778749
8735,69.49902551454436
8768,36.46187487648312
8769,37.32291748153048
8770,41.01921513856209
8771,36.18358482635097
8772,47.53153714632441
8773,51.81373066777061
8774,54.05663551202125
8775,32.12289825903523
8776,20.530331202996248
8777,24.167223195584416
8778,29.817654190482518
8840,29.79944555259711
8841,32.70756608415474
8842,34.88966899485017
8843,40.60024859846581
8844,36.354552570397
8845,47.74876142172337
8846,48.19978174964929
8847,46.603078239435874
8848,45.168439827371834
8849,43.497141627042396
8850,53.19030045722589
8851,48.972729125159155
8852,29.52413224270987
8853,35.74060659402581
8854,54.118019143242535
8855,66.8301917936646
8868,44.84412217454956
8869,48.29366866295657
8870,46.706510552347474
8871,44.55220631249093
8872,47.74273354224537
8873,46.877892590935375
8874,61.10258870065294
8875,61.32102159231311
8876,63.73435660915569
8877,53.58433784655581
8878,63.30653133016661
8879,57.03776584258511
8898,40.86315193864585
8899,18.801655209187242
8900,17.44703428587256
8901,41.78655045751553
8902,34.25263103060585
8903,33.58075972684202
8904,43.58418217605329
8905,40.34520246236776
8906,32.9252702345341
8907,51.09181989562276
8908,44.87741486385148
8965,33.80997155058536
8966,28.416229598559593
8967,33.31228793051606
8968,33.19877815309978
9070,29.88279287782311
9071,37.63206913544911
9072,29.87615020172379
9073,42.97109660296857
9074,30.4176273837799
9087,20.04074557461756
9088,38.141708761182926
9089,41.432708122740884
9090,27.822246582112427
9091,14.255525197847943
9092,20.73279127682107
9093,19.60725190784262
9094,32.46717251317539
9095,31.904401446952196
9096,33.268650067579344
9097,31.925398066313964
9155,27.755900676868883
9156,14.777488695803447
9157,31.675342511130594
9158,31.399512261803334
9159,46.43987419711585
9160,45.11447502196958
9161,35.14731483702058
9162,40.166510652872766
9163,50.53443001333314
9164,60.71158226539389
9165,38.64889243705518
9166,52.321477918543394
9167,35.9731646969687
9168,36.103164967986956
9169,42.79871345222678
9170,34.3927666961281
9171,48.64626733218836
9172,50.08941804199826
9173,51.08771805392952
9195,17.99210561095727
9196,11.379592664081926
9197,18.984882614632742
9198,16.884077135253
9282,29.096420362482927
9283,16.741357456115956
9284,38.489169087354085
9285,41.689881909360885
9286,38.20149754264263
9287,43.89857572011574
9288,47.40564846043909
9313,15.788921109136664
9314,24.322138359544464
9315,22.15429578876907
9316,29.738522257521318
9359,31.682158869906093
9360,45.450329667737336
9361,48.85312483001081
9362,33.98071511183826
9363,24.635923467876566
9364,29.658191849043686
9365,40.62146257149405
9366,62.04517120864321
9367,61.752291935912794
9368,29.06995213997019
9369,31.24097345446951
9370,42.66614344841123
9371,29.440317553938346
9372,48.88390453821773
9373,43.97749475827139
9374,46.24588737875083
9375,46.311962076325344
9376,29.5049471463719
9377,51.021856086075395
9378,58.09569550320028
9379,44.5170856839512
9380,26.267410219394083
9381,34.758531720371174
9382,32.63409821317401
9383,34.96913197741741
9384,34.112209834893655
9385,34.71884139112367
9386,32.209795566736766
9387,32.482265390543205
9388,36.43894112621636
9389,36.839000510685956
9390,45.27345666551253
9391,48.4057568535683
9392,30.21021718560196
9393,15.759343758909731
9394,31.90151866549185
9395,30.10225850026559
9396,36.46777898990892
9397,33.3892879869871
9398,34.90922764844723
9399,43.6004073398874
9400,43.630710157950766
9401,42.612653934555446
9402,38.11937265651806
9403,35.428409039968635
9502,29.504683591550247
9503,16.689168159268938
9504,30.429231440592737
9505,31.053842765302086
9506,31.265358371242453
9507,32.167941021638924
9508,39.98717010201876
9509,28.75736741105039
9510,32.52551257619663
9511,33.74037994162057
9512,39.96933331925249
9513,38.932289608308125
9514,39.99965401372343
9515,33.62579516668252
9516,30.768309732586033
9517,47.70674827953513
9518,50.46081265820696
9519,34.63957963599228
9520,40.65953846668783
9521,34.53318465960073
9522,40.06853769881501
9543,58.70478309718348
9544,58.15653717759592
9545,56.07514403842389
9546,66.95014289447958
9547,57.378807648204784
9548,59.68535403565908
9549,69.77827641893627
9550,55.961109420389874
9551,56.10237114957061
9552,65.3627695026869
9553,74.23845889809492
9554,60.06818668641965
9724,30.39362404592378
9725,20.403030425249906
9726,32.71521289308938
9727,31.058786200850783
9728,28.09905336596445
9729,30.650534830545983
9730,34.04174722056815
9731,26.055753779922668
9732,43.52889027994105
9733,44.77473864175574
9734,47.32378269969869
9735,50.67703929927908
9778,27.197909568382265
9779,30.946306015512977
9780,42.02086751193401
9781,32.608400848410376
9826,40.08433866196444
9827,39.06436075972569
9828,34.16357076605819
9829,36.62700660107554
9830,40.2841669347664
9831,41.427680072749396
9832,33.167628501213414
9833,51.66403419475441
9834,46.505947945330675
9835,42.95751603142386
9836,44.420854391615705
9837,44.041365886579825
9850,31.376910668705193
9851,35.34763368628055
9852,60.9305633145168
9853,51.719333018568456
9854,46.223123093394555
9855,40.36072975725445
9856,59.38516913448254
9857,59.491295533008085
9858,58.253675455133646
9859,32.44206242639191
9860,35.845075805469016
9861,35.011651789099275
9862,40.25623628107494
9863,34.17773921423196
9945,31.827386941310444
9946,58.95391388064739
9947,36.70621637997875
9948,55.00470201382159
9949,35.0852585286209
9950,43.99321465446246
9951,63.48706052833871
9952,54.98552087087609
9953,46.19782873331393
9954,49.02701477596763
9955,59.13927187022324
10058,7.41673984256579
10059,25.588921215414718
10060,20.792562108814142
10061,19.349799196133866
10062,36.30495951819581
10063,32.497700964451305
10064,31.94293709848056
10065,35.83158808486994
10066,47.03941148920181
10067,38.372487128958255
10068,42.798605591919916
10069,47.003303502332436
10070,48.1374258355268
10071,36.31282596573179
10072,39.29110837938964
10073,43.410917174203625
10074,55.15949010917758
10145,20.508788473548275
10146,29.027971779478413
10147,35.2397847528033
10148,32.21573064531026
10149,35.96232563173611
10186,43.032736478596426
10187,30.13856969677845
10188,51.79055234061762
10189,46.54902965808133
10190,33.44863899985874
10191,49.91474183476565
10192,52.601249577221445
10193,53.81857433021606
10194,49.77211768484883
10206,28.775898465758914
10207,29.407170752448817
10208,36.655902711911985
10209,34.55328774721808
10210,35.838710209722485
10211,41.34009051274964
10212,35.2677243908976
10213,43.32771345363921
10214,50.10922205469623
10215,45.767225657240814
10239,31.994446680955413
10240,31.498861262105383
10241,38.534985944041914
10242,35.80484437376532
10271,17.346693742437846
10272,11.297978213654192
10273,18.01824834089945
10274,20.01373667228981
10275,15.07970621972211
10276,35.92159795731579
10277,39.44343410550508
10278,36.246048044836094
10279,56.39874684020791
10280,49.03478398170669
10281,55.91435757872396
10282,56.80073928159848
10283,8.439305616909339
10284,14.935090709324198
10285,20.612464485959983
10286,29.804938703751503
10310,39.79556010827541
10311,31.966826864488105
10312,37.81634061091223
10313,29.418548400595057
10314,38.7429097554327
10315,46.942074803481304
10316,46.76004945520497
10317,36.06425832388952
10318,44.624777562193984
10319,48.81301538983963
10320,57.15829539305401
10321,48.07847053070035
10322,23.250450390237354
10323,34.859406654401845
10324,39.08778990396098
10325,38.61058236609899
10326,41.99766972024462
10327,32.997043199669434
10328,29.038584563985545
10329,50.769358332131134
10330,41.10372397806888
10331,43.59082332133317
10332,38.77390513746943
10333,39.885680469749886
10334,54.953728652196176
10335,40.622741244885255
10413,22.658869619067538
10414,40.686319682953744
10415,35.738740743213526
10416,54.01406098276081
10477,28.483299858022573
10478,26.765412574590275
10479,31.206566902488643
10480,33.43279353206012
10481,46.350945378877555
10545,16.287035699210833
10546,30.637890993453247
10547,34.08410550988352
10548,32.182061764657966
10549,31.750850689086672
10550,36.557812987193614
10551,36.619717378052506
10552,50.36696296435888
10553,45.96084603983551
10554,35.65114097415644
10555,45.07236801173314
10556,51.330347722986595
10634,42.219900478321094
10635,31.39540612012032
10636,50.19222712021062
10637,49.022664737784176
10638,41.492158556793555
10639,43.95900378614718
10640,51.01877603051871
10641,48.15695828999659
10677,22.43400757077707
10678,19.771648127616608
10679,24.00414100443223
10680,29.35622206726094
10681,30.872101691298436
10682,42.74135483430692
10683,29.60982714611115
10684,43.47896826874302
10685,38.79422523162197
10686,48.93017440614612
10687,32.056703660763326
10688,42.59873511790051
10689,37.39674915935506
10690,46.029134564228684
10691,54.67186917846972
10692,48.40184594429846
10699,20.242133456146313
10700,32.73070163200378
10701,50.38892884999605
10702,38.978043926374
10703,37.38706108977019
10704,41.43306258902642
10705,43.0077797627359
10706,58.270992023054234
10707,52.384042520792825
10708,45.989545156159906
10709,53.89436301762145
10710,48.6752423801669
10772,25.534139390111108
10773,32.36647818469381
10774,43.4035662652692
10775,49.00106884014273
10776,40.523155401405454
10777,38.74320939763013
10778,37.78370978921573
10779,54.75577535640479
10780,50.77598543633908
10781,62.41982782442715
10782,49.250134604027714
10783,64.57408624226606
10793,10.281964780851405
10794,15.587483691006664
10795,22.234018869993783
10796,23.510057488820685
10797,31.090232311202165
10824,50.11089905205542
10825,39.274140408817104
10826,36.56287173117362
10827,36.68302846010582
10828,48.8314923771334
10829,53.44012914408045
10830,58.98024361911762
10883,7.877331925766502
10884,18.239192496749116
10885,14.454862837026788
10886,18.920391013752162
10934,29.84605432191139
10935,27.77006541722027
10936,20.96289934241491
10937,28.864289229042605
10938,35.117315515699936
10939,39.12164295101104
10940,37.91738746772807
10941,38.37653566444788
10942,41.68070803830515
10943,37.107657595546655
10944,34.24931976722737
10945,51.417975404392166
11128,20.959899320639412
11129,29.979051142764533
11130,38.345784035671436
11131,36.37384858821138
11132,41.506692154946265
11133,37.67564313278832
11134,48.62125628959818
11135,52.327688211502156
11136,55.22820791770518
11137,53.93492103566356
11138,40.92265372225103
11139,47.51940960492393
11189,32.23945410310729
11190,45.66802076867707
11191,34.17887140122561
11192,42.26898063265178
11193,43.48544535806994
11194,43.621877263665866
11195,45.24064457568533
11196,48.0398996153169
11197,47.149486200763185
11198,45.488581108535314
11199,45.48133803597533
11200,55.91311472001555
11236,11.15730829591956
11237,7.772334895675866
11238,17.537061361846135
11239,18.059348366788946
11240,17.248821794117887
11261,9.746562113028691
11262,9.5021399535855
11263,14.147477637960831
11264,30.289938961268465
11361,46.10966824595223
11362,46.38256356069782
11363,51.11363827742324
11364,43.22615451176829
11412,4.706520573505355
11413,19.381210617054826
11414,18.335757201742677
11415,16.520052674400727
11416,23.626579154242776
11417,31.450317885738034
11418,31.012844832069003
11419,29.475780985983224
11420,39.353778809355745
11421,44.729501266692175
11422,55.69273507575616
11423,55.857196107126
11424,10.23520621108671
11425,15.076360842751438
11426,15.458981578840373
11427,20.424667400013924
11428,29.387229215850496
11429,37.61398407979428
11430,44.29513361907854
11431,47.20186261252615
11432,46.6640401026184
11466,16.204777990724754
11467,15.470887413062064
11468,21.997543586875615
11469,20.347928109622117
11470,33.543911414949626
11471,29.22394402749292
11472,31.728562088568538
11473,38.85074766754608
11474,37.20958164617507
11475,45.04926418730611
11476,44.05702986091134
11494,28.578110657460876
11495,35.52332458293947
11496,39.845730802237654
11497,34.878641495252865
11539,31.058702298912234
11540,32.17272095354684
11541,40.40642078284347
11542,32.64255446498375
11543,38.350023624081906
11641,6.11620628571001
11642,9.577303940277769
11643,5.233970314883716
11644,13.587644048040355
11645,15.230288240754577
11646,14.97986524967839
11647,14.168074316275431
11648,15.143768603126885
11649,16.55780970048913
11650,18.025954281191645
11651,26.75614472039959
11652,22.018654521610394
11757,40.48147156745357
11758,10.68355630260168
11759,40.93507181171599
11760,25.003456702106874
11761,41.64894941861404
11762,50.51440752158772
11763,51.41152161404054
11814,45.991832194532535
11815,35.74245618645906
11816,37.56831712863743
11817,45.70635435414729
11818,56.240353278953435
11819,38.0009413596258
11820,28.655243449603486
11821,35.76041070234767
11822,46.593483787297934
11823,47.66069912063264
11833,2.1534889067831235
11834,3.434709068736125
11835,4.497045771344553
11836,6.940365706627371
11837,11.079536134001915
11838,10.21799118331804
11839,16.232953930898347
11840,16.199311058067163
11841,17.429246316812552
11842,18.40989412872967
11843,22.817179357334826
11844,45.014202501205915
11995,4.19119530188141
11996,5.076119333728912
11997,9.172498517941964
11998,9.05501424435578
12009,34.655536201251685
12010,22.079877000380364
12011,48.174648055246024
12012,44.739542735667875
12013,60.70849346812415
12014,48.75985661582048
12015,40.93354387820088
12016,37.83239742363894
12017,58.317942972562705
12018,42.10327601478538
12019,53.545411855831595
12020,51.835461106717595
12032,40.94365027048464
12033,41.402628786135054
12034,41.624222515060296
12035,44.23341549445361
12036,52.48870972604283
12047,26.50357386396404
12048,28.65075042519731
12049,29.539700330279725
12050,46.63396304189709
12051,50.20998311200276
12106,50.9760111731545
12107,51.45818966618985
12108,52.67418465694735
12109,54.68974856555579
12110,70.89359310679342
12111,60.83224997916019
12112,64.5156345445313
12113,69.24849735631845
12114,68.5170552355448
12115,68.92368352266267
12116,28.498392127330977
12117,40.45641873586119
12118,41.523646947658726
12119,37.43841992215108
12120,44.53880590736713
12121,47.728117910657716
12122,42.83452059992603
12123,43.33054109988451
12124,41.127739952991334
12125,50.211496764717786
12126,52.17446549811432
12127,52.437365001418236
12132,53.7564565910766
12133,45.229741935966814
12134,45.92174231874067
12135,55.82026241862186
12186,27.92438800728234
12187,26.630371338754834
12188,34.17827418502644
12189,26.657909620140472
12190,38.82936447016608
12191,43.6007559159511
12192,37.58465654118102
12193,36.04272161043085
12194,45.123234930809815
12195,41.66582909266289
12196,43.7317014482598
12197,42.87134119109542
12210,38.1309844449374
12211,22.645033898121593
12212,33.56112792234929
12213,36.864615497335954
12233,13.385222710143317
12234,15.637684354649833
12235,17.9805236122074
12236,22.02665421648608
12237,33.544337074895736
12238,35.09949771544524
12239,34.3160036473409
12240,37.05945636424014
12241,38.58146478024958
12242,41.234979899897596
12243,42.16294714161885
12244,46.34024441474764
12245,37.11086774987326
12246,59.336876487137495
12247,44.88088910802445
12248,40.79898916899624
12249,56.212756145441716
12250,58.35090006022607
12251,50.12293012638343
12252,59.280894268476246
12253,58.75010491983256
12254,56.21230171120988
12255,55.61981983835877
12256,61.69587171701894
12269,46.52916111724324
12270,44.799805332066974
12271,56.92182588990837
12272,58.109527894813546
12273,43.4978675103241
12274,51.378253898508625
12275,65.85516319026549
12276,54.16140435433985
12277,69.07202301328643
12278,58.06707263470688
12279,77.68039855655624
12280,63.73640889271129
12307,17.58293173613064
12308,15.961161004670222
12309,17.0850162816299
12310,29.056407550767023
12311,31.490417946769945
12312,36.70132542975833
12313,33.658289733098094
12314,47.82208411769384
12315,48.29040472687481
12316,46.03866461226051
12317,36.037967476035305
12318,43.60520451021123
12363,20.325353005532758
12364,16.906212294278088
12365,23.21241566635898
12366,28.01868664822689
12367,32.08436088623854
12391,38.789269189584864
12392,39.51375172509263
12393,43.91790908452745
12394,44.07611206648273
12395,47.00164268197645
12396,51.341333581676736
12397,45.98946252351578
12425,39.79023237113957
12426,44.74112000738439
12427,38.64675737723485
12428,51.95500594603846
12429,61.80900553069251
12430,59.9786283726981
12431,66.04545530443349
12432,58.0912598148503
12441,16.52494876064928
12442,28.856391809979463
12443,34.736587303934485
12444,28.64476487149098
12445,40.78555246951459
12446,29.44855077614039
12447,35.02514499602321
12448,38.313162743977195
12449,38.8155530617415
12450,43.528665625748054
12451,48.50218421304433
12452,67.63002187918904
12514,12.19158721498152
12515,14.448985511055376
12516,12.862884244882004
12517,16.900877366994795
12518,14.457717793293599
12519,51.32427907755849
12520,40.43159279064432
12521,36.84738148686039
12522,49.297269995972904
12523,51.685446449394554
12524,59.90326718072595
12525,51.81272420894179
12526,58.09425633116449
12527,52.41208437108915
12528,53.244852744113615
12667,27.90654207204642
12668,32.685437714089254
12669,44.246483060020054
12670,35.84599077238252
12671,53.9867674059621
12672,48.567822183741626
12673,47.117151756167104
12674,56.75453859143537
12675,51.11424527993592
12676,50.01528399458607
12677,60.360152199209296
12678,58.91806524516113
12711,37.05529788614549
12712,31.768206646416708
12713,35.385640537642495
12714,51.46126325503384
12715,50.684261190276544
12716,40.32840932390273
12717,31.350235387752797
12718,37.7685783381596
12719,35.13191912607592
12720,37.63398077449784
12721,38.61783953463278
12722,56.531081305142656
12723,49.16416173968739
12724,49.236838253976266
12725,59.33747335313822
12726,56.13887403284602
12727,48.41168131043701
12733,13.399649956030395
12734,14.384601271089355
12735,20.188035053416158
12736,17.083325373393674
12737,22.002247666589078
12738,19.235043061931428
12739,30.69600079305544
12740,43.45052370630365
12741,34.72284781906916
12754,34.15335050748448
12755,30.19520672526972
12756,32.95119346513146
12757,30.982917232167164
12777,6.51480250329686
12778,11.096917896666982
12779,12.685879468287329
12780,8.899611069189863
12781,20.174229402592818
12782,12.968441985760576
12783,19.81264494017394
12784,13.20194974756629
12785,34.4052414903055
12786,34.10827958199674
12800,35.295099923281434
12801,32.54011059990474
12802,43.559844084207
12803,53.390662534260684
12804,48.67771216345122
12805,40.05093446933496
12806,51.958854395016765
12807,50.42426992505447
12808,53.09534715730721
12809,54.17554342036872
12826,24.314692196317125
12827,11.639178337890375
12828,11.71541600938354
12829,20.946527812442447
12853,8.806961226169499
12854,15.605089512710002
12855,21.022062552334184
12856,21.02955200976817
12857,20.882457874876618
12858,43.291023307590685
12859,49.78376863487788
12860,49.35151458781232
12861,38.80945219257436
12862,59.72624594996096
12863,48.721027922653555
12864,48.292967455738555
12865,62.335747322942495
12866,51.47051502902735
12867,56.7000444737336
12868,65.08840221237378
12875,20.535432428291205
12876,20.79840298688546
12877,30.800117763004295
12878,40.67075164131298
12879,46.50779331689597
12880,45.738974525562696
12881,41.22519829659028
12882,53.63559050152119
12883,46.62459732010143
12884,67.46387635185208
12916,29.81364603039714
12917,33.325043676151914
12918,34.8059628732279
12919,39.62738261390656
12920,42.534683784522144
12933,15.524152286542213
12934,14.42735630078538
12935,15.357030875608995
12936,21.208083277142016
12937,27.828119403137578
12938,35.26004977350712
12939,38.692860525645564
12940,37.34018062453513
12941,40.80786928089526
12942,41.01046913492317
12943,40.48167350308746
13020,30.37714638532454
13021,31.15237170935317
13022,35.33773949381478
13023,44.667780796330206
13024,45.45636443320936
13025,57.75957582025894
13026,45.17063539780702
13027,46.13043267706683
13028,51.726053841985966
13029,54.774590104664696
13030,50.20138261496653
13031,46.018565934687736
13032,60.962497306348254
13033,49.68691462703278
13034,51.75932836571368
13039,8.09276848359165
13040,19.978980245051954
13041,27.14593342710028
13042,24.87136747942462
13043,19.944203593254418
13044,19.784752600694645
13065,13.221317797798525
13066,20.15460187688255
13067,20.78032958617744
13068,16.544137699719506
13069,20.95173517967831
13070,20.103333609458982
13071,36.629665616801596
13072,38.70085914756667
13073,35.067452454651296
13074,41.62360904246964
13075,38.407406524255336
13076,45.61115954510743
13077,15.63122482708143
13078,12.577924109422014
13079,14.335223828992838
13080,24.440756525148306
13081,30.914914784390092
13134,9.084148236892819
13135,15.12946442095766
13136,22.518136445031505
13137,29.06730503762804
13162,22.72980775592874
13163,25.011511169884848
13164,18.624645364355185
13165,23.11364852660197
13166,31.886765686457615
13167,47.89988063095714
13168,30.900848639880145
13169,44.048293478331885
13170,41.02059473933611
13171,53.05341744636923
13172,51.46903034898401
13173,44.3585811149171
13195,41.90521698160168
13196,33.9920534172631
13197,36.1650947537927
13198,33.76446547954945
13199,36.397033906704706
13200,42.32980030939367
13201,43.604345123660046
13202,43.24333728658678
13203,42.23245942345517
13204,44.01611720885015
13205,46.95922798317873
13206,53.13695470574742
13219,22.555879629478856
13220,12.851116570007575
13221,20.66558038267572
13222,32.399410211733084
13223,36.145106663224425
13224,37.47148968776791
13225,57.27661097391525
13226,48.8676009718319
13227,47.07295519786371
13252,29.472665990557935
13253,9.713586723442397
13254,8.276665307313866
13255,20.07587271954798
13256,40.76329693572899
13257,30.590655594664916
13258,44.38809002522764
13259,52.22155888792746
13260,48.60313444400055
13261,52.71634333190973
13262,60.32127847267277
13263,57.98922393618924
13294,38.27688557623173
13295,34.07140839057456
13296,44.71733764771276
13297,44.88715690725055
13298,49.66610117641765
13299,48.12146090268522
13300,39.524955014889194
13301,44.34780672320903
13302,49.494777952910106
13303,60.996482658209416
13304,50.93858806939695
13305,57.60339913242597
13332,46.83961108219801
13333,40.039323127715505
13334,42.43898985907782
13335,52.08405852789464
13336,36.403853914901184
13337,45.04497091217073
13338,49.09423700379397
13339,48.692708439232156
13340,53.02569432706245
13341,55.624617606204026
13342,63.453517060277974
13343,52.566258036945605
13344,3.837180968498947
13345,4.70765753252983
13346,6.739597184787264
13347,15.301512109987753
13348,18.027264581504554
13349,18.965057004428502
13507,8.06990788813182
13508,14.866044858038993
13509,27.58390705782081
13510,32.86883471417254
13564,53.76567288988053
13565,37.63885390594038
13566,40.99548372355915
13567,55.9560539266323
13568,35.68383286599432
13569,45.93745773735875
13570,43.9079695126392
13571,60.40014566171354
13572,66.51849914031087
13573,49.98330811198723
13574,51.80228246390167
13575,59.60598303664585
13674,16.812663979466077
13675,9.388799387734489
13676,17.46437103539216
13677,17.00161483323834
13720,15.850398984884885
13721,8.196288398313882
13722,20.584116445842408
13723,12.628807530103607
13724,7.399870242969507
13725,21.1634249509604
13726,22.624707289055106
13727,46.319256400629165
13728,46.07743194424441
13729,29.061539847533282
13730,30.042242212001142
13731,44.25786368972227
13732,47.29208693585034
13750,31.558884764782405
13751,37.43645843996284
13752,33.2594053424488
13753,33.488252914083716
13754,49.14809639032349
13755,42.00201138600101
13756,39.1703418063227
13757,38.28430440553698
13758,60.60834511796906
13759,54.86141126765165
13760,51.29025404798354
13761,52.589146008985935
13867,22.19343323761707
13868,29.97529196252582
13869,34.21740052869967
13870,36.52042255409733
13871,42.636283464741076
13872,48.26309845427975
13873,54.54438939695774
13874,37.94020405171046
13875,50.1419429370607
13876,39.860153185461236
13877,60.711546217908
13878,55.559823659413006
13896,36.99319952165484
13897,34.1692458140222
13898,49.51741926635352
13899,44.118561286883384
13918,19.43015839443481
13919,29.788816582602593
13920,49.34559995257734
13921,51.6986598603478
13922,40.904121801444525
13923,35.50436763563895
13924,36.93511563570213
13925,39.32445527862026
13926,39.16583922984856
13927,52.60915536175438
13928,56.03809404064262
13929,60.99948620764499
13946,12.620883811035918
13947,24.500046655246592
13948,16.75214502062138
13949,20.164088481800665
13950,20.080526639252643
13951,35.69212792558965
13952,37.23389780693224
14097,18.2660260358293
14098,14.002616027388937
14099,31.265380996214343
14100,31.302908994405673
14219,27.440174066270835
14220,23.680833890038
14221,36.32044236428824
14222,36.04021458673149
14325,44.41322912973938
14326,47.58581665191261
14327,47.1327096707239
14328,48.22791078038941
14329,53.39891881202166
14330,47.262768703803225
14331,61.01034568094302
14332,57.06145146033822
14333,45.72770357898722
14384,12.310909963495735
14385,16.5088542515004
14386,17.547944185126294
14387,16.744180960819612
14388,22.205271339624847
14389,33.57929700465279
14390,37.09848657162988
14391,38.183122103414355
14392,37.94394207479955
14393,38.639402108441786
14394,55.75556093141196
14395,38.66739877392981
14396,25.795778344772074
14397,42.382015076669866
14398,47.07654292105835
14399,49.355675429786984
14400,8.641613491970642
14401,12.107709841457165
14402,14.680719222020638
14403,14.758713423052113
14404,18.41982830733804
14405,19.911381491032014
14406,15.478894104272564
14407,31.372475220519018
14408,46.69221187429687
14409,43.050588748589554
14410,40.15479203886828
14468,18.579188982986306
14469,32.84882740635216
14470,36.09541871757996
14471,36.849204164117154
14472,41.68045467145503
14473,33.51870132451552
14474,33.558630631965755
14475,54.07094893257265
14476,44.999602294897194
14477,54.34303656666562
14478,47.29643160869416
14479,42.5644492469769
14498,3.7300351321901744
14499,3.950687549317177
14500,4.399173013581402
14501,7.855054022822585
14502,11.917905914514632
14503,10.70803053014602
14504,13.211742877560692
14505,15.050234412547606
14506,19.756085058002704
14507,12.354953335678124
14508,20.59019818066919
14509,16.281401659269747
14510,15.273943061550144
14511,16.532697249518797
14512,21.468141558974946
14513,16.42766904511939
14514,10.359494227298248
14515,22.349563909605006
14516,29.381989651778728
14517,40.0998900027264
14518,32.26599966669016
14519,31.615483973733706
14520,35.189650044119006
14521,34.88199095643386
14535,11.271499890899275
14536,10.93251950679709
14537,16.05205626537782
14538,20.87678145350796
14539,35.48922870393335
14540,29.483993899323078
14541,33.51025352226237
14542,46.024116921007554
14543,45.953253369050394
14544,32.299520257938084
14545,34.25111865163978
14546,42.17918799831276
14547,4.146383564215298
14548,42.32836554193839
14549,29.359019730559606
14550,35.53027696873331
14551,35.05922801076816
14552,43.38417456054642
14553,46.76671872982995
14554,57.830017772380984
14555,52.6744468448336
14556,61.20421028280483
14557,54.58404233325682
14558,62.66574715125142
14563,50.245485678622714
14564,55.60025630425519
14565,38.584830199505646
14566,54.54054629450197
14567,58.08012945886402
14568,61.63245339481201
14591,3.245902659696977
14592,21.074024468564016
14593,33.44376324191044
14594,45.65301023503133
14602,39.59817257960755
14603,47.746584446487574
14604,48.19383506867248
14605,41.44097095197014
14639,14.797634855889246
14640,14.382547438642696
14641,6.704632225420637
14642,28.29273769642848
14663,2.899245833984599
14664,20.100646770699008
14665,27.00591879880436
14666,13.282253654566853
14667,31.475952382813745
14668,33.46569522310512
14669,45.52141350109197
14670,39.52458562164318
14671,45.26576566661418
14672,47.180608662162
14673,42.365243631452024
14674,53.506766402460315
14675,59.25860010790845
14676,37.685490063752596
14677,40.33022016632911
14678,55.84780737926976
14679,45.963956428842906
14680,44.721247738583955
14681,53.47951902628969
14682,44.915183574886434
14694,43.70472155597162
14695,38.84461908780029
14696,38.640386271698404
14697,45.02590568843185
14794,27.49958577045632
14795,28.165003921793694
14796,41.73963407552267
14797,30.93654101315695
14831,4.596310154340266
14832,4.898095232148929
14833,11.71921520679753
14834,11.118786304587795
14835,13.396946304317575
14836,16.80405330520935
14837,19.655514468682824
14838,27.829469540619698
14839,35.05459674762014
14861,43.22937064142328
14862,33.02110575054766
14863,33.391665322373655
14864,33.05761784380274
14865,41.77251730542092
14866,35.968330875653045
14867,32.568697418496235
14868,39.72319941663231
14869,52.22691632299431
14870,38.692591155709636
14871,50.47025858850427
14872,49.237466088248425
14873,34.14122593780896
14874,47.60503830165485
14875,48.010065455343785
14876,45.93385208801175
14877,13.144716341298087
14878,14.42969136566562
14879,18.11091130198245
14880,17.559634970451373
14881,14.924897847281075
14882,21.689981958034597
14977,3.9503895616424867
14978,10.882864541441977
14979,8.435688382318684
14980,9.424160860510911
14981,18.7155351976576
14982,13.441977152252699
14983,12.660753323505944
14984,17.064571268383265
14985,20.87852910608064
14986,21.452905023764217
14987,37.16720395548516
14988,37.86652752705447
15001,38.673385716878926
15002,35.39864613187457
15003,51.73782181135143
15004,48.79359070855698
15005,49.69363948987519
15006,51.20189209140629
15007,48.64655306548629
15008,57.30463942789232
15009,40.30624726168855
15010,58.77618357452492
15011,35.9513111559692
15012,18.29587695081504
15013,36.845635864755
15014,37.23778030284487
15015,36.25090014795767
15016,48.74795668330286
15017,58.13884615297137
15018,46.28888977299462
15019,54.50605985885118
15020,56.124548018017855
15021,59.69029010702386
15022,52.67401255758983
15039,29.22799987951184
15040,33.47083993611571
15041,35.83360576332947
15042,32.23270198462072
15043,37.8798811487362
15044,39.49105126631813
15045,45.443340924338955
15120,51.73209140473443
15121,52.63182035948552
15122,62.07483163412373
15123,43.563313782213584
15136,28.33831738446108
15137,45.68558162814934
15138,35.09355551377104
15139,30.80151244703554
15140,37.50632251701915
15141,42.22501813145716
15186,12.971166718384131
15187,14.17881150436278
15188,9.341421453663513
15189,23.52268940533884
15190,21.094737810724144
15191,18.06972734069143
15192,33.310335041949365
15193,31.896707374438698
15194,40.920824047366736
15216,35.88644772483493
15217,33.681724939449715
15218,49.64796461150332
15219,54.90542607461797
15220,33.05028148035871
15221,40.454974419241466
15222,50.70860417071084
15223,34.40484593196103
15224,36.18801885222071
15225,44.722073013457994
15226,38.48428548524324
15227,34.927221965212695
15228,37.79956951304742
15229,28.48956137374011
15230,40.22479502323716
15231,37.15995797992105
15232,13.875230241241042
15233,30.67539945899011
15234,43.5931069714379
15235,35.14816743281902
15236,39.98183611823479
15237,28.960523660812896
15238,40.985049713239704
15239,54.102408228553514
15240,55.06332834001127
15241,59.8143422662265
15242,53.925946614306575
15243,51.86966912057803
15260,26.699627625974742
15261,27.513934861074734
15262,35.90542476854459
15263,29.520871238256298
15264,46.98134448710106
15265,49.08094162576803
15266,40.20544826463393
15267,46.77598714076473
15268,38.463164533912
15269,42.39811965376853
15270,53.92626954178805
15271,44.85015680101888
15281,11.337818385897409
15282,23.16587190503229
15283,19.042043878782717
15284,30.858092566009063
15285,32.20948193076079
15286,29.661298445823597
15287,35.26281042712292
15288,44.40452352563818
15289,31.621548018963566
15290,32.86700956397515
15291,46.71382904627967
15292,43.664559386236476
15574,32.22511260221245
15575,40.72202726716279
15576,21.861542135541043
15577,32.438752211023925
15578,38.77197863463171
15579,34.71608604068466
15580,43.659124814507386
15581,42.1810953335752
15582,47.69743256591742
15583,45.36837614090252
15584,45.85008972629673
15585,49.188973313636474
15606,16.542718937088527
15607,31.8154298681024
15608,34.196441106254234
15609,42.0721067298242
15654,13.020464658988512
15655,13.041822622042657
15656,17.310108080260278
15657,13.027719949080092
15711,44.49216875274499
15712,37.36278087564931
15713,32.11588664245221
15714,38.681293589684486
15715,45.65016689054762
15716,43.22501434933723
15717,34.39000439676222
15718,43.91851612609183
15719,41.68106100629281
15720,48.32872904569928
15721,12.274046873285588
15722,21.36634249019457
15723,18.757819363046547
15724,26.085508678637765
15725,44.491571056695705
15726,68.80972848069005
15727,69.55145303454505
15728,70.5204175722541
15729,66.59580903934238
15730,68.39716297204153
15731,74.84128275960427
15732,65.90309373071473
15733,66.57011039607231
15734,82.28089332638962
15735,82.31936456259763
15736,74.47172967810643
15737,76.6979331322573
15762,31.44687226183472
15763,44.48480045015752
15764,43.212620011360286
15765,33.27442778293475
15766,42.73588532612348
15767,57.7617651069283
15768,41.47367455873483
15769,43.585074367183815
15791,36.69591397044179
15792,41.69021133308286
15793,36.26870221880064
15794,38.47039119909965
15795,53.4105824737811
15796,43.66236887173239
15797,56.826923147607424
15798,49.326691655170734
15799,58.00721924692518
15800,47.51393922039856
15801,55.15968659916262
15802,60.46891393349339
15815,23.17684324089477
15816,21.644072344526332
15817,14.033761116675166
15818,31.75160583807989
15819,37.58706000276674
15820,37.52008829782513
15821,35.18249929682296
15822,38.141490716702144
15823,45.26738814891869
15824,37.761348358488675
15825,50.19601290813348
15826,44.141138658558546
15882,5.626243279693695
15883,10.77487962844198
15884,15.34580448461273
15885,17.84225363931614
15943,49.911209852620175
15944,41.41452903138938
15945,42.52404532737672
15946,36.72786480446519
15947,56.66867932104458
15948,3.068592881423391
15949,3.430806994640129
15950,7.1923841740956895
15951,12.678409502386195
15952,14.049238613217877
15953,13.944975854783928
15954,15.961957718710574
15955,17.11554230513777
15956,15.879645720966376
15957,16.494370348171756
15958,18.38658658072977
15959,19.010368752718854
15960,35.345274792368876
15961,28.768730628784162
15962,30.806535192297442
15963,37.26364996418505
15964,43.847119293680265
15965,36.950229387700865
15966,40.06153005744757
15967,42.681345196251435
15968,39.66217930292143
15969,49.497800299585094
15970,53.09325565837598
15971,4.045802677989459
15972,5.579927442922649
15973,8.100896196584658
15974,13.075203172885868
15975,16.29621327991585
15976,14.748042867185106
15977,21.118910052131024
15978,21.18763106231884
15979,22.126969264725982
15980,21.645548974485347
15981,35.74488287668114
15982,36.72593527707393
16004,39.12616265815056
16005,30.901840549647098
16006,36.641454400410844
16007,44.82548659542114
16008,43.692529277093534
16009,37.95489789518765
16010,37.86259063742582
16011,46.12300453472152
16012,49.5498241346342
16013,50.45514981781803
16018,12.58385604564685
16019,17.29872082444264
16020,19.169310356182052
16021,35.18284637278496
16061,57.509014510861924
16062,59.84016316964622
16063,62.94306359219207
16064,58.25647573078633
16065,67.9272191265074
16066,64.31275403850725
16067,65.37380858770628
16068,68.97012354762724
16069,65.48081197274527
16070,65.5794466153206
16071,69.59521596363687
16072,70.44713023319947
16073,13.701787690598785
16074,9.2530616997012
16075,14.455807621187454
16076,9.832143544875592
16133,14.053987462915176
16134,12.094772092540872
16135,5.804266225155774
16136,10.796921597043882
16137,19.5563398432409
16150,42.29123025296871
16151,43.80218798716919
16152,44.331276546876445
16153,38.6816925217261
16154,49.05691639655866
16155,41.48956331357196
16156,56.57598006811378
16157,45.13021619898086
16158,57.62688949902849
16159,56.19748250691338
16222,32.751878541967386
16223,42.169385333577104
16224,32.51274232998284
16225,38.99627540941884
16234,38.05751322297557
16235,43.87225618716857
16236,35.091721629168646
16237,41.42448187552822
16238,55.711260649993044
16239,46.73173049090417
16240,53.10544156287759
16246,24.51656448691894
16247,34.91769140856056
16248,30.18892572885887
16249,38.56531637541499
16250,41.04386011041819
16271,47.9272502748545
16272,38.69186325193068
16273,57.084147334887874
16274,46.67656664315317
16275,49.67754322953598
16276,54.160314642478305
16277,56.65761781497243
16278,59.2663837383141
16279,62.899618712341805
16280,50.769564963791936
16281,64.988108614483
16282,68.23796186998868
16354,37.46343627747664
16355,40.30885006493016
16356,40.722023366817865
16357,44.54316183578462
16358,51.78502861329063
16359,47.12655883955213
16360,18.91401303206164
16361,17.292198818192556
16362,21.39887376136925
16363,19.502509059853367
16364,33.41344973861761
16365,35.02062825833096
16366,32.759199830082636
16383,17.76196513676748
16384,25.492590113384463
16385,30.479377070690443
16386,28.82017875303181
16387,33.67537286053393
16388,36.61527368976963
16389,39.74657961828242
16390,30.03919208667212
16391,33.43583638378504
16392,42.55106764292024
16393,38.15198930878421
16394,55.271087159057124
16395,58.04224422992532
16396,38.09150257943944
16397,58.54722695445914
16398,58.91310675310268
16399,50.19226503202531
16484,20.37682906800406
16485,19.429047044805902
16486,21.604413244246604
16487,15.917873980638563
16488,17.990239961714
16489,31.121497686194584
16490,32.08663246740668
16503,5.18690220094495
16504,6.0704325400854575
16505,9.477563279637678
16506,10.96923995872656
16521,24.333526201604037
16522,15.429927479875458
16523,21.743162106753562
16524,14.540336939614496
16525,15.704561613084797
16526,18.66307568128494
16527,36.9085541653038
16528,41.29229675565295
16529,39.99101600538499
16530,36.734597619993515
16531,45.10299496068748
16532,47.24718914988294
16538,24.630010701483986
16539,20.997965696747663
16540,37.01823010712734
16541,37.444875953570644
16542,37.03103392002652
16543,40.05952921169801
16584,3.9219756751164416
16585,4.46894761574465
16586,6.566257485825386
16587,6.2401700269809295
16588,9.211753196232515
16589,14.93569558431589
16590,14.241618173494365
16591,19.219055130439127
16592,21.143091611200322
16630,32.6046067368576
16631,24.316126073469018
16632,31.571120676967155
16633,26.975544911544183
16634,36.79724256354809
16635,36.8940286719566
16636,37.417913193153616
16637,42.912797429794495
16638,51.08431120902975
16639,50.68953636585512
16640,42.15260719780152
16641,47.75789550772593
16676,36.43762444333607
16677,27.1249064835112
16678,44.467615624491245
16679,46.91593320956186
16680,57.31471125220454
16681,53.403819364759805
16682,54.07863252574457
16683,45.82084760969887
16684,49.99375843063531
16685,46.269425983470114
16686,66.10216772212226
16687,75.76090316355136
16712,47.31519609267642
16713,44.682620188320904
16714,46.83470396516379
16715,58.64754122450794
16716,42.79362560850842
16717,45.42971524119951
16718,63.67544184959171
16719,55.843335512780854
16720,53.66179465634583
16721,57.006990477353966
16722,69.6063118082553
16723,62.84155735664758
16743,49.56766563277823
16744,39.15504294191134
16745,44.91988821007275
16746,40.482355171977524
16839,17.0436241125313
16840,17.326256162538474
16841,17.16012975084245
16842,14.87865048822775
16843,19.36393784620492
16844,37.999572938469285
16845,36.992765416212535
16846,39.29016539228467
16847,40.40243372276453
16848,46.32627484183612
16849,50.909453128856256
16850,46.76018211217978
16855,41.902744485220225
16856,29.019093450093038
16857,39.64571427561094
16858,36.54836300028115
16859,48.70504400503767
16860,37.87797670492731
16861,52.929061006016305
16862,57.969461872394064
16863,60.030884837739144
16864,50.213594708068946
16865,57.9779560766128
16880,44.95897492376353
16881,37.44411045472333
16882,47.66746884181519
16883,45.999172248175306
16884,42.55207870036576
16885,42.128945898568034
17000,19.587251903701837
17001,32.25909269132295
17002,30.012622678034518
17003,33.837384526213
17004,28.999381831540752
17005,36.382587236664165
17006,49.172034845808206
17007,52.28027271996442
17008,39.010936177489484
17009,55.706751337075545
17010,64.25467127052652
17011,47.687474917250206
17072,36.516486462006014
17073,50.27174625908395
17074,57.159483038542206
17075,51.13087004088824
17076,42.82239051238395
17077,43.59948549871039
17078,40.74847870435568
17079,39.61472796938241
17162,9.048443276981038
17163,27.5826653288291
17164,18.94033388659292
17165,21.40927486537643
17166,30.42889801121261
17167,48.846920120018225
17168,39.12141164236799
17169,42.95689488556307
17236,16.529032089705332
17237,8.639495313758468
17238,12.812739093379347
17239,22.797761645703034
17240,13.628532657648483
17241,19.536477376583676
17242,22.734170264287197
17243,36.78885066707605
17244,28.65804879057716
17245,22.2333751449522
17246,32.61242892962743
17247,32.93827195020162
17248,30.667645509843
17249,39.372670769312826
17250,36.62962740365223
17251,36.60431389784955
17252,47.06826917899923
17253,42.42386968795456
17258,39.06093302725681
17259,39.76100091386307
17260,47.62307143104423
17261,50.193914898885005
17262,56.9826055235665
17300,26.893163571721047
17301,18.47356489871203
17302,39.025828439395525
17303,20.69074809165406
17304,30.998939991567298
17305,33.845447562570435
17306,32.625414877470234
17307,36.00610783614891
17308,43.50291036957662
17309,51.62009417294022
17310,54.025470690564624
17311,39.503401312827556
17324,19.943168682940126
17325,31.053624692582368
17326,32.42725075596674
17327,39.05199181719092
17328,38.74578636612296
17329,35.7586887882154
17330,37.229929139785305
17331,42.227250936923895
17332,52.61656679926493
17333,46.44747693974299
17334,47.61047545933114
17355,11.373053836158523
17356,12.474466892364987
17357,19.65756380418534
17358,15.031210009887028
17359,19.47794240325399
17360,28.890945245642712
17361,36.04738380302637
17362,38.49490363172529
17363,32.06004809074985
17364,35.92265437456113
17365,37.30704754907255
17366,35.164751294079416
17371,7.172475644335744
17372,19.267843859459227
17373,17.27725726578786
17374,20.719209841989123
17541,19.843661317213797
17542,14.334381406838801
17543,37.34688464688567
17544,38.59657584500749
17545,37.66903571328427
17546,39.31163556749316
17547,44.2423819167486
17548,29.158847125757326
17549,34.287275028974335
17550,47.80387660341007
17551,39.58616320656002
17552,33.329619479454045
17557,15.680785442438196
17558,31.91099763089588
17559,31.474519243261238
17560,36.22262417185864
17561,41.327841180836195
17562,39.44198517410063
17563,49.04581242626548
17564,46.446556690723504
17565,42.731920808243956
17566,40.69076419358931
17567,42.28316228357868
17568,37.54376216494323
17653,4.816361716642964
17654,11.581994212550592
17655,17.563761735764686
17656,18.734170430008522
17657,16.941086103259803
17658,19.70878204773538
17659,33.26372397476776
17660,29.78854938733853
17661,32.231426333609136
17662,32.30854586053688
17663,39.7359475537729
17664,56.626761741116546
17681,30.928343812812788
17682,31.70615413645542
17683,38.011251305793486
17684,36.26424404966504
17685,34.55052165371881
17722,10.58181631054932
17723,22.298547357026788
17724,19.381966342860416
17725,16.14855165983925
17726,32.869963341589155
17727,38.58014014777583
17728,41.792602211778764
17729,50.469456211504244
17730,37.33024083829768
17731,40.41424858776413
17732,34.89001907137741
17733,34.77349209629709
17765,6.212252467300237
17766,13.925535866610106
17767,8.83972667705602
17768,15.38270296604745
17769,22.081178476359632
17770,17.78685659753884
17771,29.428425075662293
17772,35.79696569866798
17773,29.892698140186678
17774,49.67113467163662
17775,31.956165972250545
17776,38.353946561123344
17797,29.750108250049887
17798,32.525113563030196
17799,27.383903637728704
17800,38.32959688258596
17847,28.268334478434813
17848,22.077636642394165
17849,34.20405997245832
17850,35.36613978968111
17851,34.23288382444041
17852,41.670812391201714
17853,42.84758156485811
17854,60.902519306082255
17855,58.3089942110586
17882,28.295748233516395
17883,25.16382848417512
17884,33.78164951541351
17885,33.03853108850734
17886,48.34937792463595
17936,8.711438405270833
17937,13.162968311001416
17938,21.205170488070063
17939,18.705952473250573
17940,23.8719121133755
17951,36.14032136053526
17952,45.9472581464746
17953,41.796386308073515
17954,45.075891378116516
17955,40.23127711705419
17956,52.11513853870099
17957,50.542927064868536
17958,54.707698005257754
17959,44.913819228640115
17960,45.520784970936056
17961,52.82126777007457
17987,31.37105521275203
17988,36.886344277406245
17989,33.90070578704423
17990,37.815179553181736
17991,46.79666763455531
17997,34.768354017402125
17998,40.89117074250878
17999,38.80854958522786
18000,48.89178355077851
18001,37.02651294125997
18002,47.207117955111684
18003,42.05506230603212
18004,63.86808254966668
18005,52.65793130876228
18006,48.688478856034855
18007,57.72298837962114
18008,62.86506163802473
18096,23.771785954220242
18097,22.356311501387786
18098,31.595619061723866
18099,32.943260610783064
18100,33.76661133932129
18101,35.55308302718431
18102,5.485510532168775
18103,6.547008586674547
18104,12.839027098138276
18105,8.04845190567107
18106,13.568988391990205
18107,11.65533415753477
18108,16.39478752369672
18109,16.488128895324543
18110,19.813452589801905
18111,15.769992407998636
18112,37.010440569017305
18113,36.37718443350889
18124,14.045552624434437
18125,21.9886853250501
18126,14.975929888761522
18127,26.99530434336267
18128,29.68486009502918
18129,35.30980671871273
18130,32.52238976503335
18131,35.77898203168083
18132,41.80075932328066
18133,53.46457828111787
18134,48.758637994450346
18135,50.373243512778245
18184,3.4465100100984545
18185,12.796998031130524
18186,8.166810165456234
18187,3.1775527874750598
18188,13.317730571488974
18189,11.218405310096896
18190,15.983941617425208
18191,27.56769784849739
18192,39.26206354968061
18193,35.18852341804683
18194,30.057761493524108
18195,45.33950399514833
18221,32.21723224674403
18222,33.65267620207035
18223,26.467311808814323
18224,43.393728542298454
18321,14.179536777190583
18322,14.571521553731559
18323,36.22000657292306
18324,22.633822809451136
18325,34.537477237320275
18326,29.525004993097816
18327,32.26807600540308
18328,36.22266794976294
18329,43.365570234719385
18330,33.3362891639145
18331,45.25607148502175
18332,36.1896160065993
18391,34.47930748246619
18392,34.279406815429816
18393,32.62113018437114
18394,29.88445258536068
18395,34.468246842878514
18396,42.62016802336092
18397,20.984923187700794
18398,30.710871727511247
18399,29.040604578859664
18400,30.43341411761627
18401,32.57880041453153
18402,42.722023368164315
18403,31.882719864212447
18404,46.21936931941842
18405,59.114804477380616
18406,37.76159388105706
18407,51.213960433746415
18408,56.714168283238315
18479,4.238333930510976
18480,4.938205573592947
18481,12.994498979655951
18482,11.656968464541333
18483,14.334913309160171
18484,13.949517210023995
18485,14.676117099741575
18486,22.12004950910996
18487,21.057366219608706
18488,23.29460631279746
18489,26.540473685974245
18490,27.158715603577257
18566,13.83749628874731
18567,19.939977093620524
18568,24.47232894826966
18569,28.483924224946026
18570,37.82802691655503
18571,35.8924817928075
18572,37.0609567981973
18573,35.708568584683995
18574,39.70549186032767
18575,35.88287469606752
18576,44.73377077908134
18577,38.103499887076985
18578,53.806381082515756
18579,53.07820501680103
18580,54.06741115044665
18581,56.158284187831704
18653,29.62676190447107
18654,39.67659275378074
18655,29.595335409581338
18656,50.92617600331617
18657,49.624724171921365
18658,61.11334369288648
18659,55.02587379956698
18660,59.41729954003053
18661,57.450176565243154
18662,58.501477088615246
18663,65.7705993654431
18664,61.646091186650295
18665,25.281503459038646
18666,31.86394586219515
18667,28.875277615688272
18668,32.40013506038183
18669,10.895017881989657
18670,11.384354616105796
18671,18.96881048306743
18672,14.769025522281376
18673,19.10318530077263
18674,18.304712839577064
18757,23.050706985111137
18758,30.7567637474111
18759,46.71804287599025
18760,34.92942371855724
18761,28.85018364250385
18780,19.85981373737276
18781,20.790125118678137
18782,30.690633365912525
18783,34.39431552866365
18816,13.198039359364232
18817,27.332291573131936
18818,18.161809501210982
18819,35.222180940688155
18841,47.19371956450466
18842,45.38541512244082
18843,43.3505198220927
18844,38.29366853999325
18845,52.989061099249206
18846,47.595778696363375
18873,30.71799683037998
18874,47.662678810616555
18875,42.33770804290809
18876,52.106844472039334
18947,30.767344750535194
18948,28.503772936712583
18949,36.7745755818679
18950,30.224727369675353
18951,31.57713610451327
18952,37.94438224025271
18953,31.001338816336652
18954,40.73148076907685
18955,41.43950147586285
18956,45.743642242269544
18957,46.76290249696531
18958,51.598273214218665
18979,34.56168613299077
18980,50.37027185323127
18981,38.03835756013723
18982,28.47162842877904
18983,38.547745456036985
18984,39.56802070738222
18985,39.029211483046154
18986,44.60161164777804
18987,53.422052489188516
18988,45.13915886609213
18989,47.63127200771544
18990,52.46304740382417
18991,12.727631323824136
18992,25.755592225878747
18993,24.08963422812866
18994,31.161787939286913
18995,31.0638091993012
18996,32.414042135102065
18997,23.488542521897976
18998,37.94534313711546
18999,47.553804956993865
19000,38.47556763438662
19001,36.72332127652728
19002,41.66802126650275
19003,46.15856177301048
19004,48.78774697809653
19005,47.32432796458005
19006,52.53791076740197
19007,51.80855094262223
19008,60.163051173500875
19105,7.528703398358715
19106,13.923652699596095
19107,7.727789686734996
19108,11.76274386802648
19109,16.820389872237513
19110,13.649687259583793
19111,20.85109362439186
19112,35.30701359318614
19113,34.361633470026
19114,37.09255724036354
19115,43.3146830625458
19116,31.89291555057477
19259,52.37906338589915
19260,48.36120018235235
19261,41.35781737226896
19262,49.740187480490206
19263,55.25293256256785
19264,57.595546091670066
19265,52.162878726312925
19266,60.3208402867871
19278,36.552285473481405
19279,35.94071563759052
19280,32.04300945704025
19281,43.31949547072861
19312,22.64485595933436
19313,29.83181933334811
19314,33.93362186915579
19315,31.20990540302933
19350,47.58759998823143
19351,49.84188979672093
19352,43.955444776617526
19353,44.28267301654392
19368,30.947081134062
19369,29.72742399039927
19370,32.678333936327164
19371,42.0510010246541
19372,40.36288232849511
19373,41.252194585946256
19374,42.71797642180629
19375,46.55167747934664
19376,46.138989647130565
19377,46.017797672861136
19378,44.06799677091312
19379,55.086932124595755
19397,20.45303508188453
19398,12.359693436641214
19399,15.20440795836301
19400,22.432783405609953
19430,20.977025113133077
19431,17.746157366485374
19432,19.833721075368512
19433,49.0853481163635
19434,47.5014935861215
19435,40.52805575600262
19436,33.99899522219793
19437,43.59097268501945
19438,34.83686895280779
19439,41.14233823232457
19440,37.64133780643029
19441,42.67150036386297
19454,20.71991175563621
19455,14.878496756961141
19456,29.835281928074746
19457,31.228594335875222
19458,38.39852775572013
19459,30.762656408873294
19460,46.05070689263978
19461,33.65076039986301
19462,37.53183785000233
19463,49.130679697782064
19501,37.44035917912804
19502,37.492736618668545
19503,32.538784028745695
19504,55.407420219060754
19505,42.390507839279934
19506,40.03250853287897
19507,53.75837057671399
19508,44.02890823522652
19509,46.99589924387763
19510,63.71554066448264
19511,60.62519659099382
19512,54.296601726416604
19566,3.774416202397102
19567,5.484064244844251
19568,8.535135206072772
19569,9.547148047423244
19570,14.627880168132492
19571,17.481869420858594
19572,18.123948214328298
19573,18.150398737722295
19574,15.998589645432132
19575,32.99627503537496
19576,33.903008512637584
19577,34.68321834371506
19590,11.896155023717185
19591,10.718275084649227
19592,11.261135253953315
19593,14.160750210388988
19687,19.18320645769833
19688,14.914327026657848
19689,21.684432259624998
19690,30.211101800195415
19691,36.293612185567916
19692,29.082368930402293
19693,36.594885311648255
19694,39.723820791580266
19695,41.20290228409623
19696,42.14329518934359
19697,48.88587101040759
19698,51.38586203072283
19759,45.583991854775235
19760,33.176123123533344
19761,28.457909922401225
19762,38.92637967540021
19775,52.360717585470844
19776,52.245961154946365
19777,50.66984217876886
19778,43.951140017096854
19914,11.89276672830425
19915,3.4986600097323706
19916,15.854538575378175
19917,21.310030322185078
19926,31.245929577509205
19927,29.432749070367574
19928,47.17372659134159
19929,40.02324532415226
19930,38.39673561142533
19931,39.017353053662475
19932,54.84044106851615
19933,50.727969863432726
19934,57.321172670452974
19935,52.47914561299797
19936,48.12157377096128
19937,47.000926802758066
20000,12.679935680548013
20001,33.9264423884313
20002,35.51562333341964
20003,42.927652737248785
20004,36.8414176573511
20005,44.244622911189886
20006,36.88538612094231
20007,47.36835957309392
20008,40.0886785502913
20009,53.13265333330084
20010,49.2844824590388
20011,43.49967806471437
20012,6.859483396722559
20013,3.6316930300539414
20014,16.920230508052274
20015,14.31917863706783
20016,16.844577986153357
20017,20.625960840552757
20018,17.940649613620515
20019,34.00900422756638
20020,36.40802599198376
20021,37.38632115837723
20068,21.54703405196899
20069,31.311613418829133
20070,30.89799677268598
20071,38.577849474743296
20072,43.21460436259578
20073,32.33418258498752
20095,16.54691855331063
20096,16.869031612611362
20097,34.03915099426518
20098,20.043463207087587
20147,43.3260848956984
20148,52.91489159170841
20149,42.612307517675674
20150,41.36835037674153
20151,49.200814963741074
20164,29.143715406703674
20165,17.9519820977845
20166,19.64769486143473
20167,33.32420765986392
20168,30.88373086887869
20169,30.4165836004475
20170,30.703680029885707
20171,43.15427715210304
20172,37.40571939722554
20173,39.13647628131519
20174,47.984924271167266
20175,46.227971326407975
20245,14.776621593218952
20246,16.161402378226967
20247,19.528151086556797
20248,20.133073318522595
20249,17.264596955353632
20250,17.29902813792554
20251,20.62526200932925
20252,19.2024227798642
20253,21.386407281618364
20254,22.426138338415235
20255,21.307185656250432
20256,17.441060250375685
20285,21.77229203637251
20286,21.763505808220845
20287,9.71702707382742
20288,38.33822518454747
20289,34.01563833735369
20310,14.379776563143572
20311,16.456226921881733
20312,19.120439258694482
20313,15.937893958695096
20343,8.852588539215146
20344,8.630693313857224
20345,8.112781274206286
20346,12.447701096656395
20437,3.991754779740762
20438,4.076038598215849
20439,5.743446055411291
20440,5.081864856151968
20441,12.40522499537669
20442,15.645490102366077
20447,4.549266704171601
20448,6.2265419919723675
20449,10.312386237733627
20450,13.349206120718696
20507,15.866600700520674
20508,13.292744003777658
20509,14.69331568889521
20510,13.072593972334372
20557,34.046654024755135
20558,14.935051906352456
20559,19.42437215278405
20560,38.434053701238035
20561,38.72286433391444
20562,48.621230986489444
20563,50.16208442724709
20611,43.75367237571038
20612,38.81814125937387
20613,33.97401967831318
20614,37.19401734141859
20615,41.32622625169133
20616,35.79692347266848
20738,21.525316409000848
20739,28.22280663465437
20740,34.036909343255196
20741,29.389493825006472
20762,20.385254986222613
20763,29.845381362908718
20764,27.733662438737866
20765,16.871871475510115
20766,28.42001953182315
20767,29.50327790521679
20768,34.52431666902937
20769,45.55648267532311
20770,29.091149172462767
20771,30.439039361935865
20772,40.97802195483903
20773,44.28308466228266
20790,46.420676896128164
20791,53.68025752425114
20792,59.260383179184835
20793,54.604402392180006
20888,3.325970763830124
20889,20.51403191469346
20890,23.63153678913724
20891,13.560231809082085
20892,45.496662062085626
20893,42.73207993685323
20894,50.38677928598405
20895,46.03930780201292
20900,14.836490706000454
20901,13.68536493024426
20902,23.262869873142968
20903,35.87383238703784
20904,35.33164719259899
20905,36.68238459713258
20906,52.439248904105334
20907,34.269380755831314
20908,41.66459758694751
20909,39.545801757579426
20953,15.346276995356572
20954,11.417338149415636
20955,19.03696795254206
20956,21.742740777994996
20957,29.644835822410695
20982,26.84853369866349
20983,41.63727235372592
20984,36.85247939934955
20985,40.97290559171748
20990,19.76352073097553
20991,31.06347217811031
20992,31.611509292137423
20993,32.64326658172182
20999,51.116491841503034
21000,43.14666101848845
21001,39.131147008615976
21002,51.15665189573865
21007,22.19405818845662
21008,24.754108641113387
21009,30.987890680570263
21010,35.01800814138884
21047,35.6995634405621
21048,26.853814777861736
21049,32.86594259779302
21050,44.90008091997874
21051,39.93565251691231
21052,35.71129995129047
21053,42.086345418780546
21054,8.554994029371407
21055,11.268350429201616
21056,12.379941128617018
21057,13.77044989625283
21058,19.504546395209367
21059,18.493300331835272
21060,21.423857114529994
21061,19.728362645376407
21089,43.121974317454125
21090,46.52886536381583
21091,51.371517432526204
21092,55.016293752350215
21093,50.02958279016716
21094,64.29830385906143
21095,58.60441356943586
21122,11.545374209289418
21123,28.05471575849006
21124,23.312284246846644
21125,8.077429098237548
21126,8.733761375616137
21127,33.07418215000479
21128,34.35654543296686
21129,34.9885678243367
21130,37.36898849210462
21131,38.1957321478872
21132,45.32251614053504
21133,36.83445381577019
21189,26.495172979785412
21190,21.213381993808476
21191,21.40936285530405
21192,43.348110014853404
21193,37.52227305450363
21194,46.43471139554083
21195,50.010282626277906
21196,50.036575450046286
21197,44.396423035312814
21198,52.58769073865271
21199,53.0537767179547
21200,43.803011266412184
21234,19.48012023372109
21235,34.16713842066243
21236,33.53933246917097
21237,40.7538592039462
21238,38.72768540404754
21239,38.88621605254312
21240,36.6965740278431
21241,46.90673020863284
21242,47.99887761986703
21243,55.139609990994835
21244,55.54484368193238
21245,48.01891218683314
21246,32.25068000925174
21247,26.443610542635653
21248,20.442593745593225
21249,19.58172459638263
21250,32.62692512449803
21251,31.89740659985703
21252,30.375636569722154
21253,35.792043257463106
21254,30.368423601634586
21321,41.97848282062406
21322,33.12951061919257
21323,29.902667634789186
21324,52.76175214347105
21325,56.09044301009426
21326,55.165148931917464
21327,53.978675024249455
21328,61.35097909879883
21329,57.107508321192206
21330,53.697262748389186
21331,55.68346772478708
21332,57.78889600652071
21421,29.748427733566658
21422,24.36912105981064
21423,42.16007810720518
21424,32.5376815722787
21469,24.27658089605638
21470,19.46485235672666
21471,32.57927104322097
21472,31.518811351110582
21473,33.05149667987704
21474,43.107208746747794
21475,37.525653022269
21476,48.56685652821931
21477,37.59261007448374
21478,51.80878750383674
21491,29.93593210435679
21492,33.97967242264067
21493,33.8454914991041
21494,33.04353277461156
21495,32.16976068271241
21496,42.81842086952361
21497,37.57003663531921
21498,46.60819874875428
21499,54.892044933126535
21500,52.97280957183813
21501,48.46270308668459
21502,61.67983640713099
21553,38.22308244508873
21554,34.65050253717359
21555,37.1075276873858
21556,42.03351300206795
21557,46.588067505471074
21558,51.642751709365946
21559,43.51443619954122
21560,59.26601260503087
21605,60.82861869336229
21606,59.92320767691637
21607,56.76888129087034
21608,49.93752274386137
21609,59.99414811735704
21610,62.717628110132445
21611,67.15039504484184
21686,19.7417471935879
21687,29.929921040620716
21688,29.067945633387527
21689,37.618734415467635
21690,19.84777288612471
21691,32.5771150690102
21692,37.52481470394506
21693,51.468693755780386
21694,45.01488051546806
21695,50.213628135978915
21696,54.37749319014881
21697,50.30720770055475
21698,42.21094044190767
21699,52.294872765178056
21700,52.60256536578459
21701,53.0542250101451
21735,16.367268375200847
21736,7.144280681207862
21737,25.93867353665341
21738,32.29597164039853
21739,33.27162546613549
21740,33.46995082062913
21741,36.10140544273483
21742,33.80111290498301
21743,38.37889622011648
21744,42.43454865941888
21745,35.780343784238674
21746,40.14976019765261
21840,27.75637783176584
21841,28.96305421969404
21842,32.75334247469528
21843,34.731493878935304
21844,42.64791026763158
21845,47.32881183034099
21875,13.39940531706218
21876,13.049775612732478
21877,10.714115491443136
21878,19.171026247891007
21879,13.980276500176497
21880,18.155482415669688
21891,13.600913140315596
21892,21.913284607039454
21893,30.67067315352843
21894,34.41102132572328
21934,33.98304892495926
21935,30.837159640475885
21936,12.60517591272682
21937,35.661242116665335
21938,47.20287468504005
21939,39.01110600350311
21940,32.22776008038235
21941,43.04161791332135
21942,44.44709130278305
21943,52.24201872300606
21944,37.73859359782382
21945,51.633143336597755
22029,54.09129998214188
22030,62.5779456620964
22031,69.28536790363835
22032,58.63692466528448
22033,53.866242105421165
22034,63.43912243207662
22208,42.18767331266177
22209,30.68518629865595
22210,30.693729278305696
22211,37.62744328444628
22212,43.59793058382517
22213,40.29341599261953
22214,55.80810161070953
22215,52.61842316051677
22216,44.53027392918721
22217,62.58129604962073
22218,15.594402396006608
22219,15.14681324969026
22220,24.476347570072324
22221,30.962945468692574
22222,38.83800428897865
22223,35.164262317982455
22224,37.28784158193163
22225,49.988419317726844
22226,44.425223640350005
22227,35.774113386059916
22244,27.546118302834962
22245,48.69341611166623
22246,31.751404951782224
22247,42.575119809913666
22248,33.14641199298831
22249,43.927589871778885
22250,45.54118992118886
22251,39.13286341762855
22252,45.75681736541437
22253,32.98605080814453
22254,56.02025300373649
22255,45.90719443700432
22256,56.182623230381076
22257,54.2981025085738
22258,57.207792241837375
22259,44.94598856113594
22296,4.183061597334603
22297,4.268973884713464
22298,4.873493340528496
22299,10.84931491697937
22300,8.312770961194367
22301,12.967427949754105
22302,15.491207390780481
22430,27.053252950691963
22431,47.61527891726284
22432,48.525575054443856
22433,42.57056815309127
22450,13.667137877245242
22451,15.915192444932346
22452,10.06201714247674
22453,16.975515772617445
22454,18.501702669519187
22455,36.33253788388827
22456,31.869522353805625
22457,38.08854506231139
22458,41.31007200244401
22459,45.42050203110014
22460,54.282159408098885
22484,43.521975449958056
22485,40.584831640948686
22486,33.07290979231495
22487,48.01694961949007
22488,45.54416200480639
22489,50.08265030075788
22494,23.835789961821753
22495,17.714105112270403
22496,10.100399654424134
22497,33.776475144042166
22498,35.58007421984316
22499,46.46279649119248
22500,42.39562457513309
22501,34.80518081315463
22502,38.09192564645549
22503,39.28974840114086
22504,47.4497730941252
22505,43.377478634188954
22518,6.378858554855852
22519,14.081084408982663
22520,17.110335397544304
22521,21.673809000283313
22522,28.02522614898074
22523,32.820147838322576
22524,39.376497938506645
22525,32.077602674340255
22526,40.24506180044379
22527,48.54981443072087
22528,49.06662081025712
22529,45.48420907742138
22681,13.874455045524108
22682,10.800862494852046
22683,12.992963693842327
22684,20.14564078956475
22685,23.772096560967015
22686,4.3684356207410096
22687,8.26250533201241
22688,11.2134094081708
22689,11.279444508876002
22690,9.033768873110018
22691,17.14787927713549
22692,13.80779195332009
22693,19.079717098198547
22694,20.546570425853655
22695,22.720019991753386
22696,42.62331448551866
22723,35.09988433370212
22724,38.44384984245364
22725,35.72424651743007
22726,54.28196034484871
22727,55.23320409790142
22770,45.21025025758471
22771,42.13673407533227
22772,47.86307644926269
22773,44.142556257573666
22774,54.998724171062804
22775,61.6597271149598
22780,29.374802217549693
22781,30.965834710917456
22782,41.84250039634368
22783,37.77482649508225
22784,32.49530821135706
22785,45.11063380634679
22786,35.1719528998181
22787,43.93586741436422
22788,57.89649275496727
22789,62.18913616769249
22790,59.67371390479579
22791,49.69004299880164
22792,50.819473060656236
22793,39.76615983954107
22794,56.43501215477202
22795,34.84929482733879
22796,45.89271585589926
22797,58.43233865143814
22798,55.03710472717458
22799,48.93458512531672
22800,52.22023182835695
22801,64.14403031538436
22802,68.7346547820799
22803,64.80382355365666
22839,36.60903733258224
22840,40.68099690014492
22841,39.33808178686124
22842,33.3504966695082
22843,40.82239451408817
22844,44.042209358967334
22845,43.39317741580663
22846,52.69901908947748
22847,50.9536078792229
22848,52.27097760848802
22849,55.73630653680005
22857,18.594949250419265
22858,25.472810620257704
22859,31.79796848039306
22860,32.60714488397974
22874,7.697841522086365
22875,36.3250469620363
22876,34.35373136254414
22877,32.68276226063189
22878,47.82340441252249
22879,30.29509603419404
22888,37.14270814149902
22889,39.71308743400029
22890,60.48791187159341
22891,64.7033562663503
22892,55.652306945718564
22893,60.93655716032686
22894,58.35300930211059
22895,70.72256443538015
22896,60.593819658744735
22912,29.91648305843836
22913,50.32983252895443
22914,47.5470892021799
22915,50.66556327848847
22916,55.01922642959211
22917,55.09306594329588
22918,58.1730114895673
22919,57.74169554978697
22920,64.60376518021678
22921,61.14432621901317
22922,68.41702471606517
22923,72.48912292213934
22964,45.8773345891992
22965,44.44047923885199
22966,39.343343603378614
22967,40.067389122063915
22968,43.600542791055986
22985,39.121806802482716
22986,45.578881978881626
22987,44.004432944244805
22988,59.308725579788344
23022,11.926185091306245
23023,27.18128235621805
23024,19.48571895155674
23025,38.835508573533325
23026,39.06753524945415
23027,47.48213418568755
23028,37.34234847403743
23029,34.885945689688626
23030,33.83903514902859
23031,49.03668753002751
23032,51.892799682169
23033,44.75552625455207
23034,41.55459197481301
23035,58.273416410054324
23036,55.439834084185684
23037,51.6595191048562
23038,55.99478446977044
23112,17.591958623693035
23113,8.753099358221267
23114,16.731360842972624
23115,19.50065029574887
23144,17.8506402346317
23145,37.30479976015286
23146,29.49240170067562
23147,32.149855399626475
23148,32.96711581299256
23149,42.93847179908273
23150,40.45993638410736
23151,53.43254026893659
23152,40.856605702832915
23153,72.30252329729849
23154,42.57323631311996
23155,49.59315919633761
23178,33.7164704594388
23179,39.142221710582
23180,53.88828019991488
23181,39.860978000319356
23182,50.61637026280846
23183,14.144111186612188
23184,9.349232498673608
23185,12.153099414186304
23186,16.283823313920138
23187,15.050815722591604
23188,11.064755115436947
23189,8.133381729246025
23190,23.969191802771746
23191,8.519990037868295
23192,18.258893256302958
23193,19.381573522086057
23194,16.49322784379139
23195,38.3523678225317
23196,32.80444290756798
23197,37.312485813040155
23198,37.777547884225
23199,41.578444610523476
23200,49.57783163351781
23224,19.471261764486126
23225,30.23044318495676
23226,20.871683668141106
23227,20.535769445467498
23261,24.17450409887122
23262,35.85206542810637
23263,42.21022280369621
23264,40.28242317054008
23265,43.47506981538042
23266,51.541316660888505
23267,50.865238149519556
23268,51.68047585864726
23269,53.72927242590312
23270,56.487101150107385
23271,55.28564394245423
23272,56.45935051430903
23301,6.378763307603482
23302,7.685544281094956
23303,13.71555794300022
23304,12.05839590682955
23305,19.430689215328215
23306,11.883329122208773
23307,17.70511030742999
23308,18.258190600007936
23309,18.720890590405585
23310,35.71429170758111
23311,32.80810864468188
23312,32.02977702286044
23313,32.15147860816508
23314,43.86641042912255
23315,36.839950102777095
23316,37.81469413195207
23317,39.91921344349216
23318,50.03383672197612
23319,57.02311650080313
23320,54.32900400776338
23321,45.75817273430134
23322,50.920828489522634
23323,44.574641069811804
23336,57.40841872053105
23337,60.013942104561316
23338,56.14732165710017
23339,57.957649901854644
23340,50.07954963484091
23341,59.47379682365684
23342,58.06246762943618
23343,70.56150510285606
23344,61.7800436841978
23345,71.50053244403567
23346,68.43290620635295
23347,73.97019575201479
23360,10.791654372178673
23361,15.942982135941493
23362,9.247180368871364
23363,17.136716075198954
23364,17.06773465786583
23365,15.863420209376663
23366,21.672701749911425
23367,21.100133569916693
23368,39.782736185911524
23369,37.89640785422868
23370,43.73627613109834
23381,14.151723957749649
23382,18.895415632202052
23383,34.40011579904381
23384,41.04264329246445
23385,30.47398895060254
23386,39.57633724893217
23387,36.77821468507686
23388,47.84035864981824
23389,34.21115799762715
23390,47.29045700631108
23391,50.155721565305264
23392,45.63801606349763
23442,45.936433000825346
23443,58.07378476397363
23444,51.70206255679547
23445,56.406826695134924
23506,26.004532074281308
23507,14.391264829863974
23508,24.889538586974055
23509,27.913886736229628
23510,33.20281587949186
23511,29.919759436436692
23512,29.5112318768276
23513,43.882445438175104
23514,33.541348747484285
23515,41.86237063911065
23516,48.90113862744423
23517,53.83353708965661
23552,17.96165405821153
23553,16.917011604761115
23554,31.07450024324349
23555,33.463761253062366
23556,34.295658335744264
23557,39.47088194176869
23558,30.49899382105494
23559,38.06372648203815
23560,32.6288801126021
23561,45.8134254283509
23562,38.62266264932452
23563,52.48273335628569
23564,66.3637230976634
23565,47.83166704874964
23566,32.63745601383572
23567,42.55023299186498
23568,46.50435821617684
23569,54.57610572590157
23570,55.36579715754309
23571,56.59962722368482
23572,54.4463795821658
23573,55.89260169039264
23574,62.50167263879533
23575,64.95084277613581
23604,19.911060989089986
23605,19.23497010218576
23606,19.047057345151856
23607,20.07841708420964
23608,36.608090138769896
23609,32.889856512168116
23614,30.161445321798706
23615,40.91386476859639
23616,29.327556278052406
23617,37.7869105182607
23618,57.68563391767661
23619,33.98705060099591
23620,44.534350927523356
23621,47.922123713430075
23622,57.05257159322884
23623,57.344527482344034
23624,54.61252530228892
23625,46.21370776925153
23655,52.972584863891306
23656,42.56257204360325
23657,32.42161978259591
23658,28.003193650556117
23659,38.745525250786294
23660,40.94941566335848
23661,52.57545981143072
23662,51.54176460095025
23663,47.53650557896643
23664,42.15418554419233
23665,50.35502897804632
23666,53.77892659274068
23667,29.211026651961863
23668,15.469404664872622
23669,16.488683978901324
23670,35.422157200551794
23671,32.20600345257938
23672,35.865753531316216
23673,45.60630709909475
23686,42.61718292486165
23687,30.469149653447165
23688,46.52410779988556
23689,35.99610668686771
23690,40.54148264153094
23691,42.336625532432606
23692,33.478719569773915
23693,44.63690724268506
23694,43.11521707380075
23695,54.84925081906031
23696,43.177783747071864
23697,48.33231330635033
23711,44.899632116073725
23712,44.508101330001494
23713,40.90288214840168
23714,43.28123937846576
23715,44.51492168338102
23716,54.48146649667124
23717,63.176428953594574
23718,69.0111290483874
23719,56.670308582783214
23720,68.92281700556913
23721,67.57877490844818
23722,61.90897661496848
23809,27.778453212445587
23810,50.27448680267045
23811,31.362355127267328
23812,32.10986747945788
23813,62.10017970301737
23814,39.08993479902875
23815,35.819129420473494
23816,40.81456324313467
23817,47.98564806596596
23818,50.544380442699094
23845,32.55308692698378
23846,37.56479127767142
23847,31.283490544157996
23848,46.693508001519284
23849,49.759273123655454
23850,51.04852885137536
23851,47.72430217592416
23852,41.31166300279455
23853,57.95898846220541
23854,57.12829731447913
23855,51.75829420477636
23856,61.32589358583098
23890,20.667673079729155
23891,21.172142897951904
23892,21.815830067790415
23893,35.56045158866598
23894,30.863795103274878
23895,42.799907327596316
23896,58.476578003221746
23897,41.673403402683086
23898,50.9387299448616
23899,46.95528625463342
23900,54.255593969506975
23901,63.799038844682
23946,44.9483392203244
23947,28.72331793506952
23948,32.237754717630736
23949,42.84336957596397
23950,44.27521198408108
23951,43.41043826917927
23952,38.80778575527099
23953,45.254041858964726
23954,53.67762964558671
23955,48.07820547379831
23956,47.109826798995385
23957,47.608490949971454
23958,17.474926396549257
23959,13.453341030039383
23960,22.462132442938135
23961,32.34126799882365
23962,31.34350141953426
23963,41.844103396082204
23964,42.79135314052301
23965,47.82072469930991
23978,9.73636034500064
23979,21.116646170941593
23980,30.97694286508815
23981,32.85362866382726
23982,35.90024449590899
23983,42.69035251990324
23988,21.273659157505666
23989,34.99100700360593
23990,37.75528732602832
23991,45.70517706559449
23992,43.99694130978161
23993,36.52564385191872
23994,41.029316203347996
23995,43.16057602708406
23996,50.648084272206404
23997,46.04459386216366
23998,60.42860036621875
23999,38.25578319808796
24034,8.615912818006436
24035,28.27993246302516
24036,33.88026465220535
24037,28.985223035380045
24047,29.328074914198236
24048,26.501247222185793
24049,29.395642134117477
24050,38.34678182418605
24051,33.15145542987621
24052,47.043552360105586
24053,37.94935573678593
24054,35.07089136867502
24055,48.2456599275594
24056,48.10305964895475
24057,47.57520516518135
24058,53.8860825458543
24147,21.820516386891963
24148,34.12141067653983
24149,30.1846052219916
24150,37.28743872098566
24151,40.797569832856546
24152,40.41670097907292
24153,39.72666912189055
24154,36.396701560874426
24155,37.01015273363403
24172,28.628034303024997
24173,34.45427259252791
24174,40.03247559427533
24175,39.50967972951877
24176,32.23449940441537
24177,52.26055166537765
24178,37.79188441383475
24179,40.03106925130797
24180,47.47029008651311
24181,50.33893018837991
24182,48.62109997113209
24183,42.40088737774787
24184,22.519779812692672
24185,29.904375627260276
24186,47.436875609204016
24187,30.500052467302943
24188,39.29388424290811
24189,50.390892736875735
24190,35.20210241637558
24191,40.35312503473563
24192,45.52548147702697
24193,40.835057367245824
24194,60.82615958872035
24195,56.262920463095504
24201,12.186696602412788
24202,14.469730398218216
24203,11.578651068570368
24204,19.534903354155524
24224,37.68749162428659
24225,45.77951843996551
24226,35.33711890407092
24227,49.65608459400084
24228,52.84007380513677
24229,48.07885791936471
24230,54.6155577799049
24231,57.8508330944388
24232,56.17337194789589
24233,53.652519433971946
24248,5.049062668906248
24249,27.581203646564575
24250,12.14291268614838
24251,16.854684191987197
24252,33.038861112749714
24253,31.427441163710082
24254,46.514169924797876
24255,31.965683587517336
24256,32.58965589088162
24257,43.2287236577192
24258,36.81835511913125
24259,33.412815135661454
24260,58.44938640629292
24261,48.529931836346535
24262,52.74563667701888
24263,53.07592716961091
24264,42.83156387330246
24265,44.67219820017366
24266,60.34035133156787
24303,17.029880808381694
24304,10.105988089833476
24305,20.066333773087727
24306,16.76184537926578
24307,21.797438548701177
24308,16.55688189161738
24309,38.318640192236025
24310,35.98220254739934
24311,55.54902802880232
24312,42.09457465438497
24313,46.2307222390076
24314,49.37103067599002
24315,46.31982559049134
24316,46.9558105762786
24317,42.693627173253674
24318,55.04339165556085
24319,68.61808437609211
24320,45.72023417702924
24321,46.97554801435283
24322,15.280907456543003
24323,25.43239022767913
24324,25.94722170050712
24325,35.9873809041796
24326,31.8482245132404
24327,29.436700060465416
24328,44.68671905121403
24329,39.515268410250656
24330,31.35926178410911
24331,37.738781372664455
24332,38.20745016627972
24333,43.28147574673462
24334,40.59851339655674
24370,17.92413080465101
24371,20.924566794487692
24372,19.522245157474913
24373,31.82616833058403
24392,31.789785855236435
24393,40.068352770250065
24394,43.052839823209716
24395,42.87741531987363
24436,20.532008005312015
24437,42.80681330393563
24438,24.65284379229514
24439,42.15783133754108
24456,29.939631226209144
24457,35.33624736361059
24458,44.43322632585077
24459,34.70797337501523
24492,22.434861044233504
24493,38.11060229471539
24494,30.605898056389314
24495,33.215957636308154
24496,39.966325310177766
24657,46.3096859983271
24658,52.15017876092141
24659,38.80994441035382
24660,42.4507808477739
24750,16.52176804852008
24751,23.784313433514892
24752,11.67660460334998
24753,32.33844481378261
24754,12.675377977790587
24755,31.329427390473093
24756,30.91859721040254
24829,15.262532865081221
24830,21.246366821119402
24831,19.32730067990649
24832,35.056433723152075
24833,16.5706921264535
24834,27.35713008090626
24835,25.02179852461293
24836,30.048284823560817
24837,33.42352463225651
24838,32.55607529274398
24839,35.71625101454214
24840,34.26858340132904
24841,40.469513212905426
24939,40.05128661993765
24940,45.15609065869807
24941,37.299458128687654
24942,53.1221792470765
24943,40.61829462184821
24944,45.9722160911114
24945,48.93364180378268
24946,39.56183939696612
24947,52.54582952235587
24948,60.952799163067034
24949,59.570912028645644
24950,54.821679974599824
24989,17.779909921680915
24990,37.317176663992306
24991,36.67284816583721
24992,42.30233427826771
24993,41.53420499311175
24994,35.77686473075191
24995,40.23892788622247
24996,40.38791047382977
24997,40.81830071409373
24998,35.91887456626415
24999,46.015136830740815
25000,57.68901753314544
25076,54.33286619828533
25077,58.333630344983476
25078,65.13897744651574
25079,58.040452450500084
25080,58.1506784403137
25081,62.79465310526953
25082,64.79620952378832
25083,66.47806399006906
25084,64.32036070248488
25085,66.63077773828047
25086,61.41912166258886
25087,69.61319209564088
25144,47.24735696800927
25145,37.74409820760577
25146,58.451389165015506
25147,55.05286299274398
25148,63.70668986752386
25149,43.20764564706107
25150,49.688203525173904
25151,47.06651106168167
25152,57.92471048327687
25153,65.32643538139013
25154,61.55303855067256
25155,59.88717291186335
25182,32.28456999822522
25183,36.38297491148891
25184,40.261472044311574
25185,34.175846388043226
25186,33.98354282458593
25187,34.63133837207522
25200,28.573892748272627
25201,41.724636866267346
25202,45.28358607325084
25203,54.765644235680604
25204,49.72218009794931
25205,58.16754327785711
25206,19.358495902629826
25207,14.729895834952668
25208,22.015863093641247
25209,17.37096009035238
25210,13.83360828457962
25211,34.95224370744918
25212,33.86593887412831
25213,32.631961092009746
25214,44.89475117191797
25215,32.3502326107592
25216,42.98769761747185
25217,47.30649361085259
25218,15.138722084796274
25219,21.926110325909885
25220,13.334149985943963
25221,13.658875197172321
25222,23.06917912988623
25223,17.526256604488186
25224,31.314639880340952
25225,38.2604051655037
25226,36.83039989551871
25279,6.398393958515719
25280,6.398393958515719
25281,7.750626313331593
25282,7.857256582626178
25283,16.374597121641536
25284,8.072675534923945
25285,19.18754250672076
25286,16.52374239122731
25403,30.095480467693026
25404,24.226550666837483
25405,27.032282358737024
25406,33.682983464769805
25407,29.51470518155619
25565,22.224514166831554
25566,36.10822096021611
25567,34.92919562348087
25568,31.646661973749683
25569,36.74936782556111
25570,39.292782109048396
25571,44.22096136029665
25707,19.186240539829505
25708,21.6097900093867
25709,22.50987421180097
25710,13.800089571794855
25827,20.29075387941561
25828,17.130072281396213
25829,20.62911503146137
25830,13.755654853393576
25831,19.84891765983457
25832,20.31700166196964
25892,31.156119666078137
25893,32.52717747857673
25894,35.970255892395144
25895,36.44019504979439
25896,28.85406795479135
25897,25.923814209606313
25898,34.732382935584695
25899,30.106410686104336
25900,37.88461553066237
25901,42.52837214620021
25902,36.28633300999757
25903,42.59229930836995
25904,39.392629527024624
25905,60.375295509622006
25906,53.51921982266002
25907,50.660679814819865
25949,43.4101607347971
25950,36.198942551277334
25951,38.810041308702
25952,34.56201095535907
25974,18.619644915403043
25975,20.80604998456367
25976,21.42027253890945
25977,27.271724199011334
26011,28.700635733589497
26012,31.976357214315907
26013,31.479648484163974
26014,49.52993492834421
26113,5.136229784984417
26114,7.423475736787964
26115,8.406073165993798
26116,9.467184108547205
26117,13.23625450782465
26118,18.830063799885735
26119,14.12764789660498
26120,17.72403704567056
26121,20.825863426612077
26122,19.164940634289618
26123,34.90772297183879
26124,37.58630227978604
26140,36.05047343120436
26141,51.065860692357006
26142,49.110876915642
26143,55.16291173114543
26144,46.29236788477198
26145,58.66703688249852
26146,43.83840004098771
26147,67.81443536868154
26148,57.443088451381556
26149,56.015159405649406
26150,59.43745251083127
26241,41.83765172919948
26242,55.4995070061587
26243,40.414074428273466
26244,53.281929091503685
26245,58.38587039593645
26246,58.38326646257153
26247,62.65077588159391
26248,60.25929270837209
26249,56.83314482426902
26250,59.29976283521688
26251,55.250203428800354
26252,54.74406661605865
26289,15.92188557493619
26290,23.577644076331865
26291,17.437869220784645
26292,30.067977998501192
26293,32.062454558483275
26294,35.77208110682901
26295,36.4748418318622
26296,40.95093367892532
26297,47.269582523521514
26298,43.08619481311639
26299,42.023261529400834
26300,46.76844830591492
26315,33.84491260905564
26316,28.469219301554638
26317,34.66427153307149
26318,33.36977195751368
26319,44.349065784938674
26320,47.40560206234294
26321,45.46843475942113
26322,48.80776760362922
26323,46.647531850835605
26324,37.11435584487985
26325,53.18705290979122
26326,61.76248026891049
26455,32.08661960505259
26456,24.289818327224562
26457,35.60676250902972
26458,45.06200648335242
26459,27.650270646537162
26460,27.546381080309914
26461,27.828995370636946
26462,30.398855699055982
26463,38.397964531909345
26508,22.028864320929678
26509,27.49181108968722
26510,22.675910702844437
26511,23.99568904213297
26512,13.510201149435606
26513,30.438587432636186
26514,29.990046899432784
26515,28.982749176110392
26516,44.63538761958046
26517,34.298316913633954
26518,43.37342820232045
26519,36.97258482321935
26520,19.888359712012885
26521,38.57249575635465
26522,32.13519867719928
26523,30.687297996196158
26524,32.305722572088555
26525,38.0246323051224
26526,43.376403720286255
26527,34.556200260832625
26528,41.802491294939664
26529,37.955837614657696
26530,47.508470291997526
26531,56.96079151709609
26564,19.827100439870772
26565,22.619177517655075
26566,35.16576179799935
26567,28.618956271269003
26568,34.08720873508482
26569,30.862201969772187
26570,39.33164480888765
26571,46.78907926159005
26572,37.67851085050188
26573,39.20836392327334
26574,39.94567546364107
26575,36.10646631620866
26576,3.4801897944107316
26577,42.43519139456449
26578,40.01351778444575
26579,42.78134051931511
26580,38.95379184715029
26581,49.47054404360871
26582,59.36545187983457
26583,41.850649473282736
26584,20.903530657975473
26585,19.78466237618991
26586,21.806900687764415
26587,21.320204127498563
26629,20.996839940604776
26630,13.97869653178967
26631,16.010360403279858
26632,19.15066488171068
26633,22.052471450612718
26634,32.619167540447194
26635,33.12534573695755
26636,38.9293552872574
26641,33.90309722508103
26642,47.50062190416001
26643,41.09162392211559
26644,38.39905020296128
26645,52.36486675568382
26704,21.746945905693007
26705,7.527481863093165
26706,20.922667584465763
26707,40.09864765143312
26708,45.22936287733345
26739,56.21485926976999
26740,62.553305181476574
26741,51.40322092927113
26742,65.251030955763
26779,13.858120185795105
26780,25.226362896749798
26781,28.298700639208683
26782,40.22797571478933
26783,32.67145326679717
26784,43.78373753955724
26785,46.06464363282626
26786,32.643375287000644
26787,33.435923544747865
26788,41.7127395893438
26789,45.41759820096761
26790,47.03236360878759
26819,39.830183185542
26820,49.87425365071106
26821,65.82764161175021
26822,53.142918930343924
26839,40.860596336478885
26840,40.14157814017341
26841,37.0855590453114
26842,32.87496068006664
26851,26.0068643448358
26852,28.05232554102535
26853,31.27663384125927
26854,31.392620315198602
26855,36.166590491549684
26856,40.12218192167909
26857,34.1135397371338
26858,36.07608885876944
26859,56.202189379782645
26860,44.10038269310651
26861,51.89548705211232
26862,54.47318716168691
26863,32.711238626953715
26864,26.417561053297966
26865,31.432512174017997
26866,35.67895442839807
26909,4.474719867260281
26910,15.194340940127857
26911,17.731934242387975
26912,9.713586723442397
26913,12.676189926374171
26914,18.02576980422617
26915,13.440349221309043
26916,28.657928253906913
26917,30.45864668471638
26918,35.206052293058704
26919,33.30580821652223
26920,48.421124770217126
27006,37.08045291914832
27007,34.53592089077474
27008,39.97381030737241
27009,40.61532647372376
27028,9.071667959178024
27029,21.455866206743465
27030,36.64291760827013
27031,35.03018241384836
27047,38.39704203785204
27048,41.036435657063286
27049,35.469487025024726
27050,41.38237403808444
27051,42.124317995011154
27052,42.31765494616792
27053,55.850554859042845
27054,47.53806110679912
27125,49.3464250943093
27126,68.00729041769942
27127,43.10722176764701
27128,40.21202023872962
27129,19.5158434007498
27130,17.2334985260685
27131,35.252129142922435
27132,31.147946824873507
27133,38.0701209064394
27134,34.01778460688755
27135,29.48828811580785
27136,41.313320487884624
27137,35.26085265790963
27138,51.535020263053106
27139,52.76394206795377
27140,51.23423598479265
27177,33.40511862886374
27178,38.656721491782534
27179,47.54792650533089
27180,45.02406759271288
27181,40.35854376762052
27182,39.61917796674832
27183,49.395001430579605
27184,45.99762725738379
27185,54.5157963986716
27186,50.45449459389404
27187,55.017599123534
27188,53.660655964145484
27189,24.755456973786014
27190,34.208176999236464
27191,30.326095118861943
27192,33.70682975386148
27193,32.89664431705754
27253,24.43124271223205
27254,12.94129665017508
27255,20.56605113988246
27256,27.09445460058713
27257,31.04814244822962
27258,26.738199252086325
27259,31.728505799816958
27260,31.105684564391602
27261,20.931190106433984
27262,35.189026451387875
27263,49.541871360240044
27264,36.064864999812336
27285,50.07578779916053
27286,54.044310078149046
27287,44.2189734418578
27288,42.70553559812817
27289,50.438357573009554
27290,40.5590679794241
27291,42.3010884331015
27292,50.695116270246004
27293,55.318315906187316
27294,62.17291556904888
27295,49.848065710264756
27296,53.63684838992177
27349,26.29555864047543
27350,20.77652801133384
27351,29.764701757198534
27352,31.55040905523835
27353,45.18794277493461
27378,28.10931011306789
27379,29.795235161301836
27380,40.23433013381864
27381,52.44208484947978
27382,47.102796708545874
27383,50.91439750704866
27384,51.27576866725062
27385,54.47009403370235
27386,51.45587700181643
27387,53.25909096972459
27388,58.451447898466675
27393,46.186117055522914
27394,53.825238260550634
27395,39.98478363138408
27396,46.28834063689099
27397,50.369504701751595
27398,41.292913227405
27399,48.989309402070134
27400,53.55805611230569
27401,46.85438415493853
27402,46.83828984023939
27403,51.25539289476625
27404,48.390711583082286
27425,27.656172798433225
27426,31.013548230418547
27427,40.05536113858866
27428,36.81940601497783
27429,31.055787726834424
27430,49.93510878758334
27431,45.96791902893551
27432,42.61601302399716
27433,22.44716247967063
27434,39.5943588736183
27435,34.040873187105504
27436,30.599259719216107
27437,34.33235687403554
27438,36.658815309782156
27439,39.62434024714437
27440,47.209599788845686
27441,39.03396254810541
27442,33.819438801375384
27443,57.76633714707433
27444,33.83900813400627
27445,49.46157962333706
27446,49.65211942828558
27447,34.008879339559755
27448,44.82067181189376
27449,37.70152922959231
27450,55.79553891946321
27451,56.3915387664975
27452,48.4706158039619
27453,56.69852413714289
27454,5.546970297687791
27455,15.989763943813756
27456,11.345909689700107
27457,14.124733624988142
27458,16.329514545974877
27459,14.76893723628195
27470,33.937254720903596
27471,32.4028244459664
27472,31.0786131649606
27473,34.05334234372668
27474,43.909423732455934
27475,34.11039955127409
27482,28.81203423847261
27483,47.147695015166
27484,60.67482167583805
27485,47.89923252522453
27486,55.80602856894519
27487,70.82390717417805
27488,52.736239831961946
27489,54.68080873756484
27490,63.38701357979817
27491,54.67434680640502
27492,59.76909337400086
27493,59.086132220037705
27500,32.997183924485086
27501,39.91103936662314
27502,57.33309786665613
27503,55.86299153741153
27504,52.290467454177154
27578,20.40583754239357
27579,31.371739965284892
27580,46.407955546913804
27581,42.75660975955724
27582,37.1226693583975
27583,36.79724363969747
27584,47.6320613158904
27589,55.25016391258936
27590,53.134097534449275
27591,66.00019455479959
27592,51.31287596676291
27593,66.44775534398075
27594,53.40514767103096
27595,62.50028954593984
27596,59.8729197078382
27597,63.256560211508436
27598,69.78787755439289
27599,68.22500121052434
27600,61.40955858476262
27719,18.025025575127216
27720,21.947526811642003
27721,33.77803111346263
27722,30.021472717428875
27723,31.66265994488953
27724,38.87546611161884
27725,43.579146805730744
27726,33.0871469941321
27727,47.101594698697625
27728,48.0945905254434
27729,47.10540564340008
27730,39.00034102440651
27795,37.3601177567938
27796,38.09685669970694
27797,55.914031810818535
27798,52.212161496959396
27799,53.0298184304463
27800,59.419402145788546
27801,54.37983746014926
27802,55.24976248793429
27803,54.52540627789751
27804,59.67997927915821
27805,60.285533898424646
27806,58.76188063774619
27807,23.941571133142915
27808,28.22412961705618
27809,37.03209379106155
27810,30.654868718046618
27811,31.26492262914636
27812,43.87946801489159
27813,44.76796488476106
27814,37.71725226444137
27815,58.9771188453014
27816,39.73769797222689
27817,43.60632743363988
27818,57.347610282919966
27848,13.547865548425596
27849,18.498069689367853
27850,18.863398340683517
27851,34.91037729097116
27852,46.18913118556387
27863,36.47916577543359
27864,45.275442009907444
27865,53.710335731416954
27866,52.47739611633749
27867,48.73700999072543
27868,42.955334615384245
27869,51.97609811453468
27870,56.101692606773604
27871,65.56633185074335
27872,56.290479078686666
27873,59.51809555162985
27874,62.006258995395754
27898,23.50769219205803
27899,40.42794622440008
27900,32.82313441488089
27901,46.50697511289673
27902,30.580793754536305
27903,31.184308902891047
27904,36.514552996836734
27905,48.90237930369636
27906,41.894677829225245
27907,50.187846969874485
27908,41.22711773829991
27909,47.58406220286402
27933,9.152517949992134
27934,6.228955982873169
27935,18.634938820751
27936,12.322910080335921
27937,15.464419413463045
27938,22.376442839482912
27939,14.897266292254356
27940,35.248052247368314
27941,43.007754613193036
27942,38.5141069518779
27943,39.47367340145491
27944,41.63874937342335
27945,37.51337710086995
27946,57.69051211370561
27947,39.14271887908541
27948,49.75835310683506
27949,36.84192471694433
27950,50.85953742783292
27951,48.724765757911484
27952,52.169123020610336
27977,69.56039776773694
27978,48.57721483241427
27979,55.62802830586437
27980,68.4963313399878
27981,52.73562014631493
27982,68.42378230370207
27983,74.00563603848255
27984,73.76668967595036
27985,68.7607165484048
28002,44.44298479366779
28003,26.292932448324535
28004,36.94347675248692
28005,32.86022168496797
28006,36.998557486265135
28007,49.592817463133024
28008,49.2147564876911
28009,55.58736175354506
28010,46.514157580714624
28011,67.10113959009689
28012,56.00692255646256
28013,57.86359825171302
28037,41.01596353911438
28038,31.693727213760567
28039,38.37932010152789
28040,39.02475441252144
28041,57.92983176283725
28076,18.91719352529309
28077,28.13492541819784
28078,51.381441873889514
28079,48.487857294943886
28080,43.032911313134306
28081,52.7029655788972
28082,48.61194458951864
28083,59.534028148861395
28084,52.06368214987894
28085,54.45214759059429
28086,67.89628415657099
28087,66.36454649015793
28124,43.06867095412718
28125,32.072407080405334
28126,41.22961384793686
28127,45.169853122528714
28128,44.394051030102496
28129,50.7182762243592
28130,50.27547734923266
28131,62.09421597538182
28132,60.31529105289912
28133,57.89383988368307
28134,71.56213583142099
28135,55.39268010510106
28169,33.39810808233356
28170,36.92155575822248
28171,36.087083758589635
28172,42.623755704475066
28173,37.407711273429484
28174,15.765836385453868
28175,25.0231851996836
28176,45.16661294538774
28177,34.16567456744676
28178,40.74018571263188
28179,40.38636293340418
28180,44.27950705801996
28329,20.085926657551806
28330,31.717348116571326
28331,31.058433060092902
28332,33.81283120228802
28371,43.94863841297633
28372,56.195718308333106
28373,59.34067390685733
28374,61.69962517461484
28375,64.76365789686223
28376,63.28912944905338
28377,60.84229264204406
28378,67.41586422009127
28379,64.10188628559001
28380,69.16340109001985
28381,64.42238244716583
28382,65.66142329255173
28399,45.98961965461504
28400,43.047365419578355
28401,48.410874857639705
28402,51.23965971912086
28403,57.18673659571757
28404,48.61640752598919
28405,59.588990361649614
28488,45.09608814886097
28489,54.639316925067135
28490,61.54707794717804
28491,59.040351570382356
28594,24.166703950196773
28595,41.54115841369817
28596,33.24375876840119
28597,32.043238277994355
28598,38.487745422545025
28599,42.896010705416806
28600,49.27361612805813
28601,40.509784698406
28602,47.51575785789296
28603,52.983962577995115
28604,51.28169578936252
28605,54.55498237665947
28618,33.98989900746271
28619,32.600481259922425
28620,33.168012478112225
28621,40.355363700138206
28622,34.46698841647541
28623,4.664013878807518
28624,6.27664705702963
28625,6.522649916510725
28626,12.512339700178902
28627,17.12963820477539
28628,16.24666014469127
28629,19.800570809018378
28630,19.963997632048798
28631,20.015355520456534
28632,19.96827475628371
28633,30.392419985325297
28682,18.830361935803225
28683,13.315162942462246
28684,17.41130554405195
28685,17.386522405174823
28686,15.867320792337312
28687,22.031393093796645
28688,30.51444354513928
28689,40.44977919553733
28690,38.603063491606754
28691,32.17087315554141
28692,45.0531660484444
28693,50.47867303944201
28711,4.430387765917275
28712,15.28290212641391
28713,13.487058231852384
28714,17.001428584822996
28737,18.737191456987716
28738,35.127554791131274
28739,31.02767906481871
28740,33.57147961806158
28741,4.529679585817368
28742,8.020560197009909
28743,11.380461464429303
28744,13.889429728617198
28745,41.89249119508465
28746,50.48065061786956
28747,40.01937447460019
28748,55.397455921072684
28749,40.163021817463026
28750,51.93056781373173
28751,56.20621507988528
28752,51.56831687743492
28753,56.61982269940126
28754,60.541472327948
28755,60.29933790530316
28756,59.68166469782214
28761,20.737198352938734
28762,37.66413797639921
28763,39.07005423180317
28764,31.40409739494391
28765,32.65999766959213
28766,40.69387690490544
28767,47.473160664035724
28768,44.99112324471518
28769,49.61594204118741
28770,41.713822607774674
28771,46.87493806794988
28772,52.80904791621964
28825,18.15316965333438
28826,20.886698606835
28827,18.92376887215681
28828,33.44224815619622
28829,40.92290906203049
28834,29.725887732034458
28835,34.34930863592575
28836,38.10253646269871
28837,36.572533827825254
28838,49.95699888802213
28839,44.82574218100184
28840,52.18794376393102
28841,45.788136383377555
28842,50.911441367888045
28843,66.64769227722925
28844,24.018963656162793
28845,33.9888777921565
28846,35.34032466348017
28847,37.51542148520461
28848,53.03189790315506
28849,36.368401037651665
28850,38.012651866372174
28851,39.36309717700436
28852,43.49699491253343
28853,52.92455323217607
28854,52.06441204822462
28855,57.65677938172669
28901,32.71381277543333
28902,22.46166413216776
28903,24.266684596921756
28904,19.525332174716773
28905,34.645392286868216
28906,31.36306550180592
28907,35.59530333062408
28908,40.28757045828453
28909,42.657693187807915
28910,47.193249379455054
28911,38.60268295654991
28912,42.16096291480995
28913,23.04529867061132
28914,26.039752088943477
28915,35.313149591751746
28916,33.79168722883037
28917,31.926302856907817
28918,40.095579362174206
28919,39.26352553015904
28961,38.09325283278984
28962,39.80083867272807
28963,47.769290449939
28964,41.21090513523306
28965,42.12657365073205
28966,34.90475883426381
28967,44.56218067199571
29047,25.61006831831989
29048,31.25168434113443
29049,24.959847437409305
29050,20.08631011428751
29051,26.42375525235335
29052,31.283512750880686
29053,29.68919503069656
29054,47.54247445181017
29055,41.04765115706021
29068,19.2207743308099
29069,19.710779451866227
29070,16.92565183063617
29071,16.59779329902752
29072,30.372973511418245
29073,40.930859890464006
29074,37.41234159176679
29075,34.12696998901402
29076,34.348153844874076
29077,38.572099344652685
29078,38.38699672985811
29079,45.799706183268434
29221,10.263843203055023
29222,18.980437561489108
29223,15.945245912749034
29224,9.342462747046957
29225,17.841038169341026
29226,14.158954293320583
29227,24.656704024184627
29228,31.6110211031278
29229,37.73382689947954
29230,36.508447534053936
29231,40.18640285499442
29232,44.92173112594799
29341,14.651635474108149
29342,16.5315272355698
29343,25.28862529706961
29344,14.91697097855297
29345,22.774471797676416
29346,16.627904090602364
29347,13.69448554604445
29348,32.815687945292844
29349,34.655137999026
29350,37.57992891224566
29351,41.46673201359932
29352,31.825122949422347
29384,55.1415709806677
29385,47.62666402637648
29386,51.368724717649435
29387,57.927559056108194
29388,52.817779386956396
29389,60.88872151677403
29390,66.9907901187501
29391,65.53105182161758
29392,66.95874731653514
29393,58.01208118078679
29394,58.2846245037836
29395,67.68074298812905
29417,49.489199729122085
29418,58.88237637353252
29419,39.34338811025027
29420,43.300965808947105
29463,35.391872684014864
29464,37.75218329169858
29465,38.2212172364223
29466,38.21014340235523
29467,40.50074851002162
29468,51.36514521528024
29469,55.46166769985885
29470,49.73680506518737
29471,41.123175224911456
29472,46.42225042559616
29473,48.115977434322105
29474,48.78330815270067
29475,28.016529478732604
29476,29.12691192234906
29477,33.38505024047234
29478,30.37842554150425
29479,38.25421526616469
29480,42.41862674842033
29518,53.62631097042548
29519,52.3166332773373
29520,60.22483193356767
29521,55.72115787196413
29522,62.306247012863516
29523,54.53080883730275
29524,67.36724448081057
29525,64.40955165098183
29526,74.37648884285362
29527,72.12632315976721
29528,73.66394823728399
29529,73.71011515562394
29557,34.911351755158975
29558,39.78132002557056
29559,42.32997946957421
29560,40.22750705629694
29561,50.009560958938934
29574,21.184262300537558
29575,43.66679640925889
29576,41.44063135950658
29577,48.65055924741331
29619,45.272582625855584
29620,41.04941075040679
29621,47.57526596158313
29622,46.631268237886935
29623,44.69874267103938
29624,42.24180992636665
29625,32.54879381260637
29626,44.327346053821984
29627,43.63668716233697
29628,60.46817899937201
29629,54.58121113048604
29630,43.66132005627751
29635,21.4718268350227
29636,29.11416283344685
29637,21.29387367285184
29638,31.939681659354466
29639,25.410710474414163
29640,40.98890581344463
29641,34.34064688150634
29642,42.13032706868418
29643,42.635261418976135
29644,48.20586126042805
29645,43.929292361532426
29646,42.62853899589727
29687,53.00083916936279
29688,40.98580801564077
29689,47.73446238411517
29690,49.03841289341087
29691,59.86416653774766
29704,27.193169940724925
29705,30.396495995252927
29706,35.6453370089764
29707,31.512056908672754
29708,37.39612460567547
29709,39.830325257606106
29710,38.511347215377775
29711,43.89169831333841
29724,7.94394120189117
29725,15.014757089657675
29726,11.878945671684221
29727,15.703516567152338
29728,21.088628525498336
29729,25.638790047891337
29730,35.08056489758601
29731,36.927848642038384
29732,36.24835637961408
29733,42.46534514705051
29734,47.711636862921935
29735,47.02860898219013
29736,17.27736304204637
29737,25.834930538908054
29738,30.897687393938963
29739,18.080455140933903
29740,30.987200005013648
29741,33.58057519459953
29742,34.15977513522833
29743,29.131594724571247
29744,38.51413819340471
29745,38.81582852729878
29746,49.06352751758422
29747,44.588202194852514
29796,25.97053945729071
29797,40.955636145063046
29798,44.718596585453135
29799,51.69818979807993
29800,58.39487814395772
29801,48.792457249842535
29802,49.69193586143546
29803,59.748695156347836
29804,59.38310084556502
29805,57.215633803971755
29806,59.878694644748926
29807,63.44771112650602
29817,1.2493813440872816
29818,3.076771363743037
29819,5.80910563915226
29820,10.66362306028946
29826,43.47208060728827
29827,36.56531374805369
29828,35.41290961518207
29829,52.47410549847871
29868,4.925532370314091
29869,5.323147185636248
29870,5.935346032821711
29871,9.208367904843838
29913,26.990092418756255
29914,15.232231532980242
29915,24.285328353961223
29916,20.601390569445144
29917,39.07808206855578
29918,31.91206248820619
29919,47.247681862767195
29920,37.84632252254213
29921,41.34784221858266
29922,43.504074145715954
29923,47.63126762636979
29924,43.93041255327416
29998,30.218810548493327
29999,29.59684675085518
30000,36.09287253662216
30001,34.38180970051573
30028,9.872631414150325
30029,14.470049086404908
30030,19.745089941794895
30031,15.304873955556728
30056,2.3681369417752305
30057,7.439180756977823
30058,5.2834018574518185
30059,14.939977231048859
30060,14.234540348112985
30061,11.755300943818918
30062,16.619758396254305
30063,22.637968484297083
30064,13.707550430868084
30065,28.815930111764995
30066,29.94222323316651
30145,29.25932188781421
30146,27.613489845736307
30147,38.74752950378425
30148,35.453436594134594
30149,33.4273682684033
30150,28.114828592192048
30151,42.737849206866215
30152,29.50361917183285
30153,60.68941107694058
30154,38.015135643312306
30240,26.692063829541276
30241,40.51850111012632
30242,28.474639075826204
30243,20.961317314635263
30244,29.896738482881446
30245,39.55022919592362
30246,34.13406281005046
30247,38.670249705449365
30248,39.322369550618205
30249,57.68198224568798
30250,49.30267785038309
30251,37.54750745169275
30252,19.17562623801167
30253,26.380968706693356
30254,32.22972368329614
30255,35.96984106338009
30256,36.626846524844716
30292,12.916770621856
30293,14.224774855296333
30294,24.559493301254427
30295,20.286658614935124
30415,20.714911653010475
30416,27.56954564528128
30417,30.116622460066807
30418,34.82320131459619
30435,9.336747247980334
30436,19.111743147716933
30437,16.544198005395945
30438,19.53571375390514
30439,22.88013759893555
30440,31.90335656663625
30441,31.166231138961248
30442,29.909144612178792
30443,41.09899912659241
30444,38.085287313855474
30445,51.691601563846795
30446,36.747248451714235
30452,53.66463734379801
30453,59.26741886760012
30454,60.11401590639202
30455,60.186740866000186
30456,68.71482430202671
30457,64.8852406657171
30458,64.01246253814759
30476,4.380773266868726
30477,5.259725002306011
30478,8.493846173977236
30479,9.403388771503725
30480,14.891296225461339
30481,11.456422986143998
30482,14.021346578702925
30483,17.639548375882423
30484,17.513747326247568
30485,12.956542285074784
30486,13.524469817478721
30487,23.48343686536996
30500,28.264402876046443
30501,45.094388526355644
30502,48.039530882769945
30503,35.667059642345926
30504,34.16633721876062
30505,35.43236068847492
30506,34.96253501199592
30507,51.77845743990359
30508,43.54227597439308
30509,54.014994264346505
30510,60.61725924693703
30511,55.0617243450364
30517,22.290856396449147
30518,28.61554729841089
30519,35.40120024073457
30520,52.98219186543086
30590,18.202012277066032
30591,42.60858726303486
30592,28.62852872299429
30593,47.64839004832924
30594,35.51421699419986
30595,37.9155087325119
30596,45.41727516126212
30597,43.22557778885624
30608,39.67490397232886
30609,40.244119995219975
30610,39.97544841394952
30611,42.215889534377105
30612,41.87463615204086
30613,55.46180791565315
30614,57.1866142855652
30615,55.72053110124476
30616,46.93047051567215
30617,53.06325677170629
30618,54.11426539813135
30619,61.98428974535577
30655,20.685655646241017
30656,29.336941560131166
30657,14.526162402633307
30658,50.89016956269191
30769,11.12370005313734
30770,14.236025717402782
30771,14.247186339263555
30772,8.238401715709609
30773,20.400187900364287
30774,24.17251037312005
30775,34.97861604272728
30776,37.95866864330769
30777,40.92620855933516
30778,45.05733166100326
30779,35.344439060357125
30858,5.1109314046387935
30859,7.968375053071994
30860,8.5739961656191
30861,6.074896160213298
30862,11.12992079890443
30863,13.247256256988358
30864,16.810171367832172
30865,14.316513497200846
30866,16.943581983435788
30867,20.604195576235337
30868,35.01848600627352
30881,28.773804262779283
30882,33.21580517857061
30883,38.264374770789956
30884,34.05620399102481
30885,47.0693097988876
30886,48.727118130481806
30887,53.00887199975774
30888,60.70049798975739
30889,54.895771616867904
30890,55.93934731418047
30891,58.273547354854486
30892,66.55668116242335
30893,24.07379249353166
30894,28.411079581279214
30895,35.30570030704284
30896,36.12798629502363
30897,45.11797577334505
30898,46.57498776564024
30899,56.43866525867413
30900,53.160681259609134
30901,56.16217855563679
30902,48.32402605450093
30903,52.84961325175143
30904,55.310647309141196
30993,33.59065684451154
30994,28.109074502492685
30995,32.50534608452917
30996,32.9866336801572
30997,29.67964968307659
30998,45.59386146282494
30999,34.26967154981604
31000,45.77961080323237
31001,41.49236941445608
31002,51.460492451465
31003,54.74558961773392
31004,56.19722184595962
31005,25.282486427309383
31006,44.96129849307999
31007,31.195340576376818
31008,33.60713512702959
31009,10.493848403162096
31010,5.239678836165992
31011,13.352791147509125
31012,17.868342428797742
31013,18.131391220772755
31014,20.94445060741916
31015,26.992467487065685
31016,28.394618397505667
31042,29.8577096911527
31043,33.83760494166981
31044,42.79245519081655
31045,41.50042000851409
31046,32.22868043348396
31047,46.05373877820622
31048,49.8406448707861
31049,52.72108245035449
31050,48.49424890340858
31051,52.50618372133134
31068,15.246751268649472
31069,25.98205707797011
31070,42.18667387734953
31071,29.899763146332656
31072,38.20061293214166
31073,45.72690671932844
31098,14.636030458198801
31099,15.937359548371775
31100,21.063717207209205
31101,18.30887535500737
31102,21.649660807082647
31103,33.763107932353826
31104,34.81826752255348
31113,34.46758766470623
31114,43.48721031960638
31115,46.426159630041106
31116,43.14101647820871
31117,18.14746964602702
31118,9.701112486522145
31119,20.845980319103703
31120,29.065967533725306
31181,6.797155385352501
31182,7.883557668606056
31183,17.284018123867295
31184,17.621533329729587
31185,15.79583797113664
31186,20.178537933278168
31215,16.241112359693954
31216,34.72292677099483
31217,38.639196707310695
31218,41.38277274734161
31219,43.99804164046181
31220,40.502979799044056
31419,23.30836881538428
31420,27.92393844550784
31421,29.159534548836646
31422,40.97798840902488
31443,32.59321551891221
31444,47.67197188300518
31445,35.71133774911542
31446,30.9888363371771
31447,32.5025816712391
31448,51.96533567984224
31449,48.210008970547754
31450,64.34090193131979
31451,49.106796425037906
31452,53.670429325973714
31453,55.55276408479262
31454,55.2860247258179
31483,49.68049260392112
31484,45.19888327689264
31485,42.113401990757424
31486,52.963722027375674
31487,52.234592090911214
31488,14.534920697585584
31489,23.100632140736728
31490,30.73461430001063
31491,37.75128543147889
31492,37.46874243530521
31493,47.2323118841548
31494,60.134055077172334
31495,48.540299719617764
31496,43.05781232170645
31497,50.166247799450474
31498,52.048393460143636
31499,38.8349339868921
31536,31.631796640796335
31537,42.168985797519994
31538,39.50357194940018
31539,51.926594004825766
31540,32.183845361326746
31541,59.495470975794525
31542,38.92893294174559
31543,48.64971697959611
31544,46.52089168067197
31545,57.2781360553288
31546,54.93750137498276
31547,56.52711087455288
31548,17.323117963310303
31549,26.264090366193894
31550,49.18087095570822
31551,34.86150090660329
31552,45.29195548747436
31565,34.38971732039763
31566,31.717137498541305
31567,42.8794462323471
31568,32.27409832466904
31569,37.30277677961368
31570,60.353354676167676
31599,18.922917028990714
31600,24.661561490207408
31601,32.11260703554241
31602,33.2290278370254
31603,40.036705998570405
31604,33.21830028438282
31605,39.61664005112072
31606,40.13291428842693
31607,44.85551567435215
31608,43.68377528929113
31609,44.24821353027342
31610,43.60963674374077
31627,20.52071186228888
31628,35.00239701979796
31629,34.1277751575663
31630,34.46072188903098
31631,42.49522460091457
31632,53.60650104461162
31633,57.135512937090915
31716,17.658471024949417
31717,33.18872910806866
31718,32.297992210416844
31719,32.94948971576748
31720,40.45196097846371
31733,6.401339467823794
31734,7.913396497015605
31735,15.043076848265684
31736,21.619567472781064
31786,12.17500484946441
31787,12.467352536858217
31788,14.019734345810761
31789,19.412161791788467
31832,53.414890751991315
31833,58.91732174843301
31834,57.34128225155489
31835,61.55181781363651
31836,57.407481910922954
31837,63.69600806501516
31838,66.5248860989287
31839,65.58036965346639
31840,65.31728218413461
31841,73.62147718832499
31888,28.37597239017928
31889,42.29072742772918
31890,47.270562611088636
31891,46.61212718238812
31892,36.03146217753508
31893,48.42151485427357
31894,47.590726174897576
31895,64.78235859168808
31993,36.20819786715217
31994,38.533550513056596
31995,48.46823244446414
31996,46.38902571314456
32014,23.81984160081065
32015,13.513976763523567
32016,19.839287211847015
32017,31.61942506971553
32018,30.918710626880845
32019,29.906209402012717
32020,34.95916209551715
32021,35.58763899327091
32022,33.61986386592713
32057,29.699944562265763
32058,19.367936271277554
32059,31.62245358480502
32060,32.471999942658165
32061,33.412783374111164
32062,30.115122541080954
32063,36.328763339873085
32064,31.23514426192231
32065,37.367935956239684
32066,54.1333066344371
32067,42.26345601966484
32068,39.384304569658
32119,4.563768916329067
32120,4.798285433668982
32121,8.61443189184167
32122,13.747455015054936
32123,15.322334005118998
32124,19.422719334304375
32125,21.832156064992173
32126,19.450995109555468
32127,35.18452335435474
32213,39.68206916736298
32214,20.50935752067668
32215,34.699332925906496
32216,33.543469874165496
32217,33.68079738633446
32218,45.70189656077451
32231,13.534401706354926
32232,40.848491698767276
32233,37.67386155316438
32234,39.07544982252297
32235,49.46765646424887
32236,22.98144092059891
32237,29.239577316625287
32238,30.009773533993634
32239,36.00183026888236
32240,27.445476415229855
32241,48.75026188543378
32242,34.82973155745634
32243,31.997692428779338
32244,43.824265746717785
32245,48.95078574704627
32246,43.60417962054576
32247,52.21768057640513
32353,16.27922807480431
32354,13.39620336506053
32355,16.081488602123414
32356,12.939149012144194
32383,7.218150679908911
32384,10.863771454355803
32385,14.083855856029723
32386,15.47414145972755
32449,11.091416488206523
32450,14.222899280107224
32451,11.525282772809105
32452,12.203680114045547
32453,9.242346168547089
32454,14.978164269801423
32455,21.825973838469007
32456,17.05360853387922
32457,15.659350561267315
32470,27.51939753536555
32471,41.790971002202376
32472,34.36495072440993
32473,34.98546724585141
32474,45.79623437849024
32475,46.57365237468458
32476,53.92442887429555
32477,61.099128745328606
32478,57.89253928077385
32479,49.907073664853094
32480,68.04346773035708
32527,40.00745748573849
32528,33.03576409824998
32529,37.54302820707249
32530,33.158104816251104
32608,9.284880973912376
32609,9.381166312131146
32610,17.245896335563174
32611,13.641237427888534
32627,11.31791948674169
32628,16.66172491134712
32629,35.08246000260968
32630,30.04110712088021
32713,22.88511511530835
32714,40.97559185546351
32715,29.540564702557795
32716,32.484521289621824
32717,35.207499502194665
32718,37.10054548295102
32719,38.68397570493956
32720,48.547011337703616
32721,45.30102191277284
32722,43.470642169176806
32723,50.495756990851206
32724,56.24841906526854
32725,24.992110707310122
32726,35.14369600060273
32727,25.135708036724765
32728,34.81360029447112
32729,41.08564856056556
32730,39.99399578428689
32731,34.87875673110477
32732,56.871540683140815
32733,63.94834477599944
32734,53.54257608112528
32735,53.253702803701394
32736,51.98338386142466
32741,13.951832414987523
32742,20.471200951340464
32743,18.49494733332237
32744,16.445158851335645
32745,37.208863426146635
32746,40.601325731510165
32855,28.996940482411667
32856,21.803924328427016
32857,23.69066128686556
32858,20.16875360551262
32859,37.40007850501742
32860,32.17802248738165
32871,5.799468545659821
32872,5.659757901497817
32873,5.935320932637438
32874,7.212156919010154
32875,17.834529295700175
32876,11.803583460170177
32877,21.458206435354104
32878,13.31035845197127
32879,19.0503624320805
32880,34.856624061275085
32881,31.427211915917074
32882,35.93463850805948
32901,15.974172769748085
32902,19.514097919716473
32903,13.345512861041376
32904,14.988157053755598
32905,21.19807392428472
32906,30.23716885947679
32907,29.76772744365842
32908,38.53039516240746
32909,53.264562314129044
32929,41.80013975200906
32930,47.61006706392503
32931,47.75841671214651
32932,45.123819402587536
32933,35.38121999738879
32934,46.403236437494975
32935,53.23137060857989
32936,56.15449618069896
32937,45.26980456767651
32938,56.58550501628159
32977,4.032221732777801
32978,6.034349801451881
32979,5.605097766484571
32980,9.5072160159099
32981,9.494933376346637
33029,41.05439390049489
33030,27.691735590605397
33031,47.97178448596929
33032,41.5640308859919
33033,45.40628156143235
33034,44.48261896516696
33035,49.72587136879027
33036,50.51593124813461
33037,47.298099887001264
33038,46.67988591938456
33039,54.81044411800664
33040,50.87475353028175
33107,44.408530956786414
33108,46.566242213374544
33109,52.12420800400828
33110,53.90838036867261
33111,53.801040991520466
33112,53.372596131687644
33113,55.55450667751742
33114,49.02516103072715
33115,41.180889455665344
33116,57.624773751618356
33117,59.19054877753494
33118,61.02633297495106
33119,31.68031540821501
33120,36.63417980108606
33121,30.96904794803829
33122,44.40615545539702
33123,38.162643919344504
33124,38.24443006859259
33125,50.75965433190494
33126,52.732777224654264
33127,37.75080971022708
33128,53.76281415952254
33129,45.437705261666146
33130,46.90787117973214
33135,29.48160538851375
33136,30.578833170943177
33137,32.881129037469
33138,34.016593158961754
33139,33.14794116254132
33140,30.888340995557865
33141,43.92069750633195
33142,42.062447166334806
33143,51.41622492565628
33144,52.188168703082006
33157,37.765210974666395
33158,46.75801408578039
33159,36.08709615345685
33160,42.59190034340002
33161,45.66659620531581
33192,14.16759046146656
33193,16.738746366556533
33194,18.428156303075266
33195,20.11985992470624
33196,19.324041808530612
33197,16.887960843384388
33198,19.61928843180573
33199,39.2744504152317
33200,31.867104912680297
33201,36.54610078472593
33202,42.92458452185854
33203,48.882611632766114
33204,25.03944950883788
33205,29.646880217944258
33206,31.946581731831362
33207,29.126194404933543
33208,40.745752349574595
33209,37.01666676651988
33210,36.29374499900977
33211,40.633729623140376
33212,37.011407103422385
33213,40.80107112360059
33214,41.78838385929276
33215,42.13757709344193
33228,17.20716505111912
33229,18.82746052066055
33230,16.609272557491362
33231,18.47347295797518
33232,14.09471618873171
33233,13.917403146260376
33254,21.063410714550567
33255,16.44384391425233
33256,34.32388320265126
33257,34.87082169603288
33258,5.173102090961819
33259,6.427128015101068
33260,8.908831314352716
33261,12.45074600734371
33262,18.121176309524547
33263,20.119375795985565
33264,18.044651467680357
33265,20.888273664754085
33266,16.08114248921308
33267,12.03732350987378
33268,19.512375923938734
33269,14.712435115607605
33270,34.79418127736404
33271,34.92590685397433
33272,31.304116910672818
33273,39.128197240392886
33274,15.366716459325824
33275,11.900741987779433
33276,27.903618010805328
33277,20.05837571232325
33278,34.690137461754354
33279,33.62364466550578
33280,28.523495416354994
33281,31.800897995010754
33336,38.76987208323468
33337,27.572791112249288
33338,33.835281725752225
33339,50.093624652314745
33483,8.55846004165693
33484,14.080324100563532
33485,10.265892288094376
33486,13.663134705681506
33487,14.931333956294493
33488,14.931333956294493
33489,22.79475697334265
33490,17.571824003746325
33491,32.66198742520899
33492,43.459826317169366
33493,31.606341675136754
33494,52.27375333920918
33495,31.534097287482403
33496,37.70635438351396
33497,54.72339404897927
33498,40.85008311870613
33499,52.60181331008002
33512,34.054145415278235
33513,25.950871330203846
33514,33.09539942334216
33515,31.720209383995545
33516,45.794332865284126
33517,40.12252316677046
33518,48.67838428808484
33519,49.57321869481311
33520,60.69875403932521
33521,49.07252079215143
33522,59.59858048757935
33523,48.89329101754048
33528,27.648106671236654
33529,35.05228786940704
33530,51.16855673201008
33531,47.92690226125865
33639,6.686526836757642
33640,14.03985167334653
33641,10.682344456664046
33642,20.166312463813913
33659,57.907706109259806
33660,46.63311901956175
33661,57.48772774114988
33662,58.510408511821794
33716,28.670706894232698
33717,40.86744256356317
33718,39.868640092327425
33719,38.65046441153067
33720,42.041512388812606
33721,34.26380546230426
33722,54.030606172335474
33723,49.35213433708472
33724,47.87877759421951
33725,58.86630992919004
33726,55.22851057049961
33727,59.60058633767354
33958,16.668649634480808
33959,14.193645845625145
33960,18.972774884214413
33961,18.961668946378595
33962,8.93740998328337
33984,9.897080455668526
33985,19.972175709138952
33986,17.68900415485626
33987,20.28444562644267
34035,2.425765778054873
34036,4.045653547523116
34037,5.349678495059919
34038,6.055598929533598
34039,11.286230015039768
34040,13.60122705397883
34041,16.70464756813819
34042,14.84116336330577
34043,15.16734211501339
34044,16.963277015228506
34045,20.30981191726404
34046,30.914249828324103
34047,52.54248985022823
34048,52.44233629281344
34049,64.9860482615021
34050,62.64456855216508
34051,63.84645367384187
34052,52.943030858674724
34053,57.22802214916461
34054,61.569580721050464
34055,64.84718817643865
34056,72.75122829712252
34057,75.80138046227742
34058,79.85713430714073
34063,25.19928061955493
34064,31.33617070402703
34065,45.43652533506663
34066,42.840905649760955
34067,45.57222433775428
34084,15.107432212893908
34085,11.581348848920923
34086,17.72303344047359
34087,17.698250301596463
34088,20.635043870528374
34089,16.914139214987447
34090,34.64016903420821
34091,30.63596626409246
34092,49.218253117795065
34093,33.95220375217059
34094,48.49033856694497
34095,47.14366574936274
34108,29.063949900748497
34109,30.26057693681534
34110,33.70212874339991
34111,40.900578542728745
34112,52.8554359944434
34176,21.27244505327256
34177,19.875367757054235
34178,12.866654490210053
34179,32.74317185312669
34180,33.77253674055542
34181,41.00602718844264
34182,43.649246594778866
34183,38.43671607468706
34184,41.411753625522465
34282,19.989993643548072
34283,8.372006659961453
34284,19.672793879590465
34285,19.35236558880293
34334,6.077420947018911
34335,19.677776584233158
34336,20.001776083479708
34337,18.784548969752915
34427,42.49961801747387
34428,46.9838394229119
34429,48.50590734334444
34430,46.92519335400496
34431,44.19582248633721
34432,49.46373195871269
34433,54.90197182959084
34434,21.24887666714659
34435,39.71996439948081
34436,41.35957451881296
34437,44.091153336056735
34486,27.315173601050944
34487,35.0692522275863
34488,43.53173493741033
34489,31.946780257424194
34490,38.15902355067599
34491,43.61230475732187
34492,50.628862369093554
34493,38.19446571196783
34494,39.14726675621612
34495,38.543449492782834
34496,50.285645317483926
34497,44.7334958674437
34538,3.355926101121339
34539,4.260801838160885
34540,8.53011669655781
34541,13.346119551197896
34594,35.868540146203486
34595,36.37028486508189
34596,42.512424847157675
34597,43.97823462051192
34598,12.911886287887418
34599,3.7953781301148526
34600,13.183333832458972
34601,18.48245162813602
34602,18.83263197586408
34603,21.08988701664889
34604,21.490439116239386
34605,15.699337072337352
34606,30.589200420560726
34607,34.128493038115046
34608,42.03811143104299
34609,46.11554301068819
34610,27.761368095112662
34611,27.62718026725215
34612,36.78821118661417
34613,41.15007436379325
34614,36.91137066501723
34615,39.90552233470205
34616,39.24121187189896
34617,12.762632947948452
34618,17.397699311953897
34619,19.892350628682184
34620,17.906723796990747
34621,34.27868542902069
34660,14.50941604495687
34661,16.204767163052267
34662,7.764198011508423
34663,15.033545707272372
34664,38.18313744028104
34665,37.18369121533098
34690,4.753344940889705
34691,12.210493850023726
34692,14.119983373588363
34693,14.095200234711237
34694,15.208502362349558
34695,14.164344869149907
34696,16.93445015211388
34697,21.187702715777785
34698,37.25775038992388
34699,37.45585027944939
34753,6.175997286129132
34754,9.171505151371397
34755,24.344320865164278
34756,32.10454445655962
34757,12.607265390919492
34758,31.886901825059784
34759,42.25548672158548
34760,36.43639904088609
34761,45.759218105796506
34762,36.21351613520389
34763,41.55494511631347
34764,41.0770580819946
34806,14.187859102560928
34807,18.28870780609097
34808,21.150694372712948
34809,28.621014693041882
34810,38.53872727560586
34864,9.191547751297284
34865,29.73814649374042
34866,35.01931536045832
34867,35.01722004406086
34874,23.81215585430429
34875,24.1268586267905
34876,31.82611860709459
34877,42.80385315695045
34906,28.64318264130937
34907,20.10107443614931
34908,34.06425118089212
34909,34.992529693643625
34910,38.1510519739131
34911,36.04219044914371
34912,29.1274702059424
34913,39.92360473945274
34938,39.55511576701591
34939,39.90456452175353
34940,38.604772586427686
34941,56.5947129072176
34942,34.219796726969456
34949,17.606603397703537
34950,14.619622161919738
34951,29.96638026250015
34952,30.366350439939975
34953,31.94452502932905
34998,41.67952936193943
34999,32.64325232798942
35000,40.97829237609895
35001,29.97142422352009
35002,42.912106711015504
35078,41.80948650113305
35079,22.393174798194643
35080,33.13059118263295
35081,46.57451751098814
35111,13.75217503806702
35112,13.529383422257824
35113,16.928293156262786
35114,37.16624483109768
35115,34.41485246889053
35116,33.05260852869378
35117,48.47687849164134
35118,40.14905147981083
35119,47.323445876573366
35120,41.83269461029986
35121,46.993790869297136
35122,60.06984911206061
35177,31.879375177302666
35178,35.38883277063012
35179,34.17396316681892
35180,35.199772594498434
35181,52.053537685058984
35207,27.421943276599112
35208,24.369824064962184
35209,33.02397248221424
35210,31.509770034244553
35211,31.0484483084687
35212,34.97829242733846
35213,41.48273994009
35214,51.776546243592996
35215,42.167806242424504
35216,53.988514580681915
35217,43.134952811426224
35218,48.99612535029621
35277,42.152437386530394
35278,50.64206884968382
35279,43.02393666099386
35280,51.030971780626004
35281,44.48010177470881
35282,54.26742579256155
35283,56.29197588386131
35284,54.449575684760276
35285,63.82654162474958
35286,46.7260829340431
35287,38.635511653763324
35288,38.671514615667625
35289,42.15791406860292
35389,21.832932780167187
35390,24.02609152442293
35391,33.59479878812555
35392,43.70291124534285
35393,40.91614528167774
35394,35.50057178506305
35395,41.98975590578191
35396,42.324228741621184
35397,44.218580120158485
35398,49.16569778583001
35399,52.10818262961878
35400,48.244051516923825
35401,30.263935276934266
35402,32.54562568830958
35403,39.09020154303823
35404,34.25350321771873
35405,49.36114055872366
35406,44.91331390323723
35407,41.537109099152445
35408,52.97258191432846
35409,56.71384510941607
35410,47.908115681115596
35411,54.640762765545695
35412,51.060587593926705
35438,18.32404892115164
35439,30.816686819354107
35440,52.9001976448298
35441,35.194648464913776
35442,41.329979322092726
35443,38.76664451405155
35444,42.93127049766466
35445,43.85922418428632
35446,40.23394885180676
35447,59.06681066523887
35448,58.54321236101161
35545,61.131993931274884
35546,53.907610196014836
35547,59.081932340708235
35548,54.36980078246627
35549,57.88879137241169
35550,66.69957490782134
35551,59.405949114275636
35552,63.38790073060482
35553,60.540670528081975
35554,65.0404360804298
35555,61.802399058670574
35556,68.54661335521575
35557,21.476792979018427
35558,50.45934635125136
35559,34.79555709684669
35560,40.81638033418791
35614,34.45331090513168
35615,54.47288631746458
35616,35.3807087874665
35617,43.41993472083261
35618,43.06161803820224
35619,46.41661896941927
35620,40.51237778192053
35621,19.827501636952128
35622,12.98951022698106
35623,27.88441871327063
35624,25.06665082694309
35625,18.994311892103568
35626,33.29844081421449
35627,35.42702869168416
35628,32.164967359789486
35629,43.36373980182923
35630,34.38589558047851
35631,40.958234876378405
35632,41.742800662306884
35676,51.83536013854054
35677,45.412361700874904
35678,62.08478524961048
35679,46.073154305580985
35680,48.93831589426372
35681,54.4724804298797
35682,64.52053234881727
35683,55.03840997015915
35684,61.20870971195565
35685,64.06052720089848
35686,58.12425951624751
35687,63.859106977701764
35706,24.744326237650373
35707,25.90313557916415
35708,32.48612701975363
35709,26.011847268166772
35710,15.130990572321673
35711,18.185978948997544
35712,30.434606809434364
35713,30.8114416765242
35714,33.096443593109896
35715,30.882964207938663
35716,39.41074227802406
35717,45.06643046567585
35718,19.58476296664045
35719,30.11990045707073
35720,30.705437361250343
35721,35.518842336189806
35727,18.583172067046025
35728,28.023444849710618
35729,26.963806978047586
35730,32.06303934336797
35731,35.38701312495737
35732,41.72084100798455
35733,33.091472803253964
35734,41.672272063484584
35735,41.64797829232693
35736,44.336679209197904
35737,43.25735424338295
35738,41.2071432892544
35745,17.550609327851777
35746,15.346427509261593
35747,15.681155470302546
35748,13.025380691876865
35749,13.00059755299974
35824,20.703761368153287
35825,20.530707084878777
35826,9.71889558601515
35827,13.274911867919451
35902,2.9773704915064694
35903,12.002436199950495
35904,14.0096666924915
35905,19.76939165718356
35922,20.57296469952861
35923,19.71176959113766
35924,29.24564293282843
35925,34.64926032256505
35926,31.16995880177876
35927,36.10654591196173
35928,36.625096294868065
35929,35.44437153719121
35930,44.25074129326736
35931,39.63941012001855
35932,39.77668615808312
35933,43.308384303488346
35974,19.168276051095923
35975,23.45112367007006
35976,23.528055335911063
35977,19.1076611116218
35978,37.808643858774516
35979,35.41163983951913
35980,43.56778872614917
35981,40.47298568844712
35982,53.20614123996502
35983,45.12493212002145
35984,44.46595415562315
35985,44.64173326531105
35986,7.427063645720884
35987,19.04689444388316
35988,30.8097608747096
35989,35.49204091787886
35990,42.69206541829271
36068,17.495419375046225
36069,30.062269253298037
36070,39.08680257219106
36071,38.73254475262721
36120,35.57990890522114
36121,35.83934147613804
36122,51.26922887881267
36123,33.24464553983942
36124,56.40282757248289
36137,18.792286642890076
36138,25.052976015189937
36139,17.636943112106074
36140,35.23950118974507
36141,40.639251475231774
36142,37.49431642150106
36143,40.301981217663474
36144,38.27355780260008
36145,47.80002953288037
36146,48.7094168685713
36147,36.69777839691677
36148,52.52488919143099
36192,48.70595284621948
36193,43.39829867247821
36194,46.121198158357075
36195,48.90383505357351
36196,52.26213674218629
36197,57.083913283387936
36198,52.18816496143273
36199,57.383819224371244
36200,65.14237494564088
36201,66.04993182648445
36202,67.1272134180118
36220,26.293122349615416
36221,28.21710143734243
36222,29.441125223270202
36223,35.92237685970221
36224,33.50819989179891
36225,33.76720584074786
36226,51.840868892935234
36227,37.459813237518766
36228,43.61454299189783
36229,55.5798750977985
36230,51.4344640530394
36231,46.82004475610286
36245,47.40417492297357
36246,40.59921713570663
36247,43.06002238197842
36248,41.924806027802994
36249,36.9049599634397
36250,50.28739814492837
36251,50.16552678050775
36252,42.38684475440859
36253,42.92186526243136
36254,39.541657264906334
36255,32.680481518679734
36256,34.55501802446927
36257,34.976640912930264
36258,36.73137907368096
36259,37.10082644764511
36260,33.325090077085804
36261,32.45886927800544
36262,39.876430398225956
36263,43.46509460055522
36264,43.9644506223468
36289,4.060832094543031
36290,3.697839199238342
36291,4.215697413877777
36292,7.029378576964713
36293,9.657284983837629
36294,10.772767674297487
36295,16.894736095536793
36296,12.843857047629053
36297,15.605183758763586
36298,15.774305680616907
36318,26.21772568984255
36319,27.896470122473385
36320,31.022469452670492
36321,39.304848835187215
36322,32.32419036264485
36323,29.600849614719934
36324,44.57461909360961
36325,43.984348542620374
36326,43.55651816631434
36327,46.94058377273932
36328,38.85841313944353
36329,51.47825740499203
36330,51.55512441638987
36331,53.145708791922935
36332,59.883073039944684
36333,52.61070524677808
36343,20.510093020403257
36344,21.73847447824317
36345,26.69021768232989
36346,34.21855456677887
36347,34.83663846185105
36348,28.845755472375515
36349,29.690748454730592
36350,42.5554655684498
36351,42.9423996688871
36352,44.94488960720548
36353,40.218191365050295
36354,39.8929339636223
36367,10.114898881394929
36368,29.64421042223859
36369,22.47187156677574
36370,18.166389066094176
36371,22.83027087394321
36372,32.435856684789655
36373,32.148664769230116
36374,50.8199686815087
36375,37.42967579224309
36441,21.640427247857566
36442,43.320100379503266
36443,44.72608978493376
36444,40.534043041663054
36445,44.2095277405152
36446,52.217487861250035
36447,44.91619881942599
36448,58.74882815336157
36449,59.89163652700569
36450,74.31473895253895
36451,59.444133208977135
36452,54.49370514309207
36453,13.730180105239839
36454,27.258256670799817
36455,35.67640773717046
36456,38.984497503549484
36457,32.294594743839134
36458,44.320760751498554
36459,43.15344732912935
36460,60.285950645088384
36461,53.080422775945976
36462,55.734136816324174
36463,60.25649439722517
36464,54.60771644331941
36523,5.009057213751562
36524,8.291891227299253
36525,11.843839650390867
36526,20.958882402890023
36601,23.2166107978087
36602,33.5254239181434
36603,12.615798513081613
36604,38.82133313692954
36605,44.1451414408328
36606,36.25980753509177
36607,43.737219420970874
36608,35.89073815810067
36609,39.89195526073054
36610,46.34001992814217
36611,37.78919047560123
36612,45.404163270135065
36618,39.68133979286479
36619,29.162862149228044
36620,37.409116536757416
36621,41.34768976941245
36637,38.914177235179785
36638,31.658338250961265
36639,49.322487160236676
36640,44.56472447922237
36641,35.304806435346876
36642,60.96802555341492
36643,42.29224560412711
36644,49.62808661865181
36645,45.98094070630007
36646,57.562039137775905
36647,8.171228761728694
36648,13.024516163307457
36649,10.693230547954952
36650,16.995443068485585
36651,17.894532359230432
36652,19.445857921222665
36653,22.477522050541708
36658,50.51474766278024
36659,40.35402303242779
36660,45.93693105591708
36661,46.33272804338317
36662,53.48245328578344
36680,33.06311377870526
36681,34.507734888003014
36682,35.85955628866543
36683,49.02449889192647
36714,20.80191786217219
36715,13.743842793479654
36716,23.091992579607
36717,30.96045985214946
36734,43.07230797142391
36735,49.930392566578114
36736,54.37727928746164
36737,53.45986943029995
36738,58.51137796427307
36739,55.24776048226988
36740,54.18098186019499
36741,64.79154863882847
36742,57.013751067081266
36743,53.506302301076474
36744,61.553356382385864
36808,29.90213896924169
36809,36.775947419856095
36810,26.895361556625584
36811,37.49169865111124
36852,21.501700873894045
36853,29.366422846883225
36854,28.330763084420003
36855,35.25189440337727
36856,30.561087666362507
36878,12.357238486502036
36879,5.1066873916697375
36880,10.784007590425443
36881,19.69620216081138
36882,16.573533491624826
36883,23.743766303365085
36884,25.476350322322496
36885,24.25982389150762
36886,32.2550743520575
36887,31.81867482358992
36888,34.89143182238879
36889,36.61182568720283
36890,36.57716096726804
36891,54.45703769451452
36892,39.973281226184476
36893,47.62481902812513
36894,51.578384585816714
36951,31.845790786442894
36952,29.800022298995565
36953,30.500699512948657
36954,37.867457966456705
36955,33.665149699081645
36956,52.366576940606116
36957,42.6104754872863
36958,38.35387230108219
36959,43.93995158449364
36960,39.036398635545396
36961,52.385679969854706
36962,44.10491006567097
36975,29.30165911573094
36976,54.39247917164145
36977,46.243179532931386
36978,53.77853336961539
37010,3.8718457389015546
37011,9.338042242037213
37012,10.140089278106473
37013,6.272114072334725
37014,13.560818588277
37015,19.38723017560511
37016,18.58535396334898
37017,14.676757149244544
37018,39.334744311047444
37019,34.453846105264944
37020,31.659595975005622
37021,39.19216150612575
37022,51.723075932195066
37023,53.4732776217112
37024,37.327521114802494
37025,37.541740164298346
37026,47.81622764464167
37027,47.52407264872252
37028,51.361052125790984
37029,61.00703050799479
37030,59.63583783320849
37031,55.15760766765552
37032,60.03622172337163
37033,66.10293886490426
37034,29.788282948785035
37035,22.28604797159845
37036,30.138984477926563
37037,16.506424538167256
37038,32.57430129386458
37039,33.95979966866108
37040,32.15289192547467
37041,27.67610196993329
37042,8.639495313758468
37043,16.994190393908983
37044,16.84485854932335
37045,37.74527431777641
37046,32.977732057413434
37047,36.21811351915753
37048,33.98733809261528
37049,39.36847302630737
37050,49.872834534021386
37051,47.054450211082184
37052,36.082211303962126
37053,36.638540736120255
37054,32.15125406976304
37055,48.522034467808496
37056,42.01126360899792
37057,58.39857250569515
37058,49.13499743072445
37059,55.48299406722429
37060,51.070656308767205
37061,58.335610157191724
37074,31.03652541921773
37075,43.3383879369543
37076,25.0316327449355
37077,24.141409504101354
37078,35.44952943188322
37079,33.61961717351606
37080,33.668216017842894
37153,20.186160814171238
37154,27.4110541726541
37155,23.918728245066333
37156,34.84960638045095
37157,38.70272482172241
37158,36.5174515010676
37159,36.07342255440007
37160,40.22871293088969
37161,40.500900069871534
37249,20.145771375081512
37250,29.029703255781026
37251,23.688611938912032
37252,30.491961673506886
37253,32.902110812771696
37254,47.337851259463704
37255,36.131919162129535
37256,34.29545476104677
37257,50.64053825099133
37258,35.6743322765665
37259,40.104551637456275
37260,44.19501997256299
37261,8.324194669081034
37262,18.88108024578631
37263,17.290710699465265
37264,18.350525047804517
37265,12.125145142647906
37266,14.820231228644621
37267,30.836062102662453
37268,36.249074358075525
37269,34.83608993384229
37270,38.07797852882603
37271,46.616978836245586
37272,43.757030392902664
37308,32.117652915858926
37309,41.20796196960859
37310,46.063496001547485
37311,36.339365114310496
37398,34.928681579904534
37399,35.80912452085384
37400,49.83106325102525
37401,42.09513212210073
37430,17.260893536061474
37431,26.98097142333384
37432,23.91416894283306
37433,36.018547508521024
37434,28.58631939440059
37435,38.60700001253286
37436,36.52649838384618
37437,33.52367946481915
37438,29.91743555328993
37439,52.4365951993605
37440,44.80427568329481
37489,28.085752248952627
37490,49.53504210481837
37491,43.542035636326546
37492,42.81686970158128
37493,39.773959401123484
37494,47.938222790449714
37495,50.12360577604338
37555,18.471461748181067
37556,17.89348770639207
37557,13.817147208190264
37558,23.44525666479445
37559,7.990453145931191
37560,25.09205951244641
37561,37.381191864244755
37562,36.30706855216367
37563,38.87298040825252
37564,57.72016424693336
37577,31.472592766267756
37578,29.294342037815614
37579,36.24622421282495
37580,36.547731522998504
37581,43.30271377122649
37653,14.595449098631736
37654,29.434726759665022
37655,30.421493562487463
37656,33.50077073851529
37657,31.59808757978055
37658,31.933474625967577
37659,55.29643902518205
37660,47.75302094601445
37699,42.99694258338258
37700,47.31804176900106
37701,40.02787652935137
37702,39.29037607674757
37703,52.77288911533938
37704,48.77825675447417
37705,44.73661636543563
37706,51.044704544981144
37707,56.28762350224445
37708,48.69392647720624
37709,56.633066582695534
37710,58.24690664452244
37756,42.73066837979777
37757,50.43804775153214
37758,39.71678235181421
37759,56.1032975812448
37760,50.82768257383249
37761,51.799659008947486
37762,47.55690741418005
37767,23.69865462265685
37768,29.676975060946663
37769,44.69513836724841
37770,50.70421735240397
37771,42.08617240893795
37772,44.20421460401689
37773,56.946991582827614
37774,40.29184580862575
37775,53.01445499849344
37776,58.908119977385546
37777,52.053971359859304
37778,67.52387497185077
37816,13.620852614289996
37817,17.58279431006564
37818,22.611805549920327
37819,29.008475251934364
37862,20.89300835108116
37863,24.258985863849382
37864,13.903267759051166
37865,18.226173041114592
37960,29.70284435173693
37961,31.807831882069795
37962,21.0626255897322
37963,39.37887025546573
37964,40.502402302817146
37965,32.53044449031327
37966,37.09163718314408
37967,39.10849375122044
37968,60.553107684164175
37969,60.0471941208309
37970,56.19082828980928
37971,46.23304295241659
37994,31.889966914196396
37995,33.917991641597844
37996,37.631590107363216
37997,53.793430148678844
37998,54.50964886329342
38021,29.440741575632526
38022,36.55818007752044
38023,24.65168357728389
38024,38.429036564658574
38025,38.57721260748123
38026,42.9024455194403
38027,41.427839111132876
38028,43.634999372684135
38029,49.673361256762334
38030,50.5408547869343
38109,32.41558967041953
38110,21.87009329469162
38111,33.913373316146455
38112,39.05681666365349
38170,32.092476834565105
38171,27.045649239377198
38172,32.04689527039034
38173,29.290377389135813
38174,39.6159691886499
38175,41.77817492974119
38176,47.50916952075225
38177,32.530968671042096
38178,47.07607454820929
38179,40.71852109283467
38180,51.68234155458361
38181,52.6885808320773
38197,29.951350846899047
38198,31.233893394797718
38199,32.291750946896414
38200,43.639225385387846
38201,44.391577225337336
38202,39.46615033894566
38203,30.603499418477007
38204,53.9570218729665
38205,60.44294167054082
38206,36.42686924412321
38207,51.550937410538275
38208,52.12855603178991
38209,57.40816068393651
38210,55.97407890758468
38211,63.87760737877677
38212,57.8934998802687
38213,63.22355230298829
38214,64.62910047304703
38215,49.09522579839478
38216,44.455814432351616
38217,60.13940334899063
38218,63.17392460589137
38239,6.108197228275183
38240,15.513778745878366
38241,37.70081188798443
38242,32.1436979444863
38243,29.73179268399767
38244,33.18869343502035
38295,5.756265490612596
38296,31.07127378236016
38297,28.91375742000778
38298,32.15772399953904
38299,34.448908390421
38300,36.829310327219055
38301,46.185128819297375
38302,29.849591461534995
38303,36.428434272746564
38304,40.61747594919161
38305,39.03565006380347
38306,36.57088827624754
38307,49.56100013182911
38308,61.39052460169533
38309,58.482949110308354
38310,58.779441870481705
38311,57.77222856553492
38312,20.324572891603136
38313,24.274321947779956
38314,15.297303504983388
38315,20.826160864799547
38316,23.364956248712616
38317,20.063076265553484
38318,37.74993572176958
38319,34.342674351463955
38320,32.41583951788188
38321,39.2072041832417
38322,36.81333238790744
38323,39.12187021785314
38324,28.290581462896746
38325,29.466574884404544
38326,42.256323822339056
38327,36.67104764076361
38328,40.201177368650065
38329,50.237721413165175
38330,38.96400216497332
38435,34.35770197169604
38436,29.105331695508323
38437,35.071893435860154
38438,34.41809520236928
38439,36.461463176139254
38440,40.61442436378329
38441,38.245395176037555
38442,40.65935281910111
38443,41.68993342290543
38444,45.507684377098954
38445,55.35396240972888
38446,45.87797832388938
38447,36.54087979942832
38448,32.4530070397149
38449,34.35233172266169
38450,36.10842830412603
38451,35.36902930926237
38615,18.54748141316734
38616,40.39470568071544
38617,35.55445083781004
38618,36.370245886985636
38619,29.185395566076572
38620,41.58558968526792
38621,44.7610484244315
38622,37.46125517832086
38623,44.44452432722277
38624,49.1035568716044
38625,54.86488305771142
38626,50.11310156034856
38627,19.92477761569744
38628,28.107486047179574
38629,31.470637273641163
38630,32.76469154048611
38631,18.48274986916602
38632,9.979409335014225
38633,34.09606705597899
38634,39.32324340501895
38786,36.848850574394746
38787,54.04994015172568
38788,58.36593256434716
38789,69.7351745089319
38790,56.768727156582734
38853,27.46269248568543
38854,41.69979159251889
38855,32.48560475817241
38856,44.76285036462298
38857,55.441244688659694
38858,41.60759329189511
38859,51.52175924233919
38860,56.49220071918962
38861,49.72171907300088
38862,52.642609439588995
38863,53.62012857243138
38864,60.93310067957514
38869,30.46706803465195
38870,40.358076540351334
38871,49.821684992545165
38872,41.947271630495194
38916,33.728690212986265
38917,30.253931751113377
38918,34.10355389681419
38919,32.203551479399955
38920,35.318524347506795
38921,40.66221262183423
38922,32.15205491111007
38923,40.41499604345906
38924,35.102691035487375
38925,47.19977151147485
38926,39.174576313049876
38927,31.56420712580273
38936,42.47891889158348
38937,43.806117341096815
38938,43.93696426977208
38939,54.50863313601505
38969,25.054983754015527
38970,18.16228122533875
38971,18.16228122533875
38972,31.000674150276996
38973,30.272266366549616
38974,27.851833890302185
38975,35.5957267709757
38976,30.02614750562694
38977,35.810425669897704
38990,7.406384452093512
38991,12.287621470770958
38992,16.110375000680204
38993,16.216703708586163
38994,21.794263544026272
39004,34.68263811145299
39005,32.26133431514679
39006,38.976434153847265
39007,34.85935025589667
39008,50.04748162982878
39009,44.751136476098516
39010,59.25706337457544
39011,53.51808654667848
39012,58.42824360311605
39013,53.8563471494611
39014,36.93527637839489
39015,55.13668073837069
39040,17.87364710066285
39041,23.84438909712209
39042,37.60853903934613
39043,34.65027642658569
39089,26.316050509601077
39090,40.02117753569966
39091,52.365383021090395
39092,47.462909475073566
39222,11.823543562536695
39223,22.32646627877534
39224,37.95420546647247
39225,37.575136054897825
39226,50.52121132251626
39227,36.89889913660255
39228,54.65218676442844
39229,36.82661542260674
39230,46.088145998794495
39231,49.03365639884591
39232,38.33880227142202
39233,58.75655461082223
39252,20.406629009884192
39253,41.17170464906021
39254,41.03522436623191
39255,19.11018048948913
39256,41.169105352333055
39257,52.43933342352131
39281,11.500367367073519
39282,23.315358191374745
39283,18.674131501314623
39284,21.18881780901325
39285,21.431513711368222
39313,17.456531716104482
39314,16.58264447126577
39315,13.648637337211227
39316,33.276025430270245
39338,33.04063520339666
39339,30.872984822529663
39340,7.999783256186284
39341,37.174937408352065
39342,33.97378771667503
39343,46.96709292837218
39344,42.156132140435886
39345,34.81367392194975
39346,44.30441738551826
39347,57.077192588717516
39348,50.631338138679965
39349,61.44699491123039
39408,20.09393865833607
39409,30.82972145622303
39410,30.918698680282375
39411,32.432981326894144
39412,38.90495849056079
39413,36.43727387585888
39414,50.948836576755106
39415,45.34846320695023
39416,45.44477452780146
39417,53.202055916370135
39418,50.90512502884542
39423,20.779617522871394
39424,26.229285023597658
39425,34.06942010532368
39426,34.31742768727398
39427,33.669013167520575
39428,39.43477197663461
39429,42.86376727201282
39430,35.487968244026014
39431,30.443885539489838
39436,28.18668692978565
39437,21.02554366652783
39438,25.01823483884838
39439,45.4574498349824
39440,40.72006215064341
39441,40.35304718245579
39442,43.44456885981595
39443,55.260770342812414
39444,37.901394230595024
39445,51.432607772563856
39474,7.760504334569657
39475,16.842616620482925
39476,25.592936990043178
39477,37.315486957400616
39478,14.34527720008288
39479,20.030359412370014
39480,21.64485005174189
39481,30.715738544004864
39482,30.458532297367846
39483,29.13550873757438
39484,43.01932517304254
39485,29.02752428044901
39486,47.47664480611341
39487,55.81683003220932
39488,40.00461792080305
39489,53.217945791659375
39522,45.872570416473174
39523,39.00251340694257
39524,42.53211313023863
39525,49.685452743502296
39537,15.375064928635647
39538,15.237898977494021
39539,32.92865594667125
39540,30.20637097512074
39541,37.827887428468436
39542,37.73081455129327
39543,38.67900639076738
39544,52.86046781277404
39557,32.20072996585936
39558,32.13945635118222
39559,32.325754117807286
39560,34.57809735058587
39561,38.43171200697368
39562,35.38279467053553
39563,39.919849728859084
39564,43.49572586633529
39565,49.134758996457144
39598,28.885220428004974
39599,29.863138924579676
39600,29.404727044847487
39601,49.04228601119982
39634,16.23515681656498
39635,16.579140998529017
39636,15.006036890821376
39637,14.267578157553467
39638,19.878811435915576
39639,18.27570467610998
39640,13.28657731907712
39641,54.235398213190685
39642,48.68204353620508
39643,34.259646011243035
39644,61.472284409083095
39645,42.468656672864675
39708,47.00421529143034
39709,44.57707432941014
39710,52.480859783886046
39711,57.82420775329214
39724,38.74340431473195
39725,29.65678609984702
39726,40.88749766583108
39727,42.55038604603272
39728,42.92503477231357
39729,36.203859064626364
39730,55.37220003537806
39731,57.33233058138889
39732,53.044442575221
39773,42.202414684814094
39774,30.099845765126055
39775,30.406960549511766
39776,33.05459039227803
39777,44.51851680593441
39778,38.310400547584194
39779,26.729021625452777
39780,8.741080133255126
39781,10.191100281459981
39782,19.434967098969796
39783,30.24621501337512
39784,32.22671644511539
39785,41.674817049396005
39786,37.868840267831345
39787,34.60865868746006
39788,47.16128934794853
39789,45.93299931989053
39790,58.891014348286134
39803,26.194266472328145
39804,40.7437074800317
39805,54.71358078943663
39806,40.08695789449448
39807,44.23520784780327
39808,60.95467852143701
39809,57.00106984773981
39810,57.176489623576366
39811,63.753538543449416
39812,64.56693167380085
39813,62.31128527861546
39814,66.38115496658868
39815,72.46376408978205
39816,78.48910810265676
39817,87.59714685003247
39818,76.99947952023297
39819,80.8042135748678
39860,33.6115702467487
39861,41.99597813599109
39862,26.57301906381903
39863,32.696171121998454
39864,30.571434397470533
39865,43.6342546304411
39894,31.494723326140626
39895,28.69144210294648
39896,28.604559853432743
39897,24.407455962409195
39936,15.302278640268456
39937,15.138257452575871
39938,21.810072346195664
39939,11.62174239167723
39940,17.72445955395168
39941,19.111679690360134
39942,14.46488312694401
39943,20.753660335349316
39944,30.923526653826507
39945,30.589692275106636
39946,35.51915601836058
39947,48.75773596319204
39960,5.104938138591967
39961,32.763980550538825
39962,36.731490645323305
39963,41.69583345201568
39964,25.591673552850313
40034,31.366133319729112
40035,41.114285769581464
40036,41.02343672406581
40037,40.83295268243818
40038,46.776108145330404
40095,30.678213078751938
40096,42.79055127604131
40097,37.624259222811716
40098,45.82236797856176
40099,40.290592825546724
40100,39.192743191478634
40101,46.352562554513234
40131,11.754406597631599
40132,12.71021003972086
40133,15.784271660820997
40134,16.37745560216511
40135,9.90859949104733
40136,13.948236541592518
40137,18.028117323756174
40138,37.58630214277989
40206,9.2902399907895
40207,13.194969589688018
40208,14.416925459364327
40209,5.09897648343016
40210,10.436507547085677
40228,13.558306877370567
40229,17.202561582596744
40230,18.20609598207098
40231,18.058166127857948
40232,17.9575232447566
40233,32.80111775092202
40234,32.79885005612213
40235,39.104110154509556
40236,38.84696922957581
40237,43.40278428904325
40238,39.72370564229049
40239,45.03928254988813
40252,27.354968420513934
40253,15.057741407024896
40254,27.98647118049509
40255,46.82856539534388
40256,46.90782425049133
40257,52.00376505851791
40327,18.779937069952595
40328,36.56586511974359
40329,38.4396975949055
40330,45.1111842828072
40331,47.869612163398685
40332,51.87696535765931
40333,43.54541065087253
40334,44.07248322673209
40335,56.30420833725315
40336,59.691993828130286
40337,59.753797645864665
40338,69.80114663859634
40394,27.416034351246648
40395,35.54631911439615
40396,31.98904471285393
40397,36.75421721022216
40414,45.84038403067778
40415,49.04072154217927
40416,59.93055716706045
40417,51.50512698313964
40418,45.10736004049356
40419,61.65784400421844
40420,16.493954909253098
40421,17.613092467964073
40422,21.420850059907483
40423,18.205275492692937
40466,25.255677800179523
40467,28.857499455662822
40468,29.81629916539679
40469,29.91213685361261
40470,41.842124955114635
40471,33.1822703362846
40472,35.233231250092715
40473,45.20439826624192
40474,49.117369377236344
40475,32.66350803394813
40476,51.49352362968928
40481,43.07663751008038
40482,30.160651308648198
40483,31.363507692612927
40484,38.85292472898574
40485,47.36516436539757
40486,48.93369455040873
40487,49.01230759072024
40488,51.06090015371962
40489,62.78098934696291
40490,63.18604969722427
40491,61.7073360210007
40492,57.92032626484534
40493,25.980578134899034
40494,40.496452012646365
40495,30.210433334905893
40496,54.9732328703723
40497,50.63847451437986
40556,44.22307845647331
40557,37.62321208055512
40558,45.614344672374926
40559,43.14077437478789
40560,52.920140285697556
40561,55.34454382414945
40562,45.40680771229238
40563,47.93478762947111
40564,51.87216756651715
40565,64.21423787977105
40566,56.07377391210026
40567,58.6713136290814
40613,24.72210058496501
40614,35.82698315627139
40615,34.395385740751266
40616,35.36007651289728
40629,8.482701351224197
40630,14.661660078516489
40631,21.80004089013099
40632,21.690196801160248
40633,24.19432772279914
40634,18.43517726421394
40635,37.0006356322195
40636,38.345055314869484
40637,40.13685796501141
40638,36.15635049096539
40639,41.70321927891056
40740,15.250582834162623
40741,11.958332332377772
40742,18.667738130948905
40743,19.088440181990027
40744,14.677843117339277
40745,16.682754353890203
40746,33.489571136417524
40747,38.9583145671032
40748,35.56459680631602
40749,34.030866021867006
40766,50.14602091940535
40767,45.57206155859927
40768,42.51723497635466
40769,63.59955431048315
40770,43.75028699344574
40771,33.10683366143611
40772,40.84609861087548
40773,36.26689246513898
40774,55.99115170475147
40775,42.77906111511462
40776,66.24188059654676
40777,57.73483450050805
40778,59.05690501118926
40779,43.38387551769425
40780,58.77292434625652
40781,63.54887303595616
40837,17.06243637285403
40838,25.77514042894715
40839,30.649356069315346
40840,23.25703667595743
40841,31.393876577441816
40863,14.216495637615246
40864,12.376178352717192
40865,14.977176236032442
40866,18.967792363934716
40891,22.099102305039487
40892,10.68278808918034
40893,17.04454958284273
40894,18.711314896177573
40903,31.380072822652576
40904,35.964743584043134
40905,34.72576789101223
40906,26.683679713404175
40925,3.3249379946064384
40926,14.269144405501379
40927,13.089468870535805
40928,11.826682035057939
40963,24.70098023593495
40964,33.84550790640394
40965,30.852340892635947
40966,34.60771550755174
40967,28.281388419694267
40968,35.6129952982476
40969,38.46566300537466
40970,36.097931905768576
40971,49.28803519204827
40972,45.4464259955838
40973,43.60118322859635
40974,58.23227371828645
41003,21.427205204986844
41004,34.034805990837036
41005,33.18228237590583
41006,31.34015974220651
41079,42.13955893023952
41080,50.13065186633295
41081,40.49098987060376
41082,41.184369403879394
41083,44.637872508562076
41084,51.324051784763945
41101,26.984713648764327
41102,30.928509100510084
41103,35.08290389933152
41104,35.352492073696354
41105,36.072063746569086
41106,30.612505342493897
41107,48.09780665884524
41108,38.665191981467814
41109,50.81744898509668
41110,43.02045028877775
41111,49.54157256172165
41112,46.19372260068822
41129,37.68618972246129
41130,21.237279804717613
41131,44.264511195576524
41132,51.016953689863584
41133,34.85033547073658
41134,38.41230965764194
41135,53.46583552341627
41136,40.724585323602945
41137,45.1800276848467
41138,43.88327891388556
41139,34.80010515189084
41140,31.858279802709802
41141,40.82709129660377
41142,36.380495749124435
41143,42.94405410781238
41144,39.159399182386345
41145,44.83193528347101
41146,55.08773381441763
41147,49.338310608631836
41207,18.620516847982433
41208,15.698955837929718
41209,16.266064197057
41210,21.454363675580343
41211,33.372235556565975
41212,35.38920396288827
41236,20.337697043174963
41237,14.191241880318769
41238,22.96176978158445
41239,19.25297772633508
41268,28.759297170365805
41269,35.62980685113627
41270,35.15445931175605
41271,33.08599182600692
41272,52.44159489951729
41339,35.04781242323521
41340,44.77993393802998
41341,39.11388224738103
41342,34.14587556952587
41377,26.84606531300942
41378,19.88780102593285
41379,37.09358456904872
41380,39.30657028445413
41381,52.61788297116701
41382,35.63911834441163
41383,35.48208738580394
41384,47.41759180229426
41385,54.01876939040132
41386,48.962283042933166
41387,60.926442936241415
41388,46.908797638174974
41401,19.883193718629638
41402,30.40139501411547
41403,41.677924854056286
41404,39.52527915687115
41405,40.17578066806581
41406,39.31385136525098
41407,38.39357192609364
41446,51.657068455807654
41447,52.94851943517071
41448,49.251329060310965
41449,46.60373809694942
41450,44.68360334654837
41451,46.25718581746509
41452,46.75522673433872
41453,54.04150132963351
41454,51.021509845197734
41455,58.11929701672823
41456,62.4243818504811
41457,62.44614654205202
41484,28.953788522143462
41485,28.870148723213525
41486,48.69990627809131
41487,37.77976576713212
41488,48.98993399689416
41493,20.133936852501567
41494,19.471947412980306
41495,8.584218534300803
41496,19.976448022698854
41497,28.61372145202085
41498,28.94384503590911
41499,34.31198048482347
41500,30.034547925044926
41501,44.50193700131648
41506,31.647026024075384
41507,39.71722091732126
41508,43.57525496993868
41509,38.9711087199013
41510,3.8309347145737576
41511,14.211315762178838
41512,15.542878876315893
41513,14.270787338690432
41514,19.16529727913604
41515,14.11546676746772
41516,14.533230360146778
41517,20.790186294825663
41518,37.3054060404482
41519,39.61166407898925
41520,34.92999816864443
41521,39.451349832928365
41530,3.848205083742273
41531,9.86348843082001
41532,8.33980865540257
41533,6.356174247483147
41534,13.436338749837288
41535,22.91225922318212
41536,15.364046606746056
41537,17.183920655391034
41538,40.55275261585173
41539,37.183689386492894
41540,37.45029176879289
41541,36.03797447034026
41559,36.8521092256764
41560,29.403326086912926
41561,38.97796140025561
41562,41.224203634934334
41563,34.04466702402503
41564,53.61730756899848
41565,51.392791024917194
41566,50.69671363278848
41567,62.97006099744622
41568,65.87486843786752
41569,68.58018868011862
41570,50.167236734103895
41579,39.32876068112148
41580,38.60929144563719
41581,38.17245848921231
41582,51.013727989144705
41595,19.04006368498458
41596,35.89282174913321
41597,41.10204193625365
41598,33.51923737749203
41599,36.51804884731086
41600,43.52162301163662
41601,33.20355079846167
41602,32.185557399458524
41603,57.77224649434098
41604,48.92505170683625
41605,56.14302290185213
41606,54.66086576916324
41652,48.774279561015604
41653,51.42549535747553
41654,53.63363628831613
41655,46.13844361681406
41807,14.916454642417506
41808,21.19748679631068
41809,28.28385295894397
41810,19.116166188244872
41811,32.74171665389585
41812,29.361767985634433
41813,30.677127063482107
41814,37.85362072256594
41815,31.571018713414535
41816,33.9612048106628
41817,39.81505260697859
41818,42.0715724875377
41856,4.496633117741004
41857,4.791520312128218
41858,5.442485916656267
41859,13.9284257949182
41860,14.369919698580155
41861,3.2260316314329884
41862,3.409902845160895
41863,8.034713837670196
41864,13.978810416606835
41865,16.37745560216511
41866,8.103904409379986
41867,17.201158431417355
41868,13.985652811974784
41869,17.14017685837915
41870,16.708964287846634
41871,20.127624260543296
41872,39.63868032596881
41901,23.140160926911044
41902,13.082450345505615
41903,16.61644096048765
41904,20.86632175140032
41905,14.404378515049844
41906,40.6789860653701
41907,33.84401443947497
41908,42.7991449416947
41909,40.76817476008265
41910,39.32368078719915
41911,42.49341666837786
41912,50.257199830263914
41929,39.33397417306283
41930,41.89591423781535
41931,31.852888411664075
41932,60.770460671050486
41933,39.02238361777855
41934,40.48759678768342
41935,40.09423500725886
41936,37.34024735183441
41937,37.172857947391265
41938,38.95369930110016
41939,46.852197699321565
41940,44.85681657144104
41941,50.92081371432327
41942,56.31284314659226
41943,48.5101435442343
41944,46.26752389507765
41972,31.7573160288204
41973,31.6013123246376
41974,29.233454197631275
41975,37.3861038940351
41976,31.471298305863474
41977,41.91980264118339
41978,46.87434893247498
42010,45.07414314900297
42011,41.906096378073805
42012,47.56397207113418
42013,48.19856228261987
42014,51.61937203027995
42015,51.43777512736859
42016,63.37309577018021
42017,56.30099683245761
42018,71.0241520844308
42019,15.607625994627721
42020,20.795936707369766
42021,17.453113815043434
42022,15.264679403350888
42023,39.71921186234006
42024,37.50778421255316
42025,41.00580774267644
42026,46.808497157817264
42027,43.28428189492529
42028,40.29894611903524
42029,37.50688576012585
42036,7.74687673466882
42037,15.118054120406136
42038,12.736436166102436
42039,15.868190167236603
42040,17.21367106272722
42121,14.249253487408685
42122,32.930245839213796
42123,29.533176439294422
42124,31.989722155553416
42125,29.7647651338946
42126,31.833706729724117
42127,46.62263213339271
42128,40.27873181578589
42129,49.86796721578049
42130,55.633910542569865
42131,41.153986363186306
42132,51.744925037349994
42133,20.765152919377947
42134,21.275283278620783
42135,30.472778799968726
42136,34.49728837897045
42137,36.32165866982414
42138,39.93324143606031
42139,43.32716508000205
42140,40.74057074151435
42141,43.15387313785031
42142,43.996339244933935
42143,47.87074869236866
42144,47.44336255619447
42181,11.153953509013693
42182,12.648416476942915
42183,14.495904668721355
42184,13.510747718642186
42404,37.46408720472444
42405,46.93680651157792
42406,47.944742140341326
42407,44.40877925880422
42408,45.199698285384606
42409,40.91882811098104
42410,46.17041282380398
42411,43.41034575197662
42412,58.450369225024225
42413,46.99337370722949
42438,20.42715039971153
42439,23.94063039747307
42440,20.541242755585106
42441,21.098456023098702
42442,34.364714713289025
42443,39.79744495103297
42444,32.68866171480241
42445,35.99218344226765
42446,46.5992132653683
42447,46.66387474948549
42448,46.88598523501455
42615,34.3760477933626
42616,23.360327569529737
42617,25.468380499806965
42618,40.79335092871284
42619,51.711328341244254
42620,39.985449597265266
42621,43.409251207638754
42622,35.918953492313655
42623,46.54807836684956
42624,51.48115441801605
42625,51.291047284865215
42626,62.67697425108044
42639,24.29114830318674
42640,21.033569235868907
42641,25.82242730930728
42642,36.2067852611802
42643,35.186421868995296
42711,10.799766807138596
42712,11.020792421015875
42713,16.20448193453972
42714,7.930930741754604
42715,18.337479175294487
42716,19.820201598738954
42717,16.25161901440441
42718,19.971630090327906
42719,13.369086260841208
42720,38.45598989626203
42721,44.59116014456761
42722,44.07837695270936
42749,21.728173718368716
42750,40.35938874335892
42751,33.09546075279155
42752,48.44612083565838
42778,27.972023710467905
42779,32.335856540635916
42780,30.40580936786483
42781,32.98379667924345
42782,32.441108834095225
42870,10.99299522622447
42871,8.474624438388705
42872,11.328344829831874
42873,17.242741160990043
42874,16.024089136743157
42875,16.67765930034076
42876,20.65894654473683
42877,36.971450348738685
42878,41.23312438909684
42879,31.695042766214687
42880,47.339676661030836
42881,42.39069704828343
42977,5.214115135200873
42978,11.50695233732633
42979,16.630481513006767
42980,19.48447076573287
42981,11.571526543113702
42982,18.191399501686664
42983,40.619625521465586
42984,29.689708795396886
42985,42.76264173516471
42986,44.63632656116429
42987,43.4080432608219
42988,31.89445235981893
42994,48.411544697304116
42995,51.5139894926505
42996,45.457751714073815
42997,49.22956084735111
42998,60.461333573220685
42999,44.61243874210084
43000,57.75562595461903
43001,58.63941088325266
43002,55.17331570772287
43003,56.76157867481488
43004,56.75512246907501
43005,61.504385333555334
43018,14.380228370553075
43019,18.695123859011883
43020,34.807948833474526
43021,38.96965092423996
43038,19.892792593778296
43039,26.224726085628614
43040,22.278206217652166
43041,32.29922505811452
43042,31.68907466050071
43043,36.58388847678718
43044,33.72828694679673
43045,42.23971798602168
43046,35.07216559014617
43047,46.80798713118349
43048,52.76876545756707
43049,49.10759229165294
43050,38.88366694727606
43051,40.896229638465584
43052,28.41108764384331
43053,33.57321450730092
43058,18.224190116567794
43059,24.14357014688085
43060,19.5575108824131
43061,33.11766418057703
43062,33.357783510597514
43063,45.52372518757389
43064,41.329978037431076
43065,43.770428597850334
43066,46.99712045779339
43067,52.50030527259391
43068,49.938099771222255
43069,45.093093838487185
43120,18.610326898597897
43121,30.552690396743973
43122,13.577104996257065
43123,30.82177909529312
43124,35.042256484800156
43125,32.30111393903312
43126,43.52812228914913
43127,36.4102394995404
43128,49.25199881573929
43129,41.036619327980134
43130,38.76305703890618
43131,40.67886701794374
43132,12.888747145688452
43133,21.82866739202884
43134,31.616045081504087
43135,30.99765344958617
43145,34.14138443739412
43146,24.258362533951427
43147,34.621734953393315
43148,48.157899887737464
43149,40.70760450866667
43150,44.39021885211861
43173,29.703812853807957
43174,29.674754859607994
43175,32.75501047327842
43176,34.894165796636166
43203,38.517223851736404
43204,46.82437865734524
43205,49.77642392788927
43206,40.287791428094565
43223,22.59921690589301
43224,24.037212663061382
43225,33.48108240059474
43226,27.72990416791188
43227,32.09509682691771
43228,36.14492971448954
43229,34.99514956368982
43230,37.6546572051907
43231,32.240375272322645
43232,37.77453839594117
43233,41.29476014150299
43234,44.676452655809705
43279,24.29240892191713
43280,32.99925013738103
43281,31.03949022179255
43282,31.558807937641703
43283,40.24710504925862
43335,26.60132091947192
43336,34.21347308860925
43337,32.09930648262048
43338,35.24984971140555
43339,41.48120268788012
43340,35.64054174436106
43341,55.05317260750866
43342,37.31186372879065
43343,45.144540929664565
43344,46.383200081357494
43397,41.23768627955578
43398,22.08454602020608
43399,21.52185000206892
43400,32.44529432603252
43401,32.4829735448698
43402,34.66122787577769
43403,49.41779175072475
43404,47.627191685357545
43405,41.58552117113796
43406,37.647743163538415
43419,34.257711910142525
43420,41.110974332020355
43421,26.576003787002406
43422,44.5526632945643
43423,33.191056496864
43424,48.05843926880168
43425,47.909998255271816
43426,53.949394881699554
43427,40.420846289294296
43428,49.21960692161369
43429,48.1115365222428
43430,57.933051535666
43457,18.44863877213094
43458,22.48011347029536
43459,22.132874784988662
43460,35.00851034842429
43461,33.45026950773788
43462,34.083643826847386
43463,30.224405387965835
43464,40.13033525937138
43465,30.21410758821165
43466,41.94688621593118
43467,35.18469422600966
43468,35.647241114517286
43506,56.20594004864479
43507,35.04875858788921
43508,54.31402369532376
43509,64.46263032255527
43510,43.920927262932175
43511,54.431856970651445
43512,46.21579857517485
43513,61.38521420428895
43514,53.07602683327697
43515,53.801694769310274
43516,53.64500298360044
43521,4.958373208889312
43522,8.276604262254223
43523,12.577665282756136
43524,9.618203994310136
43532,27.47473242878657
43533,22.198231337384392
43534,33.529855490218885
43535,33.80527576975001
43536,30.42820120114741
43537,35.9718262362582
43538,36.58546919017304
43539,40.31878735486064
43540,37.98627027934437
43541,38.850476580864154
43542,40.10213546470153
43543,42.35671667966101
43616,35.770600593258976
43617,24.302228699311886
43618,36.15758966626773
43619,31.455960141445356
43620,31.587335211757882
43621,36.869595720500435
43622,38.029291279308985
43623,43.71370680249896
43624,50.69031018743999
43625,43.880870677313425
43626,43.98202831799918
43627,45.58819119437455
43776,19.23833706683151
43777,17.38551874679516
43778,19.15847993899632
43779,23.673491644443953
43857,29.43941326884586
43858,36.717829618395854
43859,32.145029186362024
43860,35.5083738625556
43879,4.24245167282952
43880,3.7958635697865373
43881,4.87975147391761
43882,10.651275139700864
43883,12.15110338964438
43884,15.717620225394795
43885,13.9308603820258
43886,14.067341980192834
43958,47.64946542387343
43959,41.010140532902426
43960,42.36645630746691
43961,41.4082007088476
43962,36.94749541608501
43963,49.288026581086186
43964,46.49356386744643
43965,58.84220180138433
43966,54.73797528656676
43967,60.58889813580336
43968,57.10909627619043
43969,54.93465910954212
43970,13.690345029243012
43971,28.520062671500206
43972,10.048075184922766
43973,28.14367515775278
43974,42.26208972039816
43987,17.858201819448972
43988,37.76575774011132
43989,35.41924037253674
43990,54.04099454637935
43991,41.197596259663385
43992,34.80312104662376
43993,33.06033429933333
43994,46.255398630631234
43995,41.70316632439254
43996,51.217380297498615
43997,50.2575421097845
43998,42.95687711391786
43999,50.80204361406772
44000,54.90621958163196
44001,54.632224386018756
44002,55.00232579752409
44074,37.142828629966466
44075,42.36189469656861
44076,39.06942797360365
44077,43.11975611083138
44078,40.807977473677234
44079,38.2839726671568
44080,50.626307130078466
44081,42.34786829454479
44082,57.50450628437843
44083,59.577433890123004
44096,42.2004048817803
44097,44.62280177736879
44098,31.92489389237245
44099,51.75143181624135
44125,27.598073297140992
44126,13.834839953638832
44127,33.86921076307333
44128,38.948656733186155
44129,34.57429732100437
44130,36.43490559363619
44131,42.39173821072199
44132,36.72822885295227
44133,44.408685418748234
44134,52.31591126372769
44135,65.71405045510909
44136,54.104670006684316
44188,13.297348930751854
44189,14.180030139007396
44190,19.7553111775141
44191,14.799067169054954
44192,21.038795811423903
44193,15.388466908735039
44194,33.54373732966576
44195,18.963943460167446
44196,35.52744484032174
44197,34.51065377175044
44198,46.86167146183408
44199,44.03701712181219
44200,8.670037997329175
44201,12.024352967620523
44202,17.92432157220656
44203,14.17429653455571
44262,14.915178162149918
44263,15.047842451727535
44264,18.40009563887128
44265,15.783924086620976
44266,19.85621509909958
44267,24.99920245590651
44268,21.24497010009375
44269,33.542006715907256
44270,35.371227234232215
44271,32.9575948552747
44272,30.063885537265598
44273,40.12460936309141
44274,9.580967034264722
44275,18.58128328008412
44276,14.392979120956426
44277,15.810007893057366
44278,16.909482033879407
44279,19.13042497894588
44280,46.94509899415843
44281,40.63885091684227
44282,42.769567105537725
44283,42.28141778138148
44284,40.42487708473975
44285,55.44667491168232
44286,44.72550380255375
44287,49.656847705762864
44288,50.30156408322809
44289,39.82161147104943
44306,33.52782171835505
44307,43.15122911550447
44308,36.38838300757124
44309,53.033747822340025
44310,38.99607752152798
44311,31.897973783340163
44312,51.92493762506791
44313,49.78275418670961
44314,46.08440801399224
44315,51.86931472236615
44316,4.601632072352096
44317,5.201131063219907
44318,5.600150159722085
44319,8.512911423535979
44332,19.460352441677678
44333,32.86241004414697
44334,24.08923607731319
44335,31.287613174526307
44336,34.061915612309726
44337,34.735858163271246
44338,45.59409308374873
44339,47.629479424196965
44340,53.84173513114195
44424,43.07940386414898
44425,42.39554474395409
44426,48.4196783160755
44427,50.469663202825856
44428,58.46620139792218
44429,53.5144372506682
44443,40.240006767411565
44444,43.04039941405534
44445,36.52011151327196
44446,51.39067074460181
44458,4.357646173832955
44459,12.604546070282975
44460,16.336365374955047
44461,14.410631176852794
44474,57.567933425378435
44475,40.57237277378123
44476,38.75356221275993
44477,43.178533148069384
44478,35.97768039706711
44479,45.40588809163895
44504,51.58377605269291
44505,48.33910438016016
44506,55.99828841611916
44507,50.44743598334238
44508,55.99067226308458
44509,57.243826997275676
44510,68.84449988025787
44511,61.680119905021506
44516,34.05970852727111
44517,34.405161141351485
44518,45.50908125241074
44519,47.25296406099717
44582,4.817398445820581
44583,13.936101216177144
44584,20.489442796250668
44585,23.184487224042883
44586,20.62415006504282
44640,48.49100757958759
44641,45.56070682307997
44642,54.02041613266366
44643,45.87772030918519
44644,45.53480883553307
44645,46.29065642075666
44646,57.47112944999023
44647,57.69863311345073
44648,58.56671448848928
44649,61.35256403091759
44650,67.23646895092554
44651,62.441575092670256
44669,30.377933719355585
44670,41.46888344661004
44671,36.549868495464885
44672,35.1380520867431
44692,42.54197109342963
44693,49.10246578661242
44694,50.89484468379619
44695,46.47470229652842
44696,57.277928438795534
44697,48.27213140619555
44698,61.85833451657835
44699,53.778533619008776
44700,51.31427307755885
44728,14.807347524390881
44729,19.020283117736493
44730,38.52425489748959
44731,33.002677406590266
44732,30.82862838344999
44733,36.61443342854816
44734,37.076761241999336
44837,25.075943168879533
44838,19.493065083414503
44839,40.27396045838806
44840,32.05267483928645
44841,33.37570233886754
44842,36.058376841460124
44843,36.4326692865273
44844,34.55460027059622
44845,38.875745092726966
44846,44.79685047503828
44847,55.713418098718805
44848,45.31843503730743
44849,50.55488550166256
44850,54.98969796914195
44851,61.836711391993376
44852,57.656328709642935
44853,27.184056085870967
44854,23.575367090306433
44855,35.25957804682724
44856,29.673192393057352
44857,29.08160717084593
44858,43.43013008060774
44859,32.38138134584644
44860,47.270560876131945
44861,40.12560328290442
44862,43.9683224807694
44863,45.31260966116145
44864,49.381760788284865
44885,32.12916519164531
44886,23.977622136078313
44887,15.201760866440674
44888,21.134767345559236
44897,53.379303015297985
44898,56.030349017678915
44899,48.898538601307436
44900,52.69872550800043
44901,64.10080397754818
44902,58.54567187353636
45041,23.38029381683598
45042,26.067851050299197
45043,26.9102850343005
45044,33.56648930509456
45045,39.41622363837075
45046,39.77875420181137
45047,37.61589442272856
45048,41.36476152956264
45049,42.53523558809455
45070,14.247418345938696
45071,14.512219313010448
45072,11.770804772222336
45073,17.0455370821562
45074,4.683633702753955
45075,43.32899820763997
45076,32.086431794366206
45077,29.676945682784503
45078,36.48545048722781
45079,49.75774735443153
45080,51.298606741698705
45081,52.07591783654752
45082,53.72192358337241
45083,41.71034998396468
45084,53.7376888102662
45085,45.230736793923086
45086,58.952920505960606
45087,52.982519757084624
45093,50.873152293972225
45094,45.8197455259674
45095,55.08586408011576
45096,48.14920945522966
45097,43.877175861310164
45098,50.084876638430245
45099,61.64505776166742
45100,62.00766950712272
45101,60.032915337341
45102,56.854818596925774
45103,65.34486132295075
45104,60.99747885327871
45105,33.75737664045968
45106,28.564924897620138
45107,49.51385284991007
45108,38.87264594392475
45140,19.06686957798164
45141,31.10123681280485
45142,30.7740821512548
45143,34.42244413460114
45144,32.94363453085479
45145,41.4668669359038
45146,41.65100978122219
45147,40.75839406124803
45148,37.62851546185161
45149,40.47201878028675
45150,43.78749707380492
45151,42.71030141513011
45176,19.191560088570267
45177,32.052790093019546
45178,22.848048035128194
45179,31.829920601363256
45180,49.99034798883722
45181,30.41139122002415
45182,33.756861614713735
45183,47.180214331000435
45184,58.625609870801576
45185,45.46257898767788
45186,42.554099947681905
45187,45.71284568162074
45253,16.284216487872175
45254,19.406678519588606
45255,36.42855182751141
45256,34.43799898628284
45283,40.24487362845745
45284,41.66639298154974
45285,43.05585144007744
45286,49.06032983534461
45287,44.29172794049882
45288,47.02475503147413
45289,45.22817889277876
45290,55.09093548857235
45291,56.70624973896785
45292,61.31176919864253
45293,45.39608452200767
45294,59.731377013044856
45354,8.970883142872385
45355,18.480550902304383
45356,17.379029725305962
45357,16.09415666640006
45399,15.823803430766015
45400,30.31839074731078
45401,31.59142743339916
45402,28.809677728574776
45432,16.13127526015174
45433,26.649355147408755
45434,25.374477072049874
45435,29.91343171400945
45476,28.821640677576298
45477,30.227500326646876
45478,30.048978335921024
45479,43.10024128914958
45480,4.47551377503202
45481,5.536698268348739
45482,6.109312359450204
45483,10.844946627202267
45484,14.0167760137757
45500,16.76065928805169
45501,29.070934192842103
45502,29.388005915632498
45503,30.85105004993568
45504,31.818930661477616
45505,29.91910053328882
45506,32.17601253666936
45507,32.025396749888756
45508,37.07264595998719
45509,42.214670304843665
45510,30.254536095931794
45511,37.74688540421524
45512,46.91869565162259
45513,57.876036074282325
45514,44.536194055597825
45515,53.72441450865516
45556,20.211530494464576
45557,40.615773437288034
45558,24.487257331237913
45559,36.43819953175336
45560,30.005135723360755
45561,38.290797027085596
45562,33.89260102410356
45563,45.64610282016908
45564,35.87579398924671
45565,31.99544740685745
45566,30.768511432773266
45567,34.54580161468271
45568,45.47071924468907
45592,20.991951625787248
45593,31.329460507186237
45594,19.913680268439695
45595,32.368150256866635
45662,31.26173756209278
45663,39.46729272406972
45664,35.583329940623685
45665,34.44101738064238
45666,38.616946190865356
45667,56.12589729736622
45668,44.800865989412976
45669,43.71283810164863
45670,49.34110881990161
45671,51.2697263816673
45672,51.012546250583526
45673,50.64061561026447
45690,20.485328177801033
45691,20.9330626144053
45692,36.00433473321552
45693,47.584044960027164
45694,36.85663569266241
45695,46.74297244238707
45696,33.530800996563784
45697,40.710733631690665
45698,19.956906943284448
45699,20.457577880767722
45700,21.83636849768729
45701,31.463501675493294
45702,32.33013293172708
45703,29.69770719559133
45704,40.05289935597742
45705,51.4624161916845
45706,42.1406031799252
45707,40.52761573214093
45736,13.11900043479486
45737,25.874070738065743
45738,18.185978948997544
45739,17.946883031928586
45740,23.142316493164348
45741,39.21237996926358
45742,35.262777783206595
45743,37.75453117264062
45744,30.639417107551775
45745,35.644518338279156
45746,36.43858993084068
45747,41.58102591226906
45820,2.8695587042679414
45821,7.930578007044134
45822,10.136158948930593
45823,6.522179773760498
45824,16.59871979221312
45825,14.640945635526897
45826,19.26954545572956
45827,18.05065292080327
45828,19.923108090842625
45829,42.02086093622279
45830,32.518768612711845
45831,33.867070747554344
45832,32.58400389784611
45833,35.64167824606905
45834,54.67574403706554
45835,41.04744044038104
45836,47.42254433854826
45837,59.12717622834923
45838,44.672667466245585
45839,54.72470346487339
45840,58.81201992119634
45841,56.993069501363834
45842,57.2666690788175
45843,59.71830237529961
45873,32.856626637379335
45874,47.66558193724443
45875,49.534930643080564
45876,56.28096641422449
45877,43.576232068556486
45878,58.60510054874088
45879,55.85874977585856
45880,64.3486300503072
45881,59.536068191371584
45882,63.14716074480254
45883,65.02434691135547
45884,65.14590555919426
45920,42.15600605986694
45921,41.32223382680877
45922,37.71313499244661
45923,60.6583899952734
45924,45.757664135381624
45925,34.00652553513801
45926,44.73330002568398
45927,55.540527231303216
45928,56.94472545136768
45929,51.82116626570365
45930,50.21357096805349
45931,55.36032735991423
45944,25.506457484748584
45945,46.09850266488495
45946,31.549991106850953
45947,37.711790160644526
45948,31.46792275850002
45978,32.15646463104921
45979,53.36917628619264
45980,47.16363944066991
45981,49.544540678846445
45982,45.87133766219312
45983,50.15938951364239
45984,54.697112512090584
45985,56.078644045256354
45986,52.440232677736276
45987,53.91527582013802
45988,56.33678386338359
45989,68.25457382153509
46068,29.80234489523746
46069,38.52353707958274
46070,46.30780842541486
46071,46.535156572459506
46072,52.46207051221679
46073,59.639531690906985
46074,53.05654236680176
46075,54.36675081133413
46088,42.83078901577847
46089,46.716155454209066
46090,49.18917013415318
46091,49.90964874568531
46092,41.321782830666365
46093,43.287470550899265
46094,52.0419768248067
46150,39.402640773572216
46151,23.893210773460694
46152,33.124474007709274
46153,29.120313437500393
46154,29.183696662390588
46155,32.47880070920053
46156,53.97526840630142
46157,40.43486929647922
46158,40.520186354290324
46181,33.88577232663576
46182,48.85938641763123
46183,44.21221262873847
46184,43.913119313934835
46216,53.36802406369919
46217,28.8375385787375
46218,37.80816503397944
46219,39.60597067231192
46220,51.14332039346579
46249,49.721953194618735
46250,37.67452149652306
46251,40.06481420855237
46252,33.27249289638056
46253,51.75324482811314
46254,52.40042071588953
46255,45.424244168929235
46256,60.642661278209545
46257,41.85799343038207
46258,50.08265865139842
46259,62.05993538093722
46260,48.66901866290687
46272,9.93139563978932
46273,13.40373482911646
46274,15.252468072329869
46275,21.92318831671777
46276,34.5664871840475
46277,35.531199207973074
46278,38.349440696038045
46279,43.44079722467051
46280,39.771965346169374
46281,38.60519267511009
46282,44.63321421068042
46283,45.322574297913825
46288,16.243171547484785
46289,12.497508101864831
46290,28.308443452835487
46291,29.721888998368616
46312,9.40116805909318
46313,16.89214216587264
46314,15.360962352074417
46315,21.055325388553804
46316,56.25938098298458
46317,47.32196227140912
46318,55.31764282494702
46319,33.41561911481479
46320,57.13683680069122
46321,51.97302506023714
46322,57.02962574114901
46323,50.59876364862089
46324,45.866000452063254
46325,56.61800710116692
46326,60.887482306475775
46327,60.55342937694403
46340,32.349668165676604
46341,40.09416802383222
46342,44.98955021434463
46343,29.547880301367787
46425,7.297036680415195
46426,17.091260718689558
46427,19.960258908972722
46428,30.84140046402784
46429,43.73091418359167
46437,34.58138492737218
46438,38.19451148992931
46439,41.177529924449985
46440,38.62858165114138
46470,23.651924425381573
46471,22.07596075717823
46472,30.072832685381215
46473,31.97473044396191
46474,32.17284588693103
46475,29.843560809380545
46476,41.37492189917869
46477,50.96126365715904
46478,42.776673909394155
46479,42.41138815345771
46480,46.43609964687481
46481,51.91943281051026
46530,32.941502393948404
46531,30.392564048399432
46532,44.953553773063504
46533,35.91778512660402
46602,38.36367634026736
46603,32.76658200703162
46604,40.6063737675887
46605,41.77163922189301
46635,30.077631483117337
46636,31.600707659361177
46637,29.364838355004437
46638,36.38740771044575
46672,23.615839940897295
46673,34.05041886333973
46674,30.840172010279897
46675,34.4093960086112
46676,33.10034664149404
46677,38.38134635852644
46678,52.56524087754271
46679,41.342573383918676
46680,14.218187154365921
46681,20.058094275510086
46682,26.676841713678034
46683,46.46328863500343
46684,33.22396442014103
46685,44.21031082626395
46686,41.94760434630399
46687,48.61330908870895
46688,39.19617057281296
46736,50.560241984768055
46737,37.37196205235509
46738,40.12600911630935
46739,41.386942389815594
46780,21.135640780335613
46781,24.10002121973257
46782,14.883683985480953
46783,30.2022067845122
46784,37.25470509063912
46811,21.211692527667356
46812,49.58675473863105
46813,44.75820988541267
46814,48.41599291113473
46815,52.61649787980585
46816,56.33682161885348
46817,58.84226042078511
46818,53.75960493344851
46819,55.15240916825713
46820,61.537026963714105
46821,63.452339588089245
46822,61.07807739833373
46839,19.247790058128952
46840,18.28643928153327
46841,30.087091013074346
46842,20.64040232808166
46843,29.58950728513064
46844,29.09533690423964
46845,34.5473896664512
46846,37.37770683679672
46847,31.474758317665046
46848,49.73689369240798
46849,50.276830346698226
46850,46.596799493971346
46977,9.859814062327636
46978,7.968316440238899
46979,8.522215761401583
46980,13.535611386388915
46981,13.809580431844635
47007,16.672476640819358
47008,20.503101981220883
47009,19.04520565828956
47010,23.57082159868424
47011,36.30637384277845
47012,13.761257120747034
47013,13.835710252190813
47014,15.674763239968032
47015,32.89465583288616
47038,18.639661133136197
47039,30.6433152208138
47040,34.73516741763304
47041,38.04118527430252
47042,38.1948491597963
47043,38.937990412062256
47044,29.275777745049986
47045,53.958549021854594
47046,52.577450730072
47047,42.62715836777593
47048,38.901549639481644
47049,50.253922674725224
47141,32.79062095111796
47142,49.34900495550799
47143,52.1697379994234
47144,53.3157098823847
47145,52.10554901387311
47146,51.27682355131335
47147,46.24554684092174
47148,57.798874671403745
47149,58.58267707124332
47150,61.95413499908835
47151,70.64086335594898
47152,64.69117364388245
47211,4.4646726399988514
47212,5.306711384310925
47213,6.557845415403335
47214,9.484237671272991
47215,12.719042302561137
47216,12.488595023631216
47217,14.758786821026513
47218,15.325312555506605
47219,20.07847323288372
47220,17.733522350318275
47221,18.51745394131349
47222,17.886220536279748
47223,54.202049974904796
47224,56.50666011280985
47225,48.39235086204789
47226,45.07929478345248
47227,14.157429764625816
47228,23.726510255475244
47229,32.554805050681075
47230,36.26853800692859
47231,46.22372678352216
47276,7.196135904364855
47277,7.196135904364855
47278,9.712282851598118
47279,19.1252597546273
47280,4.1796726131073765
47281,4.89130343818408
47282,4.782898538657274
47283,5.889875467081833
47284,7.428360278136181
47285,12.242568413462937
47286,12.184267916322433
47287,18.347776674186083
47288,14.580103362368133
47289,18.04586742039281
47290,24.76096251356925
47291,28.19538851083697
47292,30.185453681649847
47293,14.845832438623853
47294,34.837397042086295
47295,47.95786326526377
47296,7.3301010852879775
47297,15.667413689236456
47298,13.133255551913946
47299,29.45363694396528
47300,34.06292738134967
47301,31.620403237615403
47326,62.89985875793212
47327,52.5851329946024
47328,61.042491873352255
47329,48.84163969952697
47330,60.420912066387395
47331,67.35874164111915
47332,67.98146293047661
47333,61.14294499009439
47334,56.76769342378658
47335,67.83816955183725
47336,66.84619016172974
47337,69.20780214522175
47377,19.04652198979324
47378,14.309668376510865
47379,20.600475300410224
47380,20.864589515908268
47381,17.706660508004585
47382,15.518653425454344
47383,28.74831514450899
47384,36.57061795449498
47385,33.947193649938434
47386,31.80967901030922
47387,38.98906253552388
47388,33.498125264302104
47438,42.63156957995336
47439,37.17981549286407
47440,34.8074852049621
47441,35.2522701655251
47442,32.143006839977424
47443,34.53506915983562
47444,32.62414475546468
47445,38.0013227944004
47446,43.1482174423731
47452,46.85414126692647
47453,62.69060013000144
47454,45.35482382922981
47455,57.446438955745506
47456,45.50312582841316
47457,44.54093697876738
47458,46.66429513964939
47459,17.057108101988362
47460,16.843598777079233
47461,13.396696999355429
47462,20.57621533890362
47463,32.45098261927768
47464,48.25282183599479
47465,33.7268859946078
47466,30.322631374807745
47467,47.881985953767284
47468,45.580406895810455
47469,38.19879388625841
47470,41.32992301745884
47490,8.691416252572578
47491,19.234591778515266
47492,33.20097292996385
47493,37.221013866108365
47494,37.47190996765233
47511,37.64400650736383
47512,42.927947962951336
47513,52.4624200015693
47514,54.803321008572546
47530,22.79837052453016
47531,43.690473934674486
47532,31.46400118502198
47533,37.238739959800576
47534,34.057496293893806
47535,38.61717501888194
47536,45.7235105749926
47537,38.22323416246086
47538,49.26539323560578
47539,49.13287413933854
47540,49.9842116172825
47541,58.289955233587634
47551,14.681390120641984
47552,11.745702044988283
47553,7.551091375180117
47554,12.275863577559429
47555,14.073659704883855
47556,18.12150052846351
47586,47.34601016754705
47587,43.25620816110764
47588,57.646534532323194
47589,61.04803800136406
47590,52.571211415646154
47591,58.677598639423294
47592,51.0657503197395
47593,62.97820822254956
47594,62.91386682987719
47595,65.4507860328692
47596,65.68356254143697
47597,71.02542140066875
47598,28.916530435337503
47599,31.69572473911546
47600,34.81423290379929
47601,32.793724564126784
47628,16.926358764060794
47629,10.926993120868143
47630,15.973695622457054
47631,20.571636499422677
47638,26.81422179406188
47639,17.86057448053295
47640,14.153752257663974
47641,10.30947075759997
47642,21.382006125302908
47643,13.400383323288954
47644,27.145865755056064
47645,35.96226150356452
47646,30.333803531276153
47647,36.8458938476082
47648,34.44658872451896
47649,39.97715084968461
47697,14.223727481026438
47698,23.17864119681528
47699,2.8304318383009845
47700,11.724089657951893
47701,18.713434982953903
47702,21.227684125792763
47703,31.091912226672722
47704,35.64263193231091
47719,13.217600372698532
47720,15.929029624268853
47721,16.711438971904876
47722,22.426256318928445
47723,22.93188275896717
47724,29.51241721457
47725,36.295289553000075
47726,37.06041501009414
47727,16.318289069735055
47728,15.101277366821577
47729,17.80602041824975
47730,20.81528292955969
47731,24.398531106685937
47732,20.655716255439113
47733,33.76744563243315
47734,31.178020338034376
47735,34.80823488524386
47736,38.92667831704611
47737,39.87639924811977
47738,30.231240385204657
47739,47.97761379360386
47740,37.087259789691785
47741,48.0711299868154
47742,48.549919027305634
47743,49.02654539900774
47744,42.66042946628726
47745,65.21553356920434
47746,44.14967491837682
47747,45.64346597345265
47748,51.813524335493405
47749,49.50482071239514
47800,40.276283186694926
47801,23.272446409726175
47802,30.055940726350368
47803,39.173074236940884
47804,38.41512288373453
47879,26.815150398611777
47880,41.99689109570836
47881,46.53208614336093
47882,30.10927537391137
47895,14.85517836923762
47896,19.50040830045258
47897,5.0787941557945695
47898,20.50455316641153
47899,18.423904180746725
47900,18.323231891857848
47901,34.64795773557902
47902,34.73988849648107
47903,42.895134878201695
47904,36.989767412184825
47905,36.491926860425394
47906,42.825431584487475
48043,8.524547350662148
48044,24.880004137619675
48045,20.181736788952882
48046,25.542856346748728
48047,41.78464878140856
48048,34.47531275366504
48049,34.1529016273737
48050,46.104312638204625
48051,43.62935014004475
48052,32.69053713941287
48053,37.34992379604442
48054,32.816131523253866
48055,56.28444489291133
48056,28.332666333979716
48057,37.450768127715065
48058,47.70468750617082
48059,48.56156582900249
48060,39.21751436323804
48061,32.560577030435915
48062,33.470007362285976
48063,31.204289654104823
48064,38.67331718605124
48065,40.62774727089949
48066,43.73320149541592
48067,40.985683841278714
48068,54.835754584095056
48069,42.19670619976623
48070,25.525527874818625
48071,25.545645919998027
48072,21.320682517497968
48073,29.132138672604935
48074,30.256711545554904
48075,39.12675749143458
48076,34.88573289817719
48077,38.72828474869221
48078,51.51305999578423
48079,43.848593230726706
48085,37.247819364529754
48086,45.88919000503409
48087,43.765514308207436
48088,40.96735382841867
48089,57.78115888847742
48090,52.0394830509921
48091,19.313451281767293
48092,33.18716336426207
48093,41.966667403348275
48094,40.69613546931265
48095,43.57146403718435
48096,55.5212471874464
48097,41.7833955676289
48098,44.45589426712421
48099,49.797510136147686
48100,57.96916589606435
48101,57.019824950214435
48102,54.03629105138668
48128,6.8744742890447466
48129,7.379387015055989
48130,10.131526527905258
48131,17.40256082814201
48132,20.220585878079277
48133,16.326942642879644
48134,14.098472222396703
48135,37.42889175703203
48136,40.228871857248
48137,40.30964625494466
48138,42.52879472456446
48139,38.04293422856443
48212,19.87470866694587
48213,34.21123801728251
48214,38.23810174099523
48215,27.074696437683144
48216,50.496736846486655
48217,34.8277451115489
48218,43.78321787993952
48219,39.91654645818697
48220,39.36454800998362
48221,47.57420937676662
48222,51.1866021052295
48228,10.447249758606997
48229,12.422750929083996
48230,15.79784571234754
48231,13.799369687021855
48244,37.20194199818846
48245,35.813264125148116
48246,39.71753067989229
48247,32.58251596647916
48248,41.986402498115126
48249,29.86481505788354
48250,45.12361471121604
48251,47.877781555857034
48252,50.57900806801473
48253,44.837214826975455
48254,56.178379844414316
48255,70.67164063946572
48256,57.63970598856839
48257,68.57239622283305
48258,58.09920715815473
48259,62.38372928973138
48272,18.924848094999795
48273,21.3739242131539
48274,32.061923950362946
48275,31.955497419805198
48276,37.27692922082842
48277,32.27000344922667
48278,36.66553424131996
48394,57.51608107889172
48395,39.990009747418846
48396,48.312809310349046
48397,48.224151880220525
48398,56.57673274618823
48399,61.63360025186881
48400,59.71211721085827
48401,60.89758168894295
48402,67.14157380767695
48403,72.91042653051629
48404,63.22623965342981
48405,68.9124935837936
48406,47.690564919399
48407,42.13372781296829
48408,42.56193025496183
48409,31.07348734178552
48410,37.065726952781596
48411,48.78870660268925
48412,43.608212985095946
48413,48.089739163691995
48414,53.53300872062229
48415,48.8160910678884
48416,56.49664347616174
48417,36.11923681206741
48418,43.176543499860585
48419,41.59343610368204
48420,34.92084235427159
48421,40.257468435228276
48422,57.555256352538976
48423,50.63582551618428
48424,45.296048718345496
48425,50.64091274152036
48426,53.62937635676668
48427,55.264423076750575
48428,12.486467909618245
48429,19.235339194778657
48430,16.47514089144047
48431,22.64142548628928
48432,10.114267231900671
48433,41.21334143665104
48434,34.62892608163018
48435,43.540139063772806
48436,41.19339167049905
48437,39.85956830835065
48438,44.382743106260804
48439,44.79142068647279
48475,6.714884416672533
48476,8.907400720747047
48477,7.0246641150380515
48478,15.205109542938386
48479,19.80952447835295
48480,16.20634024304897
48481,19.93766477116875
48482,33.25707592903106
48483,29.25524885402845
48484,32.05108108501169
48512,23.717898990009935
48513,19.558182070336837
48514,19.232377018823673
48515,8.222390154174724
48516,19.417857037818436
48517,19.521162390465673
48518,38.6443833412658
48519,33.6456468968019
48520,42.99225592016766
48521,39.04932698429495
48522,44.4330312825977
48523,52.90969399336642
48528,21.214985589118072
48529,14.821069573413894
48530,28.567737854326786
48531,30.542416040460303
48532,33.371756131459506
48533,35.55319885795301
48534,32.1352589410783
48535,43.51382138269076
48536,37.37582861124709
48537,51.57979359642249
48538,51.706691534633634
48539,57.69419257988355
48610,23.278763323068972
48611,27.572061849869197
48612,37.197677519731016
48613,29.479675114509707
48614,31.62918487216079
48615,38.78322925133902
48653,17.63232850911216
48654,20.786782783205524
48655,16.461795853199796
48656,28.04951497534704
48662,17.283623795199702
48663,18.495509046511803
48664,13.309424987503784
48665,15.429346658467635
48666,30.29488415200253
48667,38.79073885602617
48668,54.11317017246544
48669,48.34669769697101
48704,19.842137957721757
48705,29.62499213780718
48706,27.934613841434153
48707,32.411856542359104
48736,18.70316215106096
48737,18.70885700629617
48738,17.726660915548493
48739,35.577251754457905
48740,32.26437423937279
48741,34.69195938516467
48742,33.115333095681194
48743,41.869031533696244
48744,35.08271498891512
48745,44.12071684996079
48746,24.529841585735358
48747,29.89899539131864
48748,39.646357039364496
48749,31.925311498130313
48750,30.295434560803802
48751,42.10076861518912
48752,49.20505543002831
48753,47.52559596580803
48754,40.602730073646654
48755,42.282945832067284
48756,53.3960393554486
48768,56.47518786315609
48769,45.036638000216136
48770,56.41438648970713
48771,54.27473909758736
48772,58.89209306246823
48773,75.82688106835512
48774,65.15387218741093
48775,68.50469981854474
48776,58.932984533848
48777,58.67867390369874
48778,56.48971936726533
48779,65.56704739747256
48828,31.91788883479749
48829,16.00422686140915
48830,30.16444959384374
48831,29.58715275024649
48832,12.899442217429597
48833,32.00705326970096
48834,30.214663966609574
48835,31.74114445871871
48836,41.7191192930641
48861,31.74850616317668
48862,25.135941430418786
48863,36.113000599100346
48864,33.19823077992574
48865,36.61157408907497
48871,36.77192776321535
48872,41.345725198062766
48873,46.45933988310272
48874,42.4143000464699
48875,55.769749915145155
48897,18.88016734906141
48898,14.891602087395782
48899,14.148922721420082
48900,17.63023049164187
48901,23.66959428431894
48902,14.54515484938276
48903,34.20696274438039
48904,35.04777391436252
48905,44.658503707115024
48906,37.38094451490358
48907,43.380686686023566
48908,51.83590255365913
48918,14.4516407324778
48919,15.857274392283783
48920,22.509279432807926
48921,31.71906239812546
49051,33.64171885585681
49052,33.271128910736174
49053,35.11687142321477
49054,52.92182759051547
49055,30.996985019585342
49056,46.71885494849537
49057,27.056930413955197
49058,35.537810860384134
49059,33.01846806352551
49060,41.66239379951728
49061,45.73982135512016
49062,57.541300850491396
49063,62.80946364208403
49064,54.7719831607323
49065,61.796716883313294
49072,15.654772652054696
49073,9.855348497902435
49074,19.318009704181666
49075,19.67250352238596
49102,28.89829365997458
49103,32.64212854340933
49104,55.155028103249585
49105,33.981846502402675
49106,44.608521410634175
49107,57.85936602573258
49108,52.190103860618805
49109,51.01324362323642
49110,53.38737655154475
49111,53.10301348308745
49112,47.08627683884403
49113,59.948407048933475
49126,25.61037059461465
49127,24.573685981931167
49128,32.15195634517208
49129,32.271712208433854
49130,42.71667822671819
49131,41.76253809648883
49132,46.983706601998165
49133,41.93997145117359
49134,40.748769103577736
49135,55.478959562846725
49136,54.226617742032566
49190,33.19966056170355
49191,35.146106383711896
49192,39.488959834614406
49193,55.50709150217382
49194,53.66738287787017
49195,50.28964825646666
49196,54.31129338271228
49197,52.591821756585716
49198,57.93515593387402
49199,61.45275794231697
49200,58.20460708729287
49201,66.97463373214288
49212,33.48330729828847
49213,37.20395340728732
49214,33.18988875992015
49215,41.67604751722081
49216,53.14500195591193
49217,43.882076615249375
49218,52.44204412331035
49219,55.51316601200027
49220,51.647478648622226
49221,56.11373821546183
49230,22.267819306244153
49231,13.478624383000845
49232,32.24083151610081
49233,33.763801190711284
49234,43.009287279565086
49270,62.55695304058402
49271,62.63873567680141
49272,55.06410639646579
49273,61.6333564129109
49291,19.995761833676095
49292,20.031772690189282
49293,46.342641676761566
49294,32.267928614902694
49342,18.597114042606158
49343,29.983867848863138
49344,30.711446730557686
49345,29.77556270043991
49346,32.164366172254276
49398,12.274163817113301
49399,13.633534008566697
49400,19.566045610394756
49401,21.345669228571975
49402,13.961279480217858
49403,21.442081978340788
49404,31.436459881887945
49405,40.95657418317683
49406,38.54257166204629
49407,44.71683812852156
49408,38.9052063375736
49417,20.769630095079783
49418,29.308411999962605
49419,23.943909617880042
49420,28.683260340050673
49421,32.55478290234805
49422,27.27430995777213
49423,43.38255885260688
49424,32.16761608839865
49425,42.41863130453945
49426,44.335064595184456
49427,45.822290572241464
49428,56.45696804895369
49429,57.52380105679069
49430,60.20386224108462
49431,72.09333888681962
49432,55.26850537787829
49433,9.104688764250454
49434,18.824823917037396
49435,29.684668742066037
49436,32.918573802671595
49457,28.733204016814568
49458,29.854579473945158
49459,39.11179975506029
49460,36.897659811770644
49485,48.66237378074903
49486,31.05331218286679
49487,34.076773435047905
49488,45.348059391361616
49489,38.290498226802896
49490,48.954636265669926
49491,52.39080146372995
49492,50.550454703750226
49493,46.32176833773255
49494,58.535809548723385
49495,57.455709225367215
49496,70.62117640954158
49497,41.91697655992249
49498,33.44212262823929
49499,31.236281704568924
49500,46.10333347378571
49501,51.391636728000776
49502,37.66452057058439
49503,52.555062910321695
49504,53.73228464806098
49505,41.168197354312554
49506,62.48218176589066
49507,55.46191550599028
49508,59.4078432005625
49585,21.892755069254026
49586,26.276816729589417
49587,13.71534357351507
49588,18.433358661583437
49589,32.68262988939541
49590,34.63902557329983
49591,36.93757356912007
49592,49.14321153062704
49593,43.2805569121559
49594,40.20441656454249
49595,45.938518130416824
49596,62.86194556566167
49647,9.516599669518056
49648,12.038347443408405
49649,15.879255083981144
49650,18.842802531297316
49651,21.178335835568955
49712,43.606725494435395
49713,35.60676250902972
49714,34.13036546779044
49715,42.55984367647725
49716,43.71479513485409
49717,52.53925355768137
49718,48.023319815295835
49719,43.817168308134185
49720,59.49854988820669
49721,59.071232097542676
49722,63.69127315488901
49723,62.377579831708694
49770,45.80447406918886
49771,34.35976761783404
49772,44.551871613330306
49773,53.067620762226795
49774,58.46075230911516
49775,46.3723783338714
49815,14.526020061264447
49816,28.61303551947313
49817,20.039833109307903
49818,19.888860061259297
49897,21.121315314069385
49898,33.52944736567087
49899,28.966990743436593
49900,31.74214054646446
49901,50.70836617933969
49902,42.43007228490615
49903,47.147851862398326
49904,48.14364828689229
50004,8.09056635400618
50005,8.145373143182779
50006,12.199701813375713
50007,14.828255228425395
50032,23.99954766933102
50033,32.44834574882869
50034,36.8386641948908
50035,39.506630892243585
50036,28.0576962056183
50037,28.7557298190421
50038,30.728847598893005
50039,33.14679949476995
50040,36.48670459492346
50041,33.89292519667933
50042,41.32747860438349
50043,44.92784521543145
50044,39.67035803126337
50045,49.46566630822061
50046,40.06746210751413
50047,43.094010011871205
50096,50.87020115061676
50097,50.88900884181965
50098,49.202416694615444
50099,56.60372111728717
50100,63.538769479525094
50223,39.59411104305923
50224,50.32338568793543
50225,44.91334246878064
50226,52.14095830529447
50227,50.82602021334368
50288,23.802312126711065
50289,16.708417428278167
50290,20.59032195550136
50291,24.33408632950532
50292,28.625629046052037
50302,9.28474429530769
50303,9.886370718604567
50304,14.43454956765663
50305,19.521633552734833
50306,40.146756983418776
50307,34.98318691410989
50308,43.0738347725521
50309,46.74606934828985
50310,48.10520575666163
50311,50.40785219398817
50312,42.87648191991439
50359,33.34792128695996
50360,33.04485284655667
50361,34.552828395431334
50362,33.16200734021926
50363,20.093683597766837
50364,23.614537730917803
50365,32.112433038065134
50366,34.518377057151255
50407,18.694997183710285
50408,29.109770239110976
50409,23.359909144725926
50410,25.60991936781224
50411,36.998245229297325
50412,30.225765325265815
50413,33.88726499960259
50414,28.737287084912715
50415,38.86487576208067
50416,43.98485065281905
50417,48.07584973703803
50418,40.98929862506449
50457,37.12860870758683
50458,48.68492532271882
50459,50.48169827628251
50460,56.271134039836596
50507,15.199673350332391
50508,18.442725009212133
50509,28.87860609316135
50510,32.156494811795945
50511,42.966863030226946
50512,25.711932515871663
50513,54.084546019522335
50514,30.524665311682625
50515,35.84893064355482
50516,56.27771671687523
50517,46.61905965781809
50518,51.50703922272287
50519,47.61357024597019
50520,60.247588208698005
50521,67.73550439334933
50522,44.73559550796203
50558,25.219934662920874
50559,39.2943875910421
50560,36.71523752547519
50561,35.926750939459986
50635,48.05863684520105
50636,55.3899461293824
50637,67.45420527907106
50638,56.396954208821136
50639,55.28962112865243
50640,54.99895469910076
50641,61.88970494251048
50642,66.89176950967976
50643,65.46376377666797
50644,68.45158533378022
50645,57.6992950546027
50646,59.62405177612726
50656,14.336091659746383
50657,31.651741958650625
50658,26.68262788736628
50659,25.097568348992702
50660,21.62618913384483
50661,27.473982390591384
50662,35.129132084396886
50663,23.429011075451783
50664,22.377669397903407
50665,26.112177559053958
50666,46.59975301886386
50667,39.69309603482912
50668,31.804062196725567
50669,50.235190244870424
50670,60.371730978669646
50671,52.94572038291453
50686,23.066530063830335
50687,29.755716110917824
50688,30.278128031829134
50689,34.06768272396382
50735,8.596027727140326
50736,15.354923496779943
50737,20.433131960406094
50738,10.744149171740133
50739,19.547535959075773
50740,19.208551187141126
50741,15.12780529009268
50742,25.825752806324576
50743,32.599909412774444
50744,33.64633751678598
50745,42.44632505122644
50746,42.46924256653037
50752,34.217645884415404
50753,44.33926345947432
50754,34.47371290445191
50755,40.25769239198571
50756,44.11499300797845
50757,44.70894456719875
50758,41.16692488692904
50759,45.563523667452415
50760,47.73244387653223
50761,52.51504438671804
50762,56.36669775848579
50763,69.66102016747136
50768,7.4147676073929905
50769,14.376958588327389
50770,15.626780303104574
50771,19.837927125065644
50772,14.404597127716482
50773,17.089865981630552
50774,19.265953144708618
50775,37.038181411219696
50776,31.751892220033845
50777,34.93759540830023
50778,32.22861456276025
50779,35.21989269591562
50792,41.4719136893346
50793,48.518085115536394
50794,47.124387240264824
50795,46.39877778514694
50796,48.112808061079434
50818,28.726453552228396
50819,32.999963770700205
50820,31.548802160027602
50821,38.468889198966686
50822,44.171335400693636
50823,52.33986334208514
50824,52.05619029655561
50825,48.37775616796676
50826,34.89189120297952
50827,42.158591603160964
50828,50.747766833714934
50829,33.82856475808387
50848,41.20521131380247
50849,43.86720517053525
50850,50.36102222726026
50851,50.02768221775199
50852,57.70425034698333
50853,62.253561724246424
50854,61.92211389554434
50855,65.1772640339944
50856,63.747933269694244
50857,60.98646292491694
50858,63.342515920758295
50859,60.265423226402575
50860,32.505583742860075
50861,37.816711031360356
50862,35.31060363789389
50863,32.444001281166614
50864,40.627848419148336
50865,45.9703140950578
50866,54.40126246074508
50867,43.60325958746572
50868,48.66020539497466
50869,52.472075063889314
50870,54.184169419006295
50871,56.25261815507702
50890,20.13203300282335
50891,23.806374427291598
50892,33.65437937416181
50893,33.87628571690614
50894,45.898404316500105
50895,32.822255778555764
50896,44.103094921989275
50897,44.48143392893217
50898,47.96852465057802
50899,52.19914033303311
50900,54.60789939425053
50901,40.48104548146611
51021,41.46950061761503
51022,46.77143280033045
51023,38.41267184282136
51024,37.91306067506472
51025,33.767401778788006
51026,47.60458343509439
51027,58.31179953732482
51028,51.67435585431641
51029,57.3471580985829
51030,58.44991059007913
51031,51.00674705205579
51032,65.85416461460963
51088,37.05723792832805
51089,49.18482801833959
51090,55.57540225291938
51091,47.781947656372644
51111,18.494870298549607
51112,32.605601549653805
51113,29.854434091377424
51114,46.02701165336087
51122,37.48287268296274
51123,36.91101029345719
51124,42.266675490523376
51125,41.10127257015047
51192,12.056072985202615
51193,17.61230186935799
51194,16.534178243692203
51195,48.09508100756651
51204,50.657938967502076
51205,54.597528818775714
51206,52.312254055451604
51207,58.69711197525137
51208,49.076980664624706
51209,49.479849655380505
51210,63.293905706137714
51211,57.00006043019307
51212,64.2750895423478
51213,65.29376238234785
51214,66.48903022714447
51215,54.115612415744586
51221,12.3064899185024
51222,21.350495451067285
51223,24.379442275743965
51224,15.589829252262643
51225,19.766558260484665
51226,12.106563695115794
51227,29.350970007829023
51228,30.147459407335145
51229,31.661668668731593
51230,41.03767687019086
51231,36.286687319908104
51232,44.69834068539583
51334,13.931980983110606
51335,11.294099367922835
51336,16.51131723402862
51337,14.205361345094119
51338,18.375198701144804
51339,21.144384697334548
51340,36.03088640083024
51341,39.247424092129265
51342,43.3262511996956
51343,33.97917978055415
51344,46.15634780921642
51345,51.194737344238554
51400,17.748292150690055
51401,13.212437043089698
51402,14.720471519000595
51403,24.334330721568747
51404,20.326164194327777
51405,27.02153575324927
51406,31.675850701531047
51479,20.317405258415874
51480,20.202102939525258
51481,18.179836716909467
51482,13.481450634344192
51541,17.476039255419447
51542,28.866516425078338
51543,21.246937401502755
51544,19.75246555653115
51545,19.668903713983127
51546,35.488407944530074
51547,32.347798680841244
51548,29.32543896217664
51549,37.66527077134405
51550,35.49410537467227
51551,45.2647150905623
51552,45.77063622505242
51577,27.319873152541664
51578,43.24078361831965
51579,50.851185796918124
51580,42.72596725902294
51581,53.974997799146216
51582,49.88402903661027
51583,54.314678672565215
51584,37.00257364987374
51585,53.401342114721665
51586,53.591472070625095
51587,52.94250518207783
51616,44.6783329324042
51617,36.616357547544595
51618,47.22548613981844
51619,55.25452147720866
51620,50.899303459130145
51621,57.49502504815872
51622,61.52097521798951
51623,63.89692900567227
51624,52.07748863947855
51625,64.67379675557513
51626,62.984968062262126
51627,68.44446924803124
51674,30.08096345922684
51675,34.09814826861729
51676,46.08352092755775
51677,37.87949780760235
51678,38.73142891851488
51679,37.3526969453974
51680,61.99748595769409
51681,63.03301565900826
51682,53.292234707847825
51683,46.06682624858041
51684,63.11875618143365
51685,57.696430387565805
51702,35.01640939100652
51703,30.38552740416469
51704,29.128677878004343
51705,48.63970560595874
51706,47.65107555954779
51707,61.26056049233949
51708,53.51024368058809
51709,67.90888297936343
51710,66.08085614277256
51711,65.8744463471013
51712,76.83355013324918
51713,69.94377735274293
51718,19.432492725096324
51719,23.6315983738571
51720,24.94882414557234
51721,40.91265591655887
51722,41.30160275495575
51723,33.46067999544826
51724,42.1837674191041
51725,32.8856152677131
51726,45.3470932789909
51727,47.095360951367375
51728,42.30834190740756
51729,34.41309493457818
51730,31.807932663198986
51731,47.75709418291508
51732,44.953612558367226
51733,45.97435203134227
51734,52.89715021056421
51735,54.048049853152676
51736,53.849769465314566
51737,75.6739395802563
51738,52.749203856402
51739,59.592378138457974
51740,62.7394430441395
51741,62.41612086945539
51747,24.516772853592084
51748,22.345576170669517
51749,33.788690636599334
51750,40.4781509564699
51751,39.79783790445134
51752,40.57726837349496
51792,19.218284978969166
51793,25.803800522697873
51794,26.619960704113844
51795,38.3839042447571
51796,22.267189349481384
51797,30.826687117903365
51798,45.666586367589424
51799,46.02913404663862
51800,44.810700658363906
51801,45.04234085150256
51802,59.60190047568183
51803,56.76148779264241
51812,11.941300471392356
51813,17.887219479748474
51814,16.97139085635433
51815,14.218118272375278
51833,27.4400664744416
51834,27.47142350296156
51835,30.83254788161991
51836,32.51537154010795
51837,40.62867227301592
51838,33.32670868240988
51839,49.261776142984964
51840,27.456786402717345
51841,40.56710310160233
51842,41.33099042615059
51843,34.06584223728689
51844,32.41158755023434
51845,44.867166917833536
51846,44.013359539001286
51847,45.055460199457315
51848,37.0693373150857
51849,47.60206036952584
51850,47.31353667609747
51851,48.243285051206925
51864,38.46539125224855
51865,37.2905478656022
51866,34.31398141755192
51867,47.247796519849
51868,36.57839245134035
51869,31.79969703771029
51870,50.13504266474103
51871,44.532719357221474
51872,44.09255281276798
51873,48.94012619202322
51874,51.911256952124724
51875,54.34734195411255
51891,15.335784011153624
51892,13.758751022792698
51893,23.727707620730573
51894,21.544027352058666
51921,14.720066635458227
51922,30.702086507115553
51923,29.940686604984844
51924,20.166152882851666
51925,39.04322524756434
51926,38.51163244679464
51927,40.22106052083247
51928,42.641895277769464
51929,41.341783255841555
51930,44.37129124061988
51931,43.99667549276214
51932,46.9816916840568
51937,44.25904721336777
51938,56.43949797516668
51939,51.19992326154792
51940,52.97445458034242
51941,56.67030092417344
51942,43.276389855435276
52202,30.875107503524724
52203,33.85278000847328
52204,34.479466763994544
52205,48.88185515802501
52206,16.504515418768307
52207,16.32718695401919
52208,24.638555852547398
52209,35.19324566110792
52333,32.886894467200214
52334,34.56353031315905
52335,42.86020546229512
52336,35.61609215698475
52359,32.10948216961494
52360,38.06159555702603
52361,24.67726174390165
52362,35.547682330390664
52363,61.32942890064519
52364,39.60540497943679
52365,43.447394516973766
52366,56.36870903451739
52367,52.2832496917956
52368,54.03551444291187
52369,52.75323294759648
52370,49.369847155225216
52377,9.096435493611809
52378,10.788722603413737
52379,12.81386201444049
52380,14.224324576777395
52381,16.652479287088003
52382,17.455447293721324
52383,17.960647906818856
52384,31.64594400213152
52385,40.27308463327437
52386,38.385501030963596
52387,34.201086216303665
52388,44.20730532926576
52413,62.034740153269574
52414,57.48681905575855
52415,51.00950628693616
52416,46.023680261542374
52417,52.31698577249025
52418,51.4702433633172
52419,58.60641468786832
52420,60.53873947462177
52421,56.07348526297054
52422,23.92045608804608
52423,19.71100847555288
52424,14.359677200325114
52425,17.719762868131163
52499,22.777285984801075
52500,31.453235972135126
52501,32.43415111984993
52502,40.675875553631315
52515,28.818261109462902
52516,47.408665395647525
52517,42.2492790843627
52518,48.20367104947956
52524,12.557384458279085
52525,21.032862921691155
52526,19.735774457189446
52527,32.81830780638162
52587,32.18108456707464
52588,24.836648980408512
52589,32.898581795849154
52590,34.95858491975669
52591,32.955804541476724
52592,40.71455292981495
52593,41.28200627879883
52594,37.20358006767336
52595,50.02199167858855
52614,28.672353114183434
52615,31.22948133123513
52616,34.46352276376872
52617,36.339221082918556
52657,5.617601484113537
52658,12.139860021113961
52659,16.559962570504855
52660,14.563464761812876
52661,44.09910885857143
52662,39.71233022149228
52663,53.464563364731234
52664,57.46961273551911
52719,41.65441234761038
52720,37.21779630106591
52721,31.772584631636587
52722,35.26965806105974
52723,36.8867564570424
52724,46.09335116201109
52725,51.825916299412405
52726,42.13799066838216
52727,48.52860620684779
52728,55.458832261079024
52729,54.84497460650828
52730,52.37547826946275
52753,15.484002429787436
52754,12.853274165187374
52755,15.85843201466009
52756,18.568859693559624
52757,8.676753171721307
52758,18.57602555803466
52759,21.870178512531684
52760,19.482655746616764
52761,17.19067238400701
52762,30.10722041983687
52763,37.40044817408487
52764,34.741592155079964
52802,47.55144736493908
52803,56.34938150374031
52804,57.51753633542861
52805,61.065777254125706
52806,65.4677738571649
52807,66.28985923679363
52808,66.72616199901464
52809,63.597361431656566
52810,56.60721714229243
52811,60.201895894797374
52812,64.90193459818835
52813,73.18628406733217
52861,13.430650536407596
52862,29.308271869299784
52863,29.528301997894623
52864,33.28161676057895
52865,53.23072487737486
52866,55.81083850441456
52867,46.60348499782929
52868,41.87460346705598
52869,56.2613046707696
52870,45.497129586715864
52871,56.056837666168526
52872,48.63667513990775
52913,18.219918808507618
52914,15.931260108114177
52915,17.628101129443387
52916,11.149867631824627
52917,14.18563309265121
52918,20.694170930462093
52919,16.523219792631423
52920,17.687965173686973
52921,33.04476674397608
52922,32.32977554463783
52923,6.610973772123783
52924,27.431437427167943
52925,24.324860821385013
52926,25.20959075667124
52927,28.275547913765067
52928,41.48173241177687
52929,34.91810814453947
52930,30.54731699213139
52931,46.507860531514225
52932,39.855775274909966
52933,49.84618978371886
52934,51.80987990653812
52955,18.43621823257089
52956,42.168685795891825
52957,14.548416110965498
52958,35.5654918748053
52959,56.1738279667891
52960,49.239571705178136
52961,44.517975821674675
52962,49.767243328377695
52963,48.890208742626896
52964,51.93570664098788
52965,59.101977946593955
52966,54.15158972090017
52998,34.237871427069315
52999,27.83137491669089
53000,34.292104564248525
53001,47.35354411304144
53002,29.133946491183032
53003,23.743479195566245
53004,42.71219907339335
53005,35.99959599830362
53006,44.30990739009725
53007,37.30108940060079
53008,46.179393520736085
53009,47.3032627128686
53010,46.34361767640424
53011,47.294254548929125
53012,50.25378183487054
53013,59.068645620004396
53014,23.55556543966582
53015,26.90996960468
53016,31.258609172598952
53017,32.779160437686606
53018,30.84186732220618
53019,31.665323917409285
53020,49.24029048521559
53021,33.41818988702546
53022,35.57180242202909
53023,50.33605040699867
53024,45.858627151450065
53025,48.3863311315186
53141,29.300200141162946
53142,26.304355341498713
53143,42.76375177779518
53144,35.13722512693463
53145,30.98574451306063
53150,11.080960051546027
53151,16.29315710258008
53152,16.851479233555697
53153,16.82669609467857
53154,16.353923927922015
53155,16.736757339571543
53156,18.798020273991504
53157,36.452588875326185
53158,48.5771938931132
53159,36.5362862819611
53160,38.372775976010686
53161,44.40616436395813
53162,25.075352249128414
53163,23.16588017859535
53164,31.455145439666296
53165,40.58623435254886
53166,28.261414733689044
53167,30.30919343857473
53168,29.899152951908892
53169,28.350972237308838
53170,32.89462730164102
53171,23.911140728624567
53172,33.5614251049306
53173,17.90005460000382
53174,31.73072154090425
53175,30.71448936769011
53176,32.49030937022382
53177,17.44138361846795
53178,36.27951528747651
53179,44.47210194263095
53180,45.05474877176533
53181,56.917665156173356
53182,53.155792960728775
53183,36.67607418105806
53184,35.95514417454819
53185,47.102538823808274
53186,45.06565262862586
53187,49.528665857429516
53193,30.285625670124222
53194,39.46760631536663
53195,31.69931707665522
53196,39.14569953127295
53197,37.84050601458042
53198,54.28198155990621
53199,53.559452368438315
53200,52.858467209521415
53244,30.813587334470345
53245,42.833724436535114
53246,27.578238182085393
53247,45.8980846576075
53248,48.49308288637977
53281,27.913234962471932
53282,21.409667924381385
53283,26.734615739337116
53284,31.185340010823875
53285,29.51473954517409
53291,35.73881136195662
53292,45.64216533584382
53293,40.6460646112225
53294,36.52853791161849
53295,45.70702655975142
53296,47.71151411765022
53297,57.086523310599254
53298,51.83466300374466
53299,64.1229597513546
53300,57.9778561833757
53301,53.886827794486194
53302,53.35786055743617
53318,39.333460297842926
53319,28.341447047318905
53320,53.24060991067541
53321,47.46179468069282
53322,56.07800398361103
53323,55.44446783606488
53324,49.2779045405122
53430,26.637427282826557
53431,32.63229006855913
53432,38.37156628535523
53433,32.18626565765959
53434,45.452278053367365
53435,34.857800439372085
53436,47.22529515103419
53437,41.0833148498551
53438,45.09386171754332
53439,48.164791467104095
53440,42.158592864205175
53441,39.83535614878565
53442,22.724784005957215
53443,33.57530938236718
53444,42.10921676240875
53445,28.5989092048518
53446,46.787543565981565
53447,42.89388814472823
53448,40.77838227161107
53449,39.884296116373626
53450,49.23199393306869
53451,53.426880966428804
53452,38.60486287268322
53453,41.48436772594967
53483,11.09657097687509
53484,27.898637727236665
53485,31.79836068193612
53486,33.393340207895925
53487,40.459128737105026
53488,41.52421384038286
53489,43.15436856015421
53490,55.97712519168523
53491,58.39957469436244
53492,46.47039637607128
53493,44.72026902515137
53494,58.14526520717712
53527,42.224499272720514
53528,27.72099300866693
53529,41.167308327688076
53530,34.04689416396523
53531,44.76193096370685
53544,26.595063493555347
53545,37.375442927096934
53546,38.60255988330941
53547,49.60350805007921
53589,48.369296496904276
53590,51.60100415740683
53591,59.471798211598475
53592,55.7743343975961
53593,57.55844417194831
53594,63.5467137013359
53595,62.9416174574902
53596,67.72528356753055
53597,72.10562429862443
53598,71.0743118530274
53599,68.91587393348472
53600,63.82662164545967
53651,38.96149435430399
53652,59.175636031629885
53653,46.19394958257101
53654,55.49887657567062
53655,54.33531617865606
53656,50.048143612323
53657,36.91506569780231
53658,56.74601636970505
53659,52.743949783882826
53660,59.62310976952244
53661,53.48165922908631
53662,60.7909829597455
53663,49.042341538425674
53664,54.81809288281609
53665,64.26993061375678
53666,49.405851959019884
53667,32.64837994836017
53668,32.377294292216384
53669,30.77103723904302
53670,35.71317010478569
53671,38.083538440170074
53672,39.97918453888383
53673,39.96561925414435
53674,40.99426848356097
53675,45.77893737583178
53676,57.872739711302216
53677,42.186980133616956
53678,53.06897178673228
53703,28.330255913539055
53704,34.93187586723594
53705,38.878823799835
53706,47.0586523679099
53707,56.123442106576135
53720,4.013310796546153
53721,8.103363777732516
53722,5.280226939980851
53723,18.58283983705738
53724,17.41076714573868
53725,14.432919521200715
53726,23.296563310164174
53727,14.064446006011515
53728,19.38419545905452
53729,36.695871907245625
53730,42.00667864241197
53731,40.115057645451195
53732,19.187010773270167
53733,32.65557529493016
53734,31.592300838451745
53735,34.38246623119404
53736,41.480819409423155
53737,35.98505131207283
53738,28.972271289451196
53739,42.10219152715795
53740,38.12593176314947
53741,39.20569700242109
53742,45.24399763045199
53743,44.11918053548496
53794,17.909773044750075
53795,19.63577163024051
53796,16.903559134362578
53797,30.937902556677958
53798,16.020363453308942
53936,41.452945856328625
53937,44.100603233694166
53938,46.382061723919676
53939,43.323674821274864
53940,55.61233860743378
53941,51.99641455257251
53942,58.89668154387288
53943,50.310826140641176
53944,50.734211321600434
53945,58.84958795897753
53946,54.22052038936967
53947,72.16987930223443
53954,3.6271177079539214
53955,3.6565631099945364
53956,4.134037985102085
53957,9.50434077320665
53958,10.192018004977612
53971,31.54259714569127
53972,36.99571035246404
53973,36.87329129759602
53974,34.92568787798776
53975,36.20864499531056
54001,24.3420856311854
54002,23.73985113442228
54003,29.892913416709433
54004,43.47351319376973
54017,24.772649160647646
54018,33.34121425132887
54019,40.37027726643171
54020,27.761316395955788
54021,38.17508861951929
54022,34.703023828301156
54023,44.111245006676974
54024,45.22300512741245
54025,45.65354617822565
54089,39.33587029656425
54090,26.249667274821423
54091,40.53432540025301
54092,42.371619851667646
54093,49.42150427946049
54094,45.9484140922185
54095,60.373981656183815
54108,54.854626254983714
54109,44.86936051777599
54110,43.24771300354362
54111,43.57859222982969
54120,14.931770993020512
54121,9.51020926713728
54122,13.249341420233266
54123,15.261645569108195
54124,16.22147499928435
54125,20.392983530961843
54131,6.0462752027850115
54132,12.690669072282356
54133,6.293206637243489
54134,16.219276359799387
54135,15.889502002053067
54136,17.878982519026025
54137,13.939444438860939
54138,27.889128105902707
54139,36.8460089671598
54140,37.65805031733729
54162,23.1109715034256
54163,39.22709797313214
54164,35.37957352315707
54165,36.08598451887411
54178,5.4010956982410345
54179,6.91985407638689
54180,11.014812176805158
54181,12.400797859382237
54182,17.221567408909333
54183,15.260635136995269
54184,17.72101829743157
54185,14.011602182572883
54186,17.83179535657562
54187,23.512503356874934
54188,26.068404367302495
54189,26.805567473277303
54202,55.52144507165661
54203,62.28270314536243
54204,57.76264042440091
54205,61.642526998552995
54206,65.52962505526155
54207,66.82223386175734
54208,64.72249270735502
54209,69.53031022131233
54210,73.14408158849088
54246,7.536301558623395
54247,10.7882134650951
54248,14.036402691792649
54249,5.025449265073963
54250,16.310109953238282
54296,46.510012468214725
54297,35.246914501435725
54298,38.810137089370876
54299,45.160947287568916
54300,41.52871745853635
54301,46.79169827602587
54302,48.21757501561996
54303,52.58646364626174
54304,42.86760526938685
54305,62.63349823623223
54306,62.68781465746119
54307,59.88955363997427
54323,20.07236488004081
54324,13.80448483587595
54325,16.743110287855348
54326,17.910892929080443
54327,19.71019770789575
54328,16.965523222465073
54329,30.512941544312003
54330,31.542500610199667
54388,23.10905955715535
54389,35.779474783935136
54390,29.993199879987
54391,44.18208479518763
54392,40.48074567814531
54475,5.879878522362641
54476,13.34752525830651
54477,13.642373640485436
54478,14.590866981082344
54479,15.800347546499069
54480,19.47747238774912
54481,16.369128094707573
54482,20.220710192172515
54483,18.21903375606969
54484,18.34624640645302
54485,21.849613666142464
54486,15.482190677474941
54493,32.70169869058838
54494,32.17244084331488
54495,31.110007699413345
54496,33.97563348970287
54549,16.451847604093672
54550,12.904039948977822
54551,19.753792703351014
54552,32.06664200097133
54553,37.22217904670064
54554,33.10235745586719
54555,43.4310313910205
54556,38.57355435005768
54557,47.348506064879174
54558,43.3041671847868
54559,42.256269834269354
54564,4.306883339068643
54565,8.278149737507153
54566,12.538457073315126
54567,13.870557334775098
54659,14.336039603440243
54660,20.482175859882275
54661,24.534356174507913
54662,20.64916981476814
54674,20.54263499336234
54675,29.427767005143856
54676,35.52207068258745
54677,31.580269753241648
54714,21.249542390200936
54715,21.828144016638984
54716,25.90206346971082
54717,35.237784762638114
54718,45.03635820345817
54728,30.426932690525756
54729,38.26147553076692
54730,32.412497057685826
54731,40.546015427173444
54732,44.2429230730572
54785,22.179394538135593
54786,37.096284409538725
54787,39.14821578636638
54788,28.758672144906313
54789,28.906891973641248
54790,42.0242636274694
54791,17.502521173434744
54792,8.179039317590496
54793,20.847335495795885
54794,17.945701722423284
54795,31.011680255498028
54796,33.66526734831715
54797,35.46260762481077
54798,46.5373598994181
54799,34.52407185706505
54800,48.27162607459893
54801,41.645318049222276
54802,30.538640602923063
54851,23.371912833371663
54852,30.032373183504962
54853,33.304601400681385
54854,33.32418078143789
54935,31.989605381414105
54936,41.944184149805636
54937,54.47509019500395
54938,47.05983159892157
54953,55.81382829205639
54954,64.05433866153612
54955,53.65604753990486
54956,58.861482515103305
54957,56.89962598481059
54958,62.629156019650154
54959,61.5449438458642
54960,59.76228461782729
54961,66.11458592246758
54962,60.277390845439804
54963,60.71074407394585
54964,67.69213288186978
55017,36.815332461668355
55018,50.52054311747774
55019,31.245246714919254
55020,46.45088161379056
55021,37.9639340331933
55022,60.1502348089014
55023,48.44079397359178
55024,48.46394393885193
55025,55.004162866286194
55026,41.50820686648608
55027,50.5574548022074
55028,57.494046849583015
55041,44.55559064893596
55042,42.831298000550895
55043,48.829050967222294
55044,56.55347412580497
55045,52.88183801015335
55046,39.711020834151796
55047,39.79757588908391
55048,56.420185583799466
55049,38.50649027556166
55050,50.04759301208397
55051,48.8152074590561
55052,56.777500991337924
55060,43.091167800714764
55061,37.432934329710335
55062,52.52248966920897
55063,51.81375119087898
55095,38.136461930217834
55096,42.42587831538018
55097,47.13729515577984
55098,61.88572953880629
55127,32.286253770562986
55128,28.13851981269486
55129,20.88620785468438
55130,34.39348641899218
55131,29.114002554047087
55132,33.96824907494481
55133,38.12024134652678
55134,39.258020745512255
55135,52.06732526999049
55136,42.6730383217945
55137,52.77960114835736
55138,45.38667301210065
55179,21.877769016401064
55180,36.02259555778273
55181,33.61564872288409
55182,39.13333916841358
55183,39.956794815372156
55184,32.19785895404226
55185,51.49783008463313
55186,49.55898752249238
55187,39.66905327764085
55188,43.481365305020326
55189,47.34170669896161
55190,46.98536222926091
55191,57.51685403926081
55192,51.18663479339943
55193,56.85552153567201
55194,60.32819618273181
55220,14.867680842146985
55221,20.461052064213984
55222,17.70370318920855
55223,33.12790742473414
55224,37.27660010268406
55225,36.954791357967665
55226,39.86317901289601
55227,45.559644150650385
55228,39.85685736110456
55229,52.42639193033724
55230,32.923252042157166
55231,40.30083037124406
55261,9.836170656375222
55262,16.058855284648054
55263,16.06148845345663
55264,16.09821262739574
55265,14.983462324604206
55266,19.729726228321145
55279,42.4872312122124
55280,46.681788125614176
55281,38.24955424044618
55282,46.296442508666416
55283,51.531395545941244
55284,56.33271029595389
55285,53.211728019456764
55286,63.11608494203502
55287,60.498594156559534
55288,56.56723504654587
55289,58.94307836461806
55290,56.537736676364695
55349,52.77372189218414
55350,41.28753135868167
55351,50.956456023842335
55352,50.33700422667515
55353,41.92509326000013
55354,52.70093166788302
55355,58.44804367732231
55356,52.77745794511065
55357,55.91280203484688
55358,63.76687457864721
55359,57.33879392990901
55360,58.0260072484843
55517,11.14242695741138
55518,25.84117128419494
55519,15.090167975506972
55520,14.522709668435708
55521,9.34663624427551
55522,16.941086103259803
55523,18.219590469352912
55524,17.643118695833746
55525,26.559909449929552
55548,26.89146319238549
55549,25.5948477503495
55550,18.96893724746981
55551,28.109716189757
