Index,target
66,18.119998977344707
67,27.474925104625765
68,28.375578456700303
69,29.842398381887595
70,30.21378843511143
71,35.078538074749055
72,36.541182264199776
73,37.73469964664948
74,44.07474334342101
75,45.75461763094517
76,47.919934018701206
77,49.814515954253345
141,26.282352647452047
142,27.086438906659218
143,30.060846525558862
144,33.319861076025035
217,26.72016219735135
218,34.2501896880081
219,38.57187368537772
220,38.03392628973983
221,9.65428406675839
222,14.539694392936855
223,13.812223015873174
224,17.096489889685586
225,17.67766323595112
226,20.336372897226767
227,29.034460716367416
228,29.79808352335637
229,33.181760898862116
230,33.191435428886955
231,37.08112939988626
232,37.31755314
233,36.76242693944605
234,43.24447307927743
235,47.2180528911039
236,48.75755750474498
237,51.922515657487835
238,56.4871670124416
239,58.489521182360136
240,60.11287824487968
241,64.08514241925378
242,63.22474829309203
243,66.1267950714039
244,67.60587569319901
423,17.22127220233789
424,21.18261454530324
425,27.685886057993777
426,30.97865718501011
427,32.93202613488198
428,35.494628434268726
429,35.70669364922502
430,37.07594147125488
431,39.242160586855555
432,39.688932501640664
433,40.2075312069267
434,41.899481316813635
447,14.753612403462958
448,18.876764405026734
449,19.865063578203102
450,23.139261329905974
519,25.784450493684044
520,35.821886283120094
521,36.829663809046956
522,35.995856489129665
554,20.434148771558068
555,28.729382485121494
556,37.36536536839902
557,41.40401048872316
558,47.9195917268731
559,12.995684851314145
560,16.760002876478477
561,17.68735375310074
562,20.219956855401566
563,24.6408905232147
585,27.172276077684018
586,28.862096067798923
587,30.055572251416855
588,32.12818364625835
589,33.791121462861994
590,35.705942611674544
591,36.3568893460062
592,37.699851515420356
593,36.917098042683605
594,41.55042880265481
595,43.129921281290756
596,43.35521951816382
606,22.442932193389026
607,24.498507395842328
608,27.632971146716073
609,30.92670429157359
610,33.03742070145538
611,33.77220769849894
612,37.5789882110298
613,36.76978357340671
614,39.93359769047212
615,41.86729107930434
616,43.05541877030616
617,43.72905987256543
618,30.513091295165903
619,34.50916864442078
620,38.101450209114695
621,43.60614991779138
622,41.63439609457207
623,43.39768402728951
624,47.72591359004054
625,55.027888460497635
626,54.39987526738262
638,45.718124071209814
639,44.914049228440476
640,49.81812199794647
641,54.20887659922887
713,47.78367074826132
714,47.855368640172856
715,52.53826594929876
716,55.18374069652886
717,57.33942721052305
718,58.89258338668851
719,61.776254195618726
720,63.10992575489175
721,63.764445770555774
722,64.9896891255846
723,67.14329079178812
724,68.05314182484129
731,26.58409726078229
732,24.991180412192453
733,27.327025383357316
734,29.3666888636983
735,31.55133718500965
736,33.315193721380616
737,36.05435705132554
738,38.514270400210336
739,41.50830259984522
740,43.70895810334705
741,46.44843699310787
742,49.26065334422174
759,27.716687497639693
760,34.32714724142386
761,33.06086611353916
762,34.52419129208379
763,37.35018666411455
770,31.437509091645204
771,33.674877528546695
772,36.41104913684812
773,39.912653959367724
774,42.77958277975684
775,19.85950144416826
776,27.041108316037175
777,26.13218307280128
778,28.96827623796662
779,34.31239276256827
780,34.264667464745784
781,37.56537834131894
782,39.96140096020765
783,44.31420786709873
784,49.52805276238658
785,50.34465078021294
786,50.412341483126234
787,52.91447268546516
788,53.55214844240275
789,53.41121505736296
790,56.69078605813631
791,58.864477065057514
792,56.92825414772564
822,39.728224084684804
823,44.36167281566046
824,48.951174269290355
825,51.15348313826181
826,54.96271535806045
839,23.643312334778958
840,26.24359377826852
841,31.243914393982852
842,34.502540999196945
843,35.42372117571826
844,39.115006390328446
845,39.236641579549044
846,41.79103981907668
847,42.11600767708372
848,44.06621166841387
849,45.440571197632266
850,46.80185171411523
911,18.297844730928492
912,21.52677659374551
913,26.184696963631158
914,24.462989542328643
915,25.66024172274712
916,34.75408045315572
917,38.44764758853742
918,39.714512488470014
919,41.36764620270892
920,43.65448868745426
921,44.88709678399864
922,44.63642736780791
944,22.209473994094818
945,28.854076812260494
946,29.572480320173987
947,32.30461850325688
948,33.87540322397148
949,38.172595521072104
959,46.74035366408453
960,49.54619942880036
961,52.01757275063871
962,54.008633181972186
963,57.22267492810585
964,58.24243587928611
965,60.23271875105312
966,60.02833781933389
967,62.552399432654354
968,63.326372927154665
969,64.47994371341595
970,65.18361245398012
1097,26.59371359493332
1098,32.23387432158522
1099,33.92158311648394
1100,36.17322632955
1101,39.802411158254195
1102,41.90794454380672
1103,44.42707423799754
1133,40.43113424846263
1134,48.30057024169484
1135,51.82783290371941
1136,55.94628904988319
1137,62.36750897538235
1138,63.62377725523606
1139,26.879823387122595
1140,31.761239815726945
1141,32.073363529188974
1142,36.26722484703297
1143,45.035022006212444
1156,33.271650925340516
1157,33.320797775647094
1158,36.82390478644884
1159,38.802805599095564
1271,29.974958587045343
1272,28.50370222897314
1273,31.404894850653797
1274,32.691035888687175
1275,36.41347921468008
1276,36.51047240888196
1277,41.76921604725467
1278,41.63273326750793
1279,44.3190730735394
1280,46.13942716132883
1281,47.52450899789343
1282,50.00231041770222
1294,60.016663658130774
1295,62.51373293762427
1296,62.880649910329936
1297,65.41033758894686
1298,67.71724362834104
1299,67.51313598112138
1300,69.60678025500508
1301,71.33607560128074
1302,73.56256442520305
1303,74.15100971620842
1304,75.85521728193669
1305,78.47064388573982
1318,9.177251029415201
1319,13.564053685089759
1320,12.767449762528964
1321,17.58205776342325
1322,16.7880314572995
1323,23.125416289695043
1324,26.7418842404369
1325,29.211815203847475
1326,29.611252449092813
1327,36.29893070896152
1328,37.84249795206856
1329,44.022927499330976
1443,21.18242456146752
1444,25.48982418868016
1445,30.715016900542444
1446,29.818743623768537
1447,31.221199324398345
1448,33.75434217178897
1449,35.465520810209014
1450,38.9595148374772
1451,40.44150552353142
1452,42.87173181306192
1453,47.85446354972454
1491,30.766229420578345
1492,35.212372687053836
1493,37.38507147309106
1494,44.74550025868395
1495,45.004629677034224
1496,46.91387269662611
1497,36.754954554824515
1498,43.31119462632706
1499,42.78076049779639
1500,44.67368042615947
1501,43.5387219172008
1502,44.7206220310056
1540,39.936808346907824
1541,45.78609482822247
1542,46.212287884796794
1543,48.161430301652786
1544,50.921471372791096
1545,51.84587133703153
1546,56.40205518071602
1547,57.164989743516756
1548,59.946137364828836
1549,60.43735566539109
1550,64.08596505357434
1551,64.68897572982362
1682,42.63507819741674
1683,50.54369998482226
1684,53.329039114851696
1685,55.92964479240075
1686,55.80873489712919
1687,59.18969535345372
1688,62.32118923827328
1689,64.39846752797648
1690,65.651284160735
1691,66.81750036440549
1692,68.82305579309246
1693,68.99956074063837
1788,-0.9903532561774417
1789,-0.13033491367101105
1790,0.5674419941543859
1791,1.3447496444232092
1792,3.0712932562274156
1793,5.853076178478114
1794,8.491007554363728
1795,14.457188607416581
1796,13.002871194948636
1797,14.646550377217455
1798,18.42545983332511
1799,21.014456832638523
1823,18.036858586244172
1824,27.625806385234558
1825,28.853756366404863
1826,32.872745612792556
1827,35.570883269365915
1828,41.05205063357714
1829,44.46143209481316
1830,46.742682454038686
1831,51.049289045095385
1832,51.945051936005974
1833,52.8770688131114
1834,55.708421358208916
1835,20.127107629310082
1836,23.154624791625643
1837,29.199910010228784
1838,31.232314442584812
1839,35.75083993338077
1888,13.915485098116527
1889,16.660982478558434
1890,17.998159449516198
1891,18.901478052369033
1892,20.269255039190288
1893,24.754287805166697
1894,22.806814153298664
1895,29.960258294472315
1896,33.85739264732516
1897,42.86530914842585
1898,49.18905377712259
1899,52.940349583417735
1900,17.84539098464013
1901,32.45217522095285
1902,32.0581276829458
1903,37.17662043749447
1921,22.552764316638577
1922,26.463633234050462
1923,28.406118340269476
1924,29.45176521145987
1925,30.438287949294665
1926,32.41189763938267
1927,35.55720588925054
1928,37.48888550789098
1929,37.612462905043955
2057,17.051493477045124
2058,19.310109443909234
2059,21.106276136722975
2060,30.02455734803717
2061,27.043399044323593
2062,28.26096110108172
2063,29.490737763826083
2064,33.847112276457665
2065,38.35251684750885
2066,40.805555285785665
2067,45.05217547083851
2068,49.16895171791007
2139,49.58749652883184
2140,51.746606542998315
2141,55.89923304057768
2142,65.05973947001696
2218,23.810189416664777
2219,32.16414444498196
2220,30.60069589573156
2221,32.460185833516
2222,35.564286996577586
2223,37.090299986172305
2224,39.93654961721181
2225,42.79949250107567
2226,43.19782159506803
2227,44.00514075249329
2255,35.971625454940366
2256,30.73700176147033
2257,34.09951703082258
2258,37.74892514229057
2259,37.74090370919735
2260,38.68736365235747
2261,41.77731676374249
2262,44.80238251453707
2263,43.116557025319956
2264,45.019956385952554
2265,48.08569862817699
2266,51.82436427475387
2271,31.037012934068827
2272,31.68539308609631
2273,33.79636374304222
2274,34.96586451315156
2287,22.252742294504266
2288,22.87814870162534
2289,26.139082191182005
2290,33.53497780586959
2336,13.581815181367936
2337,24.740221560375296
2338,27.28486404377478
2339,29.530189404084034
2340,34.25604333435374
2341,35.19897296187349
2342,40.06875732640873
2343,44.219737989479
2344,43.84443304484448
2345,46.81342095652954
2346,48.480239956594
2347,50.50456734380451
2413,19.045618320246245
2414,24.894815351785482
2415,23.496590602027972
2416,25.21631370963907
2417,28.42126473293982
2418,30.164929227708072
2419,32.591460035917144
2420,31.814176934601228
2437,40.60697595497793
2438,42.29744883129507
2439,49.54436479538209
2440,57.0758024333485
2479,36.487419413632566
2480,44.17507812501059
2481,42.068436935887945
2482,45.06912823357788
2483,17.01757696143368
2484,18.175545767314638
2485,26.341249670708294
2486,27.99845300880579
2487,28.48554590271708
2488,30.686306572207872
2489,36.32817476234708
2490,37.71443055878197
2491,37.932991568323196
2492,38.894070960195705
2493,41.147609125567605
2494,45.832149063626986
2535,42.10651518141278
2536,44.564836518569095
2537,50.20991579225692
2538,51.976651209418044
2539,58.60352927948575
2557,23.839229023697328
2558,26.116055320206524
2559,27.468616654957078
2560,32.1487109288876
2561,35.07134841618255
2562,37.79592602913692
2563,41.71483718299595
2564,46.91364632417848
2565,47.32990873814235
2566,48.338225513950974
2567,51.952087623634604
2568,54.04131363247293
2573,31.373750802168818
2574,33.86439944461141
2575,35.39004127995183
2576,42.64165775697638
2577,39.11832110126844
2578,44.27901324278392
2579,47.62243871119852
2580,48.16996622896016
2581,50.939056982092254
2582,54.30653840791317
2583,57.048967330885006
2584,60.02978503243927
2585,14.313785362124543
2586,15.749360030875668
2587,17.112839318494977
2588,18.84818218083511
2589,39.04410511595571
2590,43.30316524402806
2591,47.19628923089847
2592,49.33264325756279
2593,54.08208415215786
2594,25.701366916352992
2595,26.34813151767428
2596,29.717807991364815
2597,31.497944727107072
2598,35.937709153029765
2599,35.35678562210301
2600,35.058352690485684
2601,35.99713343747731
2602,39.43551765168931
2603,40.95932783022338
2604,44.2139149369327
2605,46.11723611332529
2606,10.096192267945153
2607,14.583703273331698
2608,15.102967290619217
2609,18.116980918504193
2610,18.729013675758857
2632,49.506281229564316
2633,47.486197681692715
2634,56.55146675677803
2635,54.87478459941197
2636,28.90473382040935
2637,31.868091574932144
2638,37.67654609818625
2639,41.74669457256466
2640,43.977587103640715
2641,48.085041845723666
2642,52.538932926301236
2643,53.014633614186955
2644,56.09361484882294
2645,57.44263091876594
2646,59.664609306249076
2647,60.435856083874015
2672,5.265532158626592
2673,7.618396417595445
2674,10.515302024660503
2675,14.177529366819131
2676,16.67049280578063
2677,21.27654905084461
2678,20.53526014217359
2679,25.877474634789813
2680,25.090155681698445
2830,29.965186606378595
2831,30.278782723920564
2832,32.98070621066033
2833,33.607232039875456
2834,35.88455762471655
2903,5.672458951893321
2904,6.392409791923477
2905,8.444504593512178
2906,9.59211751494506
2955,37.13246800348852
2956,43.76190946895817
2957,43.134850000825736
2958,43.70197244168398
2959,45.82160433514208
2960,49.51125108333583
2961,50.18030096269874
2962,56.28177746951276
2963,57.7802079299527
2964,44.145621881387974
2965,47.678149334002946
2966,53.0741889097756
2967,53.55522824936556
2968,54.47719024611402
2969,56.08394169282336
2970,59.1883052362754
2971,59.44584481161935
2972,61.627194851802805
2973,62.98154603351143
2974,62.96685121751666
2975,63.443602777931694
3006,62.986805418362565
3007,66.47326853049603
3008,67.1711918673925
3009,69.09531175276943
3010,71.18273126284816
3011,72.19401407683156
3012,71.2344353759525
3013,72.76489708061685
3014,72.49918912068769
3031,35.11686206970289
3032,37.004521516521656
3033,46.12352303499466
3034,48.67148775168558
3035,47.58935106572821
3036,54.40148890289682
3037,56.7183639844195
3038,57.308864901457355
3167,17.4819531832917
3168,19.83228868474498
3169,22.197012224257872
3170,22.598939917898914
3175,31.819080140157336
3176,31.052227727731772
3177,33.946129090501515
3178,39.78709692505649
3179,40.46990234414708
3180,43.26917995231544
3181,45.203040020415415
3182,50.67320270967162
3183,51.91931837754536
3184,51.687417691369504
3185,54.54960581024253
3186,57.5827446620133
3192,25.17689838756546
3193,24.947452437467884
3194,30.059085162369385
3195,33.90266475910487
3196,34.52020052597527
3197,7.265463652344401
3198,7.54042648285266
3199,16.39834983835375
3200,15.03622894959671
3201,33.05535956059548
3202,38.17064215849459
3203,36.899664992533665
3204,44.15777205127554
3293,36.61208960151023
3294,42.31462138963752
3295,41.92116258144323
3296,46.15132023424729
3297,39.90947832152146
3298,45.45437545603025
3299,48.98298895534913
3300,49.36137901305317
3301,52.83008616471243
3302,55.5431926546697
3303,55.24850199491014
3304,55.15206271793753
3305,57.1772604113191
3306,60.091444916550394
3307,61.37670444316004
3308,62.33350507219714
3309,17.996555564451782
3310,22.290316368955594
3311,29.633774390106193
3312,34.47381870293518
3313,36.5281169080633
3334,22.493003422133715
3335,28.611310564729717
3336,29.29420901863736
3337,31.93038419064892
3338,34.06409296313252
3339,35.799585912021435
3340,37.546743663698436
3341,41.07760145036806
3342,42.41681463302666
3343,46.55390527537989
3344,48.43923937419378
3345,41.160909200385866
3346,47.86379209721137
3347,48.21445028917921
3348,50.0191478262892
3361,19.450537368995075
3362,21.437119862778076
3363,21.93416220577428
3364,33.227652176788766
3393,15.738169563284679
3394,17.32790942895394
3395,20.66371696045162
3396,25.6721925714546
3425,39.556245535252245
3426,45.99848521091344
3427,47.80059589284818
3428,53.49317429500597
3429,54.99836530171175
3430,56.43925123006693
3431,57.78629095161996
3432,61.195057125484084
3472,13.05871494793794
3473,17.44867660783474
3474,18.473962856358995
3475,19.990659720058275
3476,21.258621994669394
3477,31.55484029701532
3478,32.297959853206784
3479,34.00713161877613
3480,36.1853108442191
3481,39.0629843133646
3482,39.24743775061245
3483,40.682188673128806
3521,13.154219937306879
3522,9.862899167298602
3523,14.035303350104934
3524,20.02411775802226
3583,17.299700766439013
3584,18.170433061542543
3585,20.475297900956935
3586,27.96677732884723
3587,29.344520199928354
3588,30.744851387143814
3589,34.50604530613606
3590,41.006424903707085
3591,42.63769181319357
3592,44.11021143796905
3593,42.986210082790535
3594,16.48050321894949
3595,24.524792933298105
3596,25.872483424925854
3597,33.53906418989485
3598,32.871599875298145
3599,1.3921633038954087
3600,3.054186238358582
3601,7.915094454186087
3602,10.339389600734242
3603,12.116723084064278
3604,15.691134078043055
3605,17.02981719340143
3606,22.00588631655121
3607,24.052142059419896
3608,24.831446749566368
3609,25.776322378905103
3610,26.597711467022382
3644,10.613521693080973
3645,14.249145797306678
3646,16.28375208591276
3647,16.877172097518848
3648,18.98254753722898
3649,20.831066009985257
3650,21.92688597414429
3651,27.722197787286618
3652,27.933511860319506
3653,31.16678159463058
3654,35.59887652129518
3655,35.944074086061505
3812,33.196522854993916
3813,36.829088909541944
3814,41.92374596562755
3815,48.088732505902826
3816,53.03677835065451
3817,57.707754298001355
3818,42.39487604468514
3819,43.26395640884654
3820,46.1947889059203
3821,49.44597780867512
3822,51.2853064950201
3823,54.178590397542706
3824,54.48251562378645
3825,56.59011344932873
3826,60.633997315687836
3827,62.11257212525241
3828,61.67923507111367
3829,63.73949278204734
3886,31.675158954918682
3887,35.33174335704186
3888,41.296056505465096
3889,43.84750615111187
4051,12.229126627735724
4052,16.7237062705169
4053,18.522321829894647
4054,20.64383631325506
4055,21.851612207748452
4056,22.047810886466745
4057,23.878425685930992
4058,25.477594792995568
4059,30.045759250926576
4060,30.17985582430303
4061,34.8211216432601
4062,34.98318331507573
4128,16.41405838595711
4129,19.441600025402966
4130,23.583334519274974
4131,22.460685981795574
4132,26.684804741050737
4133,28.918992599218665
4134,30.712382104541675
4135,34.727566447459374
4136,38.968980463749865
4137,40.86662604576173
4176,17.76063169080387
4177,21.912209002008794
4178,25.014592812540297
4179,29.953562823587824
4201,46.80506442238882
4202,47.45778362338683
4203,48.990150928943144
4204,53.71625641184076
4205,56.377879480512185
4206,61.90800885080189
4207,64.04457074647891
4228,51.638208005491634
4229,55.57669632531458
4230,57.60233497938535
4231,60.00757198951933
4232,60.68712528401003
4239,22.774159768312703
4240,27.32517528005831
4241,31.97757142565183
4242,35.06697586345197
4249,25.89812757571612
4250,26.660419126077702
4251,28.39461890684668
4252,35.071707957779196
4253,34.59119574727764
4254,37.101491364113244
4255,38.845877869041
4256,44.87315832641404
4257,43.6971800376213
4258,45.17772016954013
4259,46.16646232959528
4260,49.57950921052
4270,41.794769104253554
4271,44.082633881316696
4272,49.33752558636461
4273,50.76062467646715
4274,38.94601566828612
4275,43.91305516276832
4276,43.96857493040182
4277,47.60000048015909
4278,48.25586815601532
4279,48.821384741400934
4280,50.55491629816977
4281,55.36541239703417
4282,54.951701067344196
4283,56.627185721239755
4284,60.43903182004729
4285,61.81456130351999
4323,19.72067115030879
4324,23.600761641855108
4325,28.2056568922106
4326,33.34084431712915
4327,38.228462199302975
4328,40.42110833975725
4329,42.7986101171906
4330,44.27250061276711
4331,50.172739542250355
4332,51.72020296111683
4333,51.975878464353116
4362,8.804692549543402
4363,12.577923429256806
4364,13.722382632616611
4365,12.063078058168843
4366,13.585473339028415
4367,39.01379843410225
4368,38.485385988784586
4369,38.71848512259112
4370,43.98741683028246
4371,44.425833722049674
4399,46.13287865467242
4400,52.6709380706825
4401,55.59711770207574
4402,66.89665295524792
4403,68.47094679331673
4425,33.85696837208383
4426,38.29410014281723
4427,43.64982598796019
4428,41.3844618445442
4429,43.151201311811995
4430,46.533846510663395
4431,48.22034482034865
4432,49.82355095152702
4433,50.19861196668641
4434,53.70138065944678
4435,53.33395661973144
4484,15.897287844987632
4485,18.767142741247174
4486,23.941661378552684
4487,30.592393674211372
4545,16.655415541655653
4546,22.14010445121315
4547,27.77247595581549
4548,29.6352722874911
4549,33.142446087845826
4550,39.35956689965814
4551,38.779592551173614
4552,40.7266097094095
4553,42.52437390786422
4554,44.92805751870138
4555,47.41821034187039
4561,11.468502714119321
4562,15.377818747996177
4563,17.191670308235377
4564,17.693670555628582
4698,24.056299967936894
4699,27.527196568204108
4700,31.57015349968813
4701,33.2562494585151
4702,34.533063775522244
4703,36.41510088344147
4704,39.4207340975238
4705,39.98841041389602
4706,42.44072709438722
4707,43.93512467862027
4708,46.000503965059806
4785,18.237036845394872
4786,21.713488048467372
4787,31.318322698145053
4788,32.61715218998802
4828,29.464829266432663
4829,35.86473049920515
4830,38.588879897363235
4831,39.86736879925819
4832,44.76402099023136
4837,7.965455878700336
4838,9.233443183093419
4839,12.499126576234783
4840,30.80008822445674
4891,18.646678134650884
4892,20.349265082162763
4893,21.966033612420624
4894,24.459247480593334
4956,63.79363335419635
4957,69.53989209995652
4958,71.18908583315542
4959,72.68992560063958
4997,16.347092852081392
4998,20.21855105288232
4999,24.532824906852277
5000,25.40961671580744
5001,26.887021843433047
5002,30.38621887528536
5003,31.81010322662784
5004,35.59861530706048
5005,38.900279254485184
5006,40.85992937260159
5007,43.14269911006929
5008,47.125767129673015
5045,2.45633169071039
5046,5.216367852375858
5047,8.960961821648429
5048,12.334275971680754
5085,11.801660103173875
5086,11.130309361505827
5087,13.359059100254134
5088,18.052180879122858
5089,18.618439172004944
5090,25.111009373848823
5091,25.241080853634386
5092,25.48140794220078
5093,28.511118391491916
5094,29.73035164264295
5095,30.983461268540193
5096,33.1566855841449
5097,16.51875027818765
5098,24.92480331128295
5099,26.043414788951647
5100,27.43622313555084
5101,31.464182996446414
5102,32.513305520558205
5103,34.20871660744081
5104,42.881182524771084
5257,6.277638394490324
5258,8.009184627942632
5259,12.275962998683612
5260,12.004434090627417
5261,14.626963639853127
5262,15.916494030874992
5263,21.83599173862379
5264,23.160361245060678
5265,24.04820969563081
5266,26.108563790868747
5267,30.26650058931054
5268,32.03686583740665
5372,47.978161674196635
5373,50.10982450111599
5374,53.97302658280752
5375,57.084886333727475
5376,61.36011836338118
5377,61.64074087369483
5378,63.16310988152423
5379,65.67500248653513
5380,66.24847598363277
5381,68.60000326113509
5382,71.07970786608963
5383,72.54720319242318
5419,21.72911623969174
5420,24.539041966258722
5421,29.192946087552126
5422,32.91610601240132
5423,36.97472581027088
5424,38.960141625230186
5425,45.07940400094463
5426,48.45463786315244
5427,49.95038841648542
5428,52.800434413174436
5429,52.93547624755522
5438,44.10727960116387
5439,44.421408707316466
5440,53.72771238426095
5441,55.47179453027264
5454,47.71263751843435
5455,44.66634604187184
5456,46.165261277638336
5457,49.67168474045359
5458,58.85658407232764
5459,63.54239816511931
5460,69.3439825144522
5461,71.79231539495184
5494,13.275175983205642
5495,16.166428692477098
5496,23.04868550184966
5497,22.615381208425973
5498,26.6177507529769
5499,32.2409998357098
5500,36.53945361434668
5501,37.19324943123684
5629,2.8876463465187117
5630,7.982182577365933
5631,6.556608476104738
5632,10.071076726906018
5633,33.369980224850096
5634,35.40738248607528
5635,39.40418972483117
5636,42.423193178443256
5637,41.98893803604062
5638,43.45133765771218
5639,44.67990441912108
5640,47.62801152975925
5641,48.85621307898344
5642,51.667415329775864
5643,51.80698913091853
5644,52.65934467385873
5645,9.177713461424148
5646,14.109249595157845
5647,13.720126516038393
5648,18.521481785494085
5649,19.79792152840221
5650,24.701736260402715
5651,29.416152118410086
5652,26.406412719136423
5653,28.863228399138396
5666,40.03989890255748
5667,43.08873654920422
5668,45.082849463460036
5669,48.41089232871587
5670,50.482223805703185
5671,52.278663281553364
5672,53.28085556040573
5673,53.57351610536967
5674,57.288018264994385
5675,57.964683672277424
5676,60.16422975728903
5677,58.50075568150549
5732,23.93713194224207
5733,30.295802669779427
5734,29.436680937904093
5735,33.36027216428946
5736,35.171791716071965
5737,37.074329371550725
5738,38.17262136330123
5739,39.551093137034705
5740,41.47894395134445
5741,42.11098528060998
5742,43.41217345045818
5743,44.03899535088831
5863,46.55956176279822
5864,49.104679909556495
5865,52.636399653626725
5866,55.47869611645467
5867,57.63463599192318
5868,58.26542842438386
5869,61.56836418289587
5870,62.018636661845434
5871,63.41035332094988
5872,64.84283505133578
5873,65.73460985848793
5874,67.46398184449667
5907,41.31761049406148
5908,45.252238143681325
5909,48.745874324795835
5910,49.75473802304758
5911,51.79423029304139
5912,53.96147549265154
5913,54.89314969094165
5914,55.79282802042984
5915,57.464708725262135
5916,60.96264455089278
5917,60.29511050710027
5918,61.67424904447354
5940,27.007508179923015
5941,29.378836420232677
5942,30.636495568248474
5943,32.48466626289094
5944,13.042009087906562
5945,17.917202546345752
5946,19.6054553642045
5947,21.992190964074982
5948,21.974445872654535
5949,32.624159037542896
5950,34.91001771489499
5951,36.70590610617692
5952,40.04582426181069
5953,42.33844360987672
5954,44.44661139319709
5955,45.96273793438714
5980,28.416346943033734
5981,32.94736347660955
5982,36.903525458209636
5983,40.531817753799636
5984,43.80016233731525
5985,32.528706158022466
5986,32.819189155893945
5987,34.61649745144864
5988,40.99012298149496
5989,41.86150177853685
5990,42.71980666326386
5991,45.094670924521004
5992,48.69707887896707
5993,48.763696980145156
5994,51.612360831838856
5995,54.27785309311534
5996,56.43970313950308
6001,30.993043898952298
6002,28.839276622203055
6003,35.393261668302486
6004,43.111035914986005
6005,57.667737131315114
6006,55.06789025620173
6007,66.74521208793549
6008,70.68419526685825
6021,36.86400550588812
6022,40.801717755373126
6023,49.483317520690136
6024,52.066681821424645
6025,54.41578828295964
6026,55.96686637462253
6027,57.54908584340185
6028,59.72143893092275
6029,61.1636283277942
6030,62.863222620866075
6031,63.66810240008088
6032,64.80554155492487
6122,37.57128906601429
6123,39.158105740520355
6124,42.27554694227473
6125,46.453739194870664
6261,38.529028246658136
6262,43.97487260574541
6263,49.69250841262891
6264,51.281213744370284
6265,53.69620740696171
6266,55.27493250917658
6267,56.72012020831611
6268,57.25086161085119
6269,59.480588672036006
6270,61.49821314581984
6271,63.959541157403876
6272,64.87941903118114
6313,39.80004325552196
6314,44.20439953103343
6315,47.07351255952912
6316,48.62103148470725
6317,51.45604588726965
6318,51.84246965426953
6319,55.28771513811015
6320,57.930669918415596
6321,2.544629791879729
6322,4.433438542888224
6323,10.569172635645243
6324,13.365246539938193
6325,15.543825563298249
6326,17.320954781570418
6327,18.078875174638014
6328,23.03895175144307
6329,23.898054623917854
6330,31.452506380594137
6331,31.436678222777697
6332,32.331000651563976
6348,2.8420670270082833
6349,6.157496967668535
6350,6.3576215775658245
6351,10.57854045598811
6352,11.723426732203407
6353,15.67255502973064
6354,15.894254153400174
6355,22.560705823574636
6356,22.390937768319596
6357,25.102569013707686
6388,26.566824883233345
6389,27.445810154139032
6390,28.307517362860448
6391,31.51500946369319
6392,32.85024432538838
6393,33.78547317810215
6394,36.41461150313149
6395,40.38968829352143
6396,42.03951593051146
6397,43.41955051149136
6398,46.00757246470423
6399,45.191661328274414
6462,14.162722971336086
6463,20.920298536358455
6464,27.605403900075434
6465,32.725804954441514
6486,14.585227113112033
6487,18.259537608222914
6488,19.723137265188214
6489,19.996291085296704
6490,22.916783580186788
6491,26.908962185194046
6492,29.596538792672906
6493,31.749600151593725
6494,37.68385613153206
6495,39.735928359627415
6496,41.16131974150543
6497,40.97884623366562
6538,30.473937922084932
6539,29.817817289011174
6540,34.29816966798666
6541,35.75443179053888
6558,36.2759730035846
6559,42.21973005164242
6560,44.0869323646198
6561,48.28410442887273
6562,12.515835749729005
6563,15.186253750351787
6564,17.567183961928773
6565,23.638813677548693
6566,26.109920608147448
6567,27.09315530046522
6568,27.991190085200245
6569,29.81284374743418
6570,34.974265049198046
6571,37.158777053405714
6572,41.31405268363138
6573,41.5640607575711
6574,28.979887470739985
6575,31.663430358754944
6576,39.07899664818148
6577,39.54938441397858
6578,45.857699207728935
6579,34.90389260146538
6580,35.00327475286533
6581,34.15956782299337
6582,36.06386507175764
6603,26.808767457766248
6604,29.26505930319575
6605,29.979839367946674
6606,32.10156279482396
6607,34.66552630375634
6608,37.5032160732561
6609,40.59415160882164
6610,42.88274513747323
6611,44.59233778571045
6612,44.1112131087544
6613,47.90741531275465
6614,52.78786705432278
6643,6.321225517850324
6644,11.727732929197517
6645,12.095346265720693
6646,15.167916001673301
6647,17.32555553638857
6648,17.05169513479506
6649,18.10101331494223
6650,21.298901692037425
6651,19.321093621137578
6652,25.233748828364316
6653,25.36599110902041
6654,27.41164678625847
6663,30.439769259120048
6664,33.72442800229591
6665,37.98018352000532
6666,39.83666017333859
6667,41.06059300626702
6668,42.96535213843804
6669,44.20353785260399
6670,45.660261533666805
6671,46.58482874686923
6672,47.43178699510107
6673,45.864634371858024
6674,51.100272978122355
6675,23.897455398510502
6676,26.864061334418842
6677,29.022986521669786
6678,35.18748734267643
6753,49.478974244402
6754,53.186344713164345
6755,56.386403106617955
6756,60.71704417761965
6757,34.27522638783119
6758,40.88914038304554
6759,46.16225506819948
6760,49.63397244341297
6768,40.66976932290979
6769,49.765971650018855
6770,54.8783391561401
6771,57.846248824305036
6772,63.28378224095301
6773,62.992839422359985
6774,65.87199150035684
6775,65.40901882297945
6776,65.93085314610943
6777,68.3236369906849
6778,69.18542777795071
6779,70.29080950034954
6788,10.57671102815991
6789,12.752400471121062
6790,14.514900656319018
6791,15.30543136731202
6792,16.13806977860374
6793,18.32456313789306
6794,19.29927292895395
6795,20.46670327665876
6796,23.502532555601647
6797,30.688809069574607
6798,35.910336842551054
6799,41.3477596572332
6842,34.19406790755039
6843,41.35021707008268
6844,45.686969956770696
6845,48.79046291481951
6846,49.79601112101817
6895,30.959623803586435
6896,35.89215642831432
6897,37.39147409033894
6898,44.62153255634014
6899,44.74578125620279
6900,46.91957158292729
6901,48.81179623190095
6902,50.63850835086006
6903,52.32496152810512
6904,54.93946211825339
6905,55.03144140845254
6906,56.94230474010849
6907,58.22010081440038
6908,58.942602113085336
6909,61.01445913611085
6910,61.17706427496697
6956,33.75987774152148
6957,38.81589321204874
6958,42.56009282797014
6959,46.74807071922302
6960,47.098181511821444
6961,51.8155461317732
6962,50.677075048200905
6963,52.297090579238464
6972,20.26518228891547
6973,25.6278723868413
6974,28.136147173383005
6975,29.744404454357518
6976,32.88874700258526
6977,33.758501083817414
6978,35.09804441588245
6979,39.04630656994989
6980,43.41562139426201
6981,45.1012867035142
6982,48.51192179076633
6983,50.60245301220643
7052,35.7195107405669
7053,38.304931790959465
7054,42.683475989938415
7055,46.35259630020773
7084,-0.13875569605884627
7085,1.0233048436778684
7086,2.49955802787823
7087,4.236990213583277
7088,10.085882683036543
7089,11.924568753204214
7090,12.878208272246662
7091,17.54683899538762
7092,18.450985733724234
7093,16.829284558937076
7094,20.438124329372574
7095,19.795392081421582
7096,27.4914889019796
7097,33.87013875526375
7098,36.32830350201687
7099,43.17121008376571
7100,52.49863966195755
7101,36.39720443565331
7102,38.01632526277271
7103,39.564401494638524
7104,42.00932885842685
7121,18.25166175209569
7122,26.51011580808386
7123,30.568366761210175
7124,40.90814705467946
7134,47.73685738399926
7135,42.52743865993372
7136,46.37476903562202
7137,52.351893660997995
7199,23.64307823869527
7200,25.991097264427328
7201,34.910375910652334
7202,36.18194030177265
7203,38.029972025679584
7204,38.880429615315094
7205,43.56056093209343
7206,44.496533332732994
7207,46.22167031037383
7208,48.71875105257489
7209,49.6638975056862
7210,50.56020842404113
7279,17.94758830806042
7280,18.124796741312615
7281,24.494838698477313
7282,25.286967039371888
7287,21.375936464411115
7288,20.544287671121868
7289,22.70394919175244
7290,29.94515053808193
7291,30.266345274266587
7292,34.0998782223208
7293,39.71633935367214
7294,42.063838154951405
7295,43.19068612415456
7296,45.13566326310193
7297,50.059717943064264
7298,53.309852326564815
7371,3.5358878024704126
7372,6.4480169057446615
7373,8.198718590613325
7374,13.174078542581475
7375,14.635079278065705
7376,16.554880449988328
7377,19.660407805307106
7378,21.09235620644646
7379,25.34756459247979
7380,24.64771127133022
7381,25.949620309199673
7382,26.996457334713863
7510,40.803352556631104
7511,43.88159816431473
7512,47.941123835176164
7513,50.890030790421115
7514,51.459803493545884
7551,-0.3297902561977567
7552,0.5401735125580053
7553,1.791413089267604
7554,4.933842959576838
7590,24.246282129053846
7591,28.034801498206463
7592,31.59882312734739
7593,32.77318564481632
7594,45.3421068372478
7595,43.27287631793316
7596,42.868079296161795
7597,46.51195069552453
7629,26.85639597428584
7630,27.632437817219603
7631,29.846518715697687
7632,31.55717732311834
7633,34.91005552011623
7634,41.70784112570945
7639,33.79447650889928
7640,38.9169847359475
7641,44.832698722277705
7642,47.93675988724884
7643,48.47005784617111
7644,47.54899282488909
7645,51.43505146488397
7646,55.49967012015664
7647,56.99760747445573
7648,8.604577423102624
7649,11.126699918535486
7650,7.111224449816867
7651,10.781904102128186
7652,13.49233313234084
7653,15.120550987745819
7654,16.510539585759858
7655,22.94432370702804
7656,23.82419774019103
7657,24.947106325817693
7658,27.263625509031947
7659,29.28158887600081
7690,13.08134868311953
7691,17.27451937020797
7692,18.79192576041438
7693,24.28300034522071
7694,25.59122259092486
7695,27.413506637852766
7696,30.794589668980986
7697,30.827351574578266
7698,31.93150343360895
7699,35.14874131054876
7700,37.16538798367253
7701,38.03316053403812
7734,9.826646194102661
7735,13.197784198916871
7736,16.12502498677334
7737,23.88074292166832
7738,24.992004536887105
7739,25.51406480113487
7740,26.731483624488277
7749,4.058951756273304
7750,8.401447098286882
7751,6.700635106423346
7752,10.885465565709364
7753,11.86593240504801
7754,12.937147774778364
7783,23.35447794319103
7784,27.55211142344697
7785,32.796779485830484
7786,32.45688465553012
7787,33.88375286266088
7788,6.047196133676308
7789,9.878575306610589
7790,11.1434103032249
7791,11.351801877248734
7810,38.529236296841646
7811,46.32802270313372
7812,47.057859256772446
7813,50.82158043597792
7814,54.67025946365167
7815,55.64468235582052
7816,58.149094661747604
7817,60.09823254031976
7818,60.01877427222122
7842,31.211891671772975
7843,36.877446190284715
7844,37.163380361441675
7845,41.59295810831289
7878,29.79207373147502
7879,30.89563884101882
7880,32.19292534826118
7881,31.97011480451391
7882,34.82085475542196
7883,33.52762021601553
7884,37.947360050845035
7885,43.48474717715482
7886,43.87817429025969
7887,45.88802333981158
7888,47.090574908662454
7889,51.48201912160153
7895,27.539710686802128
7896,28.62542050186114
7897,26.680073808985405
7898,29.426877576149753
7899,33.62748879683792
7912,13.140744083132986
7913,17.78822202905613
7914,20.66246686952367
7915,21.43767926458534
7916,27.076483377063862
7917,29.18687070718091
7918,31.376839123190624
7919,33.487803093293834
7920,36.06375849045029
7921,37.064182133552414
7922,38.06647146169358
7923,39.8565147228226
7957,31.42488771761355
7958,36.05993642973844
7959,37.92711459380939
7960,40.73560657477892
7961,42.80544033152099
7962,47.29939703703192
7963,51.50009693394282
7964,54.94317893280842
7965,58.14581442627546
7966,61.6799757176504
7967,64.7792083896869
7968,46.933027023228085
7969,48.78515216394579
7970,53.52283548630754
7971,54.158037538081544
7972,56.3426372213997
7973,23.80654575352851
7974,32.03740233665124
7975,32.43020015867894
7976,35.84922020413456
7983,6.55833462634933
7984,5.735525541175091
7985,9.388901849122272
7986,11.374441850922747
8027,46.64087806083149
8028,53.321149482148776
8029,48.92396164423978
8030,52.427606727188184
8031,53.370964802316585
8032,57.32010840411275
8033,56.65384737701859
8034,56.73202343376828
8035,58.15245113739381
8036,59.156298488054745
8037,60.354612039241935
8038,61.794958136571026
8101,22.415578443072523
8102,33.25617951797653
8103,30.574950664615294
8104,33.20556948195512
8105,4.944701414235504
8106,5.958430753600729
8107,6.724518590092216
8108,9.443761409459999
8126,41.18376061952842
8127,44.371530164782314
8128,50.45077240327938
8129,54.47821639889324
8139,33.98558224729084
8140,30.041928860406454
8141,33.083002845425874
8142,33.815868751819465
8143,37.147701266097286
8144,35.093519199715146
8145,36.57872277788202
8146,14.012072133468711
8147,13.889843467511863
8148,17.287759642203444
8149,18.337858938716835
8150,7.9446387367187725
8151,9.664813893070512
8152,10.80876941489621
8153,13.057218653803766
8154,13.805136527562013
8162,44.962292875999914
8163,49.446324311695
8164,44.65967517652539
8165,47.917555443638136
8166,48.65196226893845
8167,52.77388556396521
8168,52.553406191992785
8169,54.179128644308996
8170,54.13796382153416
8171,57.11654929417394
8172,59.19207937268029
8173,59.03994689879052
8203,22.187226184980474
8204,25.403242083613385
8205,27.156020404951278
8206,34.65255859309388
8207,36.30947018977704
8208,42.15017762387471
8209,45.32221016743844
8210,46.71818943244848
8211,49.153608226424225
8212,50.07877814855284
8213,54.405143326240925
8214,54.885383161889145
8215,6.042104282542533
8216,8.851407428173784
8217,12.999757209686374
8218,15.20110165056336
8219,19.196616927424575
8220,19.447520333069257
8221,20.9878043830415
8222,21.13478482772578
8223,24.75738066005784
8224,29.03527493623347
8225,31.824714667659595
8226,31.288806511705964
8305,14.56246117272497
8306,18.485870404236383
8307,19.433428331251946
8308,25.004033848136913
8309,26.008025908124324
8310,30.055904960345764
8343,12.604303761183534
8344,12.932783410037244
8345,13.934083233867286
8346,16.231041868832843
8468,27.474320951393118
8469,30.796548956906502
8470,35.01715776524363
8471,34.935577822247325
8472,25.534044813550356
8473,30.905161315356104
8474,37.13103279642094
8475,36.87366528265373
8476,38.481672041761215
8477,46.182708883343096
8478,49.34927965639855
8479,50.95282804093342
8480,52.57828814157697
8481,53.473853499984884
8482,58.341462120658406
8483,61.0096266950823
8536,24.862852283270794
8537,32.765822167005645
8538,38.28112637335419
8539,38.965866703397595
8540,5.812553564933452
8541,10.361478754767365
8542,10.343708831003983
8543,10.322826331601833
8544,13.536832782024263
8545,22.702586110241555
8546,25.025685573949144
8547,23.886096459925398
8548,27.33514332284797
8549,27.65681699007515
8550,31.87084644609994
8551,31.616030796626696
8564,32.697971801640904
8565,36.7077017837608
8566,39.89882472696465
8567,46.096973270474294
8568,51.144223016345
8569,55.41193500149278
8570,57.99063372205821
8571,60.42231101500306
8572,62.928570174932936
8573,63.672423340115834
8574,64.94654572442828
8575,65.85833562464387
8604,15.171541431968498
8605,18.797939581771843
8606,23.820933117208167
8607,24.190633871012686
8624,16.746152355472518
8625,18.590735144971042
8626,21.161320930985955
8627,21.217875099773863
8677,21.843817638466284
8678,28.85085732404435
8679,27.563855248004717
8680,29.573331316511315
8681,31.389950551847516
8682,33.91178752536819
8683,36.45537630197779
8684,37.67237863794174
8685,38.19444115166234
8686,39.22749511632264
8687,39.73817236797679
8688,43.55980881445233
8732,55.59433593316357
8733,59.8359890847727
8734,61.24472695937018
8735,66.13031375948589
8768,36.13212179703255
8769,37.35451857431916
8770,41.246720767726615
8771,44.73900165008034
8772,49.48748262858128
8773,52.07835599159094
8774,53.917178894000436
8775,28.107390673492507
8776,27.730368933340493
8777,29.235473340993725
8778,28.902571751827352
8840,26.196347991256605
8841,30.80774846075219
8842,31.28192861382589
8843,33.55025389429842
8844,35.82522432222514
8845,39.96330021900162
8846,40.70089270079731
8847,43.98422169048014
8848,44.60442638192894
8849,47.266117528730874
8850,47.02342064796376
8851,50.14092502491089
8852,36.42957292121989
8853,42.18502895123307
8854,54.278011035689296
8855,61.49343336435044
8868,48.25320374523601
8869,51.626124054355685
8870,54.12819348285991
8871,58.579201925995484
8872,60.93711932570599
8873,61.60471385548515
8874,65.51669221375371
8875,67.15136060171557
8876,67.44363795752204
8877,68.46917908955682
8878,69.12010552733966
8879,70.25663218673535
8898,31.42951696619864
8899,27.090664414404092
8900,29.956959332380016
8901,33.577672831941044
8902,36.22732256811106
8903,37.3761894519961
8904,40.4402914694129
8905,42.51047850515234
8906,43.50368792613931
8907,47.18975659037178
8908,47.20956569188888
8965,30.776309695189568
8966,31.12969977006184
8967,32.46766401678224
8968,34.219023489899605
9070,28.850466586846498
9071,34.77623635784145
9072,36.058524908663
9073,41.68378574506313
9074,40.40343502121881
9087,29.75267486817539
9088,37.06457932898789
9089,40.15215481446492
9090,42.97189363123023
9091,13.440467358970436
9092,17.29933006686195
9093,18.26355958895898
9094,19.6980470919557
9095,23.05067619287433
9096,24.289485007579966
9097,25.133374392328516
9155,24.151389573210526
9156,27.080709758521582
9157,30.466628813466
9158,32.552676494058794
9159,37.884146176072385
9160,41.350558144049174
9161,42.04956177146277
9162,45.08811192948882
9163,47.70361904716006
9164,51.484051583025874
9165,51.03886426766396
9166,55.45726002847975
9167,31.235552765171818
9168,37.17523914526298
9169,40.52319256846823
9170,43.38079331945768
9171,47.05341815063764
9172,49.998839714268655
9173,52.020304760128305
9195,11.007089992999093
9196,11.363157514136386
9197,15.62008651213472
9198,18.592195201358578
9282,25.54928055655528
9283,24.84557505489605
9284,31.532643840078478
9285,32.11778380552134
9286,33.914138487182825
9287,35.72899692661291
9288,38.26306886741033
9313,14.362309924630463
9314,18.549711545473066
9315,19.970726207800272
9316,23.308986984095963
9359,37.27307247793587
9360,45.43329959982253
9361,47.25746184203082
9362,50.998105693552844
9363,38.85856352470793
9364,44.11985550943186
9365,51.130164655445355
9366,61.21911946033421
9367,63.01633135302749
9368,34.36273441427798
9369,38.25455790240558
9370,44.26933878321019
9371,44.2187024441732
9372,46.841433196757286
9373,48.90172004148603
9374,51.92834710036526
9375,54.897645559823886
9376,55.44684156083469
9377,59.429276530839054
9378,59.45661283277654
9379,62.05516724243711
9380,22.919135566800275
9381,27.858561037973807
9382,26.57359741034489
9383,29.1926176241226
9384,30.722222745647617
9385,32.68494519348956
9386,33.38434435774229
9387,34.44116536589312
9388,37.21016925022267
9389,37.67058720330016
9390,38.66057906804539
9391,41.373492546731015
9392,26.6639098634234
9393,27.72932754236608
9394,29.537816597587835
9395,31.16838976164153
9396,33.78616770367539
9397,36.533615572943624
9398,38.403993391449774
9399,38.31098756896385
9400,43.24469419380264
9401,43.7780358990015
9402,46.36961378931556
9403,48.6418668105533
9502,23.260246354482376
9503,20.54266248949497
9504,25.168009737128077
9505,25.70983973533931
9506,27.024149297671997
9507,27.91787569365241
9508,30.895668823210062
9509,28.791185453897395
9510,29.155290138842215
9511,30.550766225444615
9512,33.61843950092761
9513,33.010885606716116
9514,35.05246453791378
9515,35.8005091374868
9516,36.74004854837536
9517,40.41049130092411
9518,43.14698055460704
9519,42.709027336737456
9520,42.264606477541705
9521,43.565147692551186
9522,44.8489020643688
9543,55.20068783517891
9544,56.03826031572683
9545,57.80369229616183
9546,62.01412844983663
9547,62.287036689127426
9548,64.02231646652464
9549,65.74353965594867
9550,64.25769098831671
9551,66.72494788191484
9552,66.16256171139862
9553,68.77785897852141
9554,68.85830930021636
9724,28.34274011843136
9725,27.068955890272285
9726,30.646377632103643
9727,30.316927763950897
9728,32.38547029780988
9729,32.66853768435356
9730,36.50104740503177
9731,26.62049915498067
9732,39.57179513997179
9733,40.24778623539576
9734,44.008705069658696
9735,47.219503400589836
9778,25.508677980114502
9779,30.239966333968578
9780,35.60365406620883
9781,35.35005181678542
9826,28.697708987618093
9827,30.752968407440786
9828,30.612607030819866
9829,31.182368905464138
9830,33.60294266853747
9831,35.81793208437164
9832,37.22168563068117
9833,40.29122661324398
9834,40.29608093753606
9835,41.92578488909377
9836,43.572710155363275
9837,45.56678136367572
9850,26.06876529723548
9851,28.232515066782394
9852,35.67935427657665
9853,35.776508054903
9854,36.898609655220575
9855,40.57074330295044
9856,45.7307857550217
9857,48.36984697357801
9858,48.94847590337317
9859,22.430836109902824
9860,26.203681349733156
9861,27.35098056629606
9862,30.6305680765826
9863,33.27169202799755
9945,37.993661822689134
9946,49.341001104608154
9947,49.21505735024917
9948,53.03021559892913
9949,54.810111110864156
9950,56.730122767132585
9951,59.02836215398555
9952,60.96021603995559
9953,61.3719350121242
9954,63.586369627389736
9955,64.44594235433424
10058,16.000140507232643
10059,21.680155226695383
10060,22.441447710487626
10061,22.423956883064783
10062,27.68243732932064
10063,28.930720840809336
10064,29.97669114225541
10065,35.43465154901171
10066,35.55097265610762
10067,37.81393519549729
10068,40.84374554295946
10069,39.30590379375283
10070,42.21933294727654
10071,38.484580587210544
10072,44.3955543213969
10073,46.31193583702066
10074,51.69934058991461
10145,17.94082718970097
10146,22.656628097110183
10147,25.017479007001874
10148,25.410171953427724
10149,28.13496822947928
10186,43.878837065249876
10187,41.89104570877669
10188,50.40450890459135
10189,52.09256195113635
10190,50.179321756878714
10191,54.591971502109885
10192,55.135692958142506
10193,60.1032954804738
10194,60.893946998003436
10206,24.949475107520247
10207,26.1658628445138
10208,29.15237546003762
10209,31.640582482421994
10210,34.54030143715181
10211,37.44943204730711
10212,40.58360509475967
10213,42.52787767113633
10214,45.65250755003469
10215,47.12872574335168
10239,31.061636639990677
10240,33.173900976361075
10241,37.28768795489924
10242,37.7095690476767
10271,12.63239229999478
10272,14.567486284926792
10273,17.453681853688686
10274,19.293889299168214
10275,20.84790062641064
10276,28.95418449370549
10277,32.301545734724094
10278,34.84344078324429
10279,38.21857644406457
10280,38.8789043724321
10281,42.39837349421687
10282,42.92835412893406
10283,11.65568368851308
10284,15.915432156436365
10285,19.464779276350775
10286,24.41874800042909
10310,31.861053172052138
10311,31.392334496559773
10312,34.052241970807934
10313,36.69756575845482
10314,41.188550687279616
10315,42.75455590056592
10316,45.57975315633706
10317,46.50086606498654
10318,46.262398705508026
10319,51.609789988962156
10320,54.63688580217822
10321,53.87381381284266
10322,24.89648462787054
10323,34.40289209503836
10324,39.99666510422449
10325,41.898630121931994
10326,45.15597078106936
10327,35.368093583425875
10328,37.30185783240586
10329,45.13517429120201
10330,43.26520252181239
10331,45.1749985489655
10332,46.73285443614295
10333,49.90080323316398
10334,56.42385577555784
10335,56.10681017644585
10413,26.61472754886798
10414,33.97830000952474
10415,37.145138875214684
10416,47.787574147043046
10477,26.654244194770545
10478,28.781699779819327
10479,32.24162795038556
10480,35.989550275884866
10481,40.24584495058152
10545,18.672236391723718
10546,25.776744752641093
10547,26.560476360049616
10548,29.035391725808037
10549,30.97803897699461
10550,34.1862830664116
10551,38.58566976040008
10552,40.9795279013326
10553,42.52384808759985
10554,42.783582199846485
10555,46.36436722762311
10556,48.40190960010336
10634,41.725854353290316
10635,41.49007424189118
10636,48.642951947189616
10637,50.275406349875304
10638,41.972171486033076
10639,44.94050207087657
10640,49.20285729800767
10641,51.358027482044605
10677,17.82627749248981
10678,19.067379958953666
10679,24.78982457327281
10680,25.088651732703614
10681,26.88982849963904
10682,32.34652977846379
10683,29.992886743280227
10684,35.60516812600338
10685,33.38896962605816
10686,38.53414175988439
10687,38.28608763522697
10688,40.416393369201394
10689,43.96600194292399
10690,50.83424461559401
10691,54.73542403419278
10692,57.860492819899946
10699,17.491639836658557
10700,26.10907260356612
10701,33.62234990983143
10702,28.93852931325039
10703,30.76120613568744
10704,35.43732035302746
10705,38.007140135229115
10706,44.245833689806936
10707,43.523802948011365
10708,44.32272030404234
10709,47.19512427231769
10710,48.275749300818035
10772,29.145141044130913
10773,33.37767351664367
10774,38.12839525190118
10775,43.45055052436909
10776,45.50819153671263
10777,49.811445730306936
10778,50.60968285984653
10779,54.35651843177527
10780,55.38058402783774
10781,59.09168298173375
10782,59.89213616509749
10783,61.02479836180262
10793,11.484815522281517
10794,16.49957282157816
10795,20.193167018038313
10796,24.63696985028514
10797,27.12031703083505
10824,48.23821766740251
10825,45.67530288374561
10826,48.041986056733315
10827,50.68473674827386
10828,54.566181149948235
10829,58.32447212554596
10830,59.56849793905121
10883,6.663150921186597
10884,11.876292251937524
10885,12.89560680194401
10886,16.435048896809015
10934,26.328243772251785
10935,26.068199992622944
10936,26.49791550501721
10937,29.601322162591572
10938,31.687286986875357
10939,33.04246810984648
10940,34.1443520660111
10941,36.203629962910895
10942,37.17927657811609
10943,36.99077345631341
10944,41.47950625532648
10945,43.307528073974275
11128,22.840570771402152
11129,27.48550357094931
11130,30.81468675961965
11131,34.20761675276594
11132,38.05307921540645
11133,36.86213807956945
11134,41.98399370272773
11135,46.39556629270585
11136,48.90376197761551
11137,47.76573930692285
11138,50.914246429619084
11139,52.56241711940357
11189,24.616432297266364
11190,34.81750528080941
11191,33.689151408813586
11192,34.97932810022304
11193,40.003967042878436
11194,42.058115895901636
11195,45.01587933482385
11196,46.95300844774479
11197,47.55787311767146
11198,48.011698321470256
11199,49.79774356266973
11200,50.84430536651651
11236,7.1810627281366095
11237,9.748559609717192
11238,14.174462831317006
11239,17.117742719234943
11240,18.433578711346424
11261,5.770355905328632
11262,6.302942488943306
11263,10.44720008661973
11264,19.846102560869625
11361,45.35290794309563
11362,47.74984708023288
11363,50.2729061291171
11364,51.75824823972303
11412,8.015696495101025
11413,12.664760785930168
11414,13.868670381769716
11415,14.828078583295211
11416,18.139719280790022
11417,22.520959426837994
11418,23.995286058811434
11419,24.704715626034083
11420,29.798209496636776
11421,35.06631067220248
11422,40.42032526467265
11423,42.16987870365275
11424,9.056006162086307
11425,12.679498578709477
11426,14.866678806379218
11427,18.285564489492007
11428,21.63272539079551
11429,36.74867123895382
11430,43.03972936114566
11431,44.531754769797196
11432,48.207073522820814
11466,13.649116570323518
11467,14.932487905180059
11468,20.31228778219549
11469,20.319824039585463
11470,25.622684510757214
11471,26.063173764198943
11472,27.636563539888655
11473,32.31381390732025
11474,32.085901865507864
11475,34.7999828637463
11476,35.51890357594032
11494,27.591204495091628
11495,32.570043370783786
11496,33.95019878571941
11497,37.944817358513646
11539,30.781491529235716
11540,32.068955693446256
11541,37.81640435221347
11542,39.506003917721735
11543,43.004669512311644
11641,1.0554439315510984
11642,3.7626527232072524
11643,3.572071480402611
11644,7.0551067230363556
11645,9.39246794860448
11646,10.80031098858542
11647,12.71085008387782
11648,14.997354268637455
11649,16.703141104951587
11650,18.735123955952936
11651,24.356117612008653
11652,24.26391571683596
11757,37.19918520108675
11758,33.316962588984936
11759,41.08400123617173
11760,40.86778735565087
11761,45.41939856869142
11762,51.438116623480184
11763,58.265206601670855
11814,39.430561102899524
11815,37.25573782796611
11816,41.43658805371999
11817,47.339041113351435
11818,51.500854558259284
11819,48.50709385836371
11820,25.39164265034346
11821,29.720468986059885
11822,36.64275854855882
11823,41.39405694427494
11833,2.169358017560313
11834,2.7468009466603274
11835,3.127090205784112
11836,4.76187930093586
11837,8.024173750420076
11838,8.90295889588508
11839,13.947803079452815
11840,15.275687148997536
11841,19.01377192793778
11842,21.985393641822057
11843,26.178320080204216
11844,36.7756299411935
11995,0.6219154100947584
11996,1.3570235218382585
11997,2.7212499942770405
11998,3.319059352801749
12009,36.10055530233468
12010,40.052530934168416
12011,46.528786477924385
12012,47.43223674632681
12013,50.489585072459306
12014,51.1140674672766
12015,52.492686040863816
12016,54.294660037587946
12017,57.01815214601301
12018,59.56468081794351
12019,60.17240600411124
12020,61.65113640542525
12032,40.05428018094688
12033,43.06554101323015
12034,43.439114310241074
12035,45.95072659396276
12036,49.272988523429966
12047,25.883121848542903
12048,28.325661863201137
12049,32.25438401998542
12050,39.349116307277086
12051,44.8014033826839
12106,55.95580293768687
12107,57.316970974921304
12108,61.77703917787253
12109,62.54497468937336
12110,64.83055772225839
12111,66.78287912761328
12112,69.18838468870521
12113,71.51824294265424
12114,71.55542698699418
12115,73.86529716186247
12116,31.578854162405975
12117,37.81625404341227
12118,39.820007949099995
12119,41.87610306848061
12120,45.226407716449586
12121,46.820213220256804
12122,50.214069213284944
12123,51.32354058243378
12124,52.63164406654169
12125,53.68260440817915
12126,54.27941640219598
12127,57.73944692496272
12132,51.05353657752812
12133,51.50835615288424
12134,55.03983400002122
12135,61.152810533098815
12186,24.430926898411986
12187,25.170034277314297
12188,27.74309864399801
12189,28.753926947122093
12190,31.74117828032078
12191,34.24663352948449
12192,34.269093810792654
12193,35.155326162920765
12194,37.60692041057233
12195,40.531521015220065
12196,39.129481115251764
12197,40.41192933791475
12210,33.68615936335312
12211,31.524705852873815
12212,35.592202728194266
12213,35.68644254916749
12233,9.602698228271453
12234,12.304863687187803
12235,14.859346877239284
12236,18.484029246981475
12237,23.976575093604175
12238,24.307669983160377
12239,25.59238924710105
12240,27.690989412522086
12241,29.24607657138217
12242,28.90346475439483
12243,29.61736329338096
12244,30.58450045957338
12245,36.956999006050744
12246,47.47364856135904
12247,45.16971454358488
12248,45.61711434018537
12249,50.662932540903185
12250,52.80406937986305
12251,52.22866255694022
12252,55.61903176241116
12253,57.241184758552116
12254,57.05659540004343
12255,58.6164462360604
12256,60.65172939945117
12269,42.11167193564515
12270,44.74252304830123
12271,49.511491189528016
12272,53.62719145612131
12273,54.35724137786566
12274,56.82993370952334
12275,60.20341614410418
12276,60.73106617582674
12277,63.66503273698773
12278,62.78780278889128
12279,66.55552112750989
12280,66.14833770872018
12307,15.533179407569797
12308,17.83866899695072
12309,19.724494717352634
12310,25.829959691615212
12311,28.80803079163038
12312,33.506088616824314
12313,33.98743293888874
12314,37.784535610301724
12315,40.53948922198562
12316,41.16613300167051
12317,42.11486467400159
12318,43.039199791022675
12363,18.779405351261293
12364,20.43965911849706
12365,22.196471496440484
12366,26.009966628454187
12367,28.290797907192353
12391,38.38774210438212
12392,40.0114894666718
12393,43.0918732744714
12394,44.626755521282504
12395,46.828519571077486
12396,47.81172289528476
12397,48.70009085086788
12425,39.51122900882661
12426,45.023405501327005
12427,46.62932443277485
12428,51.73843134222108
12429,55.78284086687233
12430,60.411597702259606
12431,61.71069969900495
12432,62.117662329181215
12441,21.779276213580104
12442,26.16814342505722
12443,30.26238751537902
12444,31.150972727186307
12445,34.884808524126555
12446,36.444446115322236
12447,39.38560856276877
12448,42.7717873369617
12449,45.763362939827424
12450,46.76979113749246
12451,51.36895980593873
12452,55.60972026183042
12514,8.008021027991445
12515,10.13975628847708
12516,10.52714999720422
12517,12.892634133839046
12518,13.34888317333613
12519,48.27823576849535
12520,45.95295396150923
12521,48.81784970873489
12522,52.07103362225485
12523,53.66069040150273
12524,56.60795761581871
12525,58.15129566068883
12526,59.705743859823464
12527,61.630899993685645
12528,63.40931519333774
12667,29.88629506059915
12668,35.28144960031904
12669,41.03809350463668
12670,42.535187725909154
12671,46.050829040599275
12672,48.448743185112775
12673,50.66208515708564
12674,56.02124956684015
12675,55.14780918779956
12676,57.79755966611025
12677,59.543780745370974
12678,60.2671595021468
12711,36.465990510629936
12712,34.4285953550058
12713,39.69781940280437
12714,44.924407136388865
12715,47.91798730630216
12716,35.85652978262228
12717,34.5079641490671
12718,38.41928607476399
12719,40.29622058019025
12720,44.39998368362084
12721,46.19793849732444
12722,49.965063288570576
12723,51.57123652595985
12724,53.193927705370555
12725,55.31359632528062
12726,55.67841371422728
12727,57.07314174771397
12733,14.072905328101745
12734,16.301143046224723
12735,19.77493661698111
12736,19.806031275896
12737,23.47259012742006
12738,23.35849980073236
12739,28.992225426737722
12740,31.44587128623947
12741,31.74595033366048
12754,31.209882914572766
12755,32.64027470093873
12756,31.431820216416103
12757,35.41128412576674
12777,2.949815911635865
12778,8.21730264740409
12779,10.429481425515766
12780,11.394756828632955
12781,15.00061543312553
12782,13.733232889269482
12783,16.848650085552368
12784,15.484541310555876
12785,22.087865085138965
12786,24.618481070532827
12800,36.43513014068372
12801,37.16146448020932
12802,42.69192378106554
12803,47.067549046923865
12804,47.4917153130639
12805,50.42066503333518
12806,51.49549706336527
12807,52.5810893056007
12808,56.34065482454948
12809,56.11120065326837
12826,15.468046895762393
12827,13.644987565255681
12828,16.25364381497394
12829,22.163676928977196
12853,9.780598848148397
12854,15.17278828863668
12855,20.976337969532114
12856,23.043899947934797
12857,25.26518970372137
12858,39.42937140550177
12859,45.90414089641903
12860,44.30515247645852
12861,45.88940855819482
12862,49.37955110671496
12863,50.31993124626806
12864,54.79437121520997
12865,56.45181284891575
12866,57.162973594979135
12867,59.49972660032426
12868,59.91761775445475
12875,26.735009447382453
12876,29.98107710119107
12877,33.22570982457345
12878,37.14655244434628
12879,43.5961667953285
12880,45.232009589302066
12881,46.7258225700889
12882,52.24550638866224
12883,53.027750421976656
12884,60.20614688762096
12916,22.898027274261636
12917,26.399324236162183
12918,25.543100420203107
12919,29.659526470469956
12920,31.584601012218876
12933,14.788094154981822
12934,15.962289144015111
12935,18.471383266630756
12936,21.338730930884502
12937,25.04107746295191
12938,27.32898974645499
12939,28.7356088759418
12940,31.0969756968298
12941,32.55552354211148
12942,35.64306548095922
12943,35.6961302821834
13020,32.107196669340404
13021,35.29157018121462
13022,38.23377300291302
13023,42.94605596415221
13024,47.19537265746585
13025,51.077166050610444
13026,51.35429889248193
13027,53.44042201737609
13028,53.7829234027683
13029,54.5993515269386
13030,54.65602083478087
13031,47.73573685463084
13032,54.87454885391577
13033,54.92579384756634
13034,58.15183039640612
13039,11.503608933450815
13040,17.12152866546764
13041,23.051959591817358
13042,23.81874652741323
13043,22.73545961086387
13044,24.635133880761636
13065,14.199871074060573
13066,18.29060256423992
13067,20.911682728750417
13068,21.643226476105806
13069,23.140407775329685
13070,23.951744143252334
13071,34.705819293275155
13072,35.64666113548974
13073,36.78985683390978
13074,36.74508596588528
13075,40.03992937824053
13076,39.58352990098188
13077,10.695868062425713
13078,12.377701256617906
13079,15.747874329833786
13080,23.869071046417275
13081,26.53473840314297
13134,10.011438482568167
13135,14.884377255826987
13136,19.247387069455144
13137,25.47917075143863
13162,23.24277341625104
13163,25.608273752292796
13164,28.98124818956151
13165,30.70650030216095
13166,33.07521923422362
13167,39.47748967942472
13168,43.38147168707992
13169,44.127380054342204
13170,46.47881372107837
13171,50.065354898229444
13172,49.88967396384595
13173,51.727022850152295
13195,39.52383070035607
13196,35.357928030985484
13197,39.11733611193301
13198,41.45649706723489
13199,43.78148692651823
13200,45.468328482597435
13201,45.58334302529884
13202,47.62915198404484
13203,48.98907681958258
13204,50.52770496996366
13205,50.55807672272886
13206,52.53401425517505
13219,19.87087939847219
13220,20.04348217264774
13221,22.721856311340865
13222,30.113287204166493
13223,31.412232744786657
13224,34.99851309795323
13225,42.19043049566879
13226,44.84225542845079
13227,48.28765300376212
13252,21.701088004357782
13253,18.557339308700698
13254,21.458374256252057
13255,24.0183849213186
13256,35.019356703602206
13257,34.64659412478272
13258,40.217696595243666
13259,50.303290410953
13260,52.66325502241524
13261,56.93479679352734
13262,60.25601004789531
13263,62.69652021654759
13294,34.65067447003332
13295,35.32546302015783
13296,38.05252372424815
13297,39.93773722844785
13298,42.729048451305346
13299,43.35817365569203
13300,45.8987244943056
13301,46.9230970631966
13302,48.57147392438573
13303,51.07235677544206
13304,51.80097486536603
13305,52.420058266058035
13332,45.75344234262583
13333,43.671918322090455
13334,46.97687301456318
13335,50.40049252576045
13336,53.429529699528146
13337,54.31025102187385
13338,54.61797053318319
13339,56.32026187217318
13340,59.764289445702595
13341,61.03811404948276
13342,62.52828845676242
13343,62.9555490641866
13344,3.514866302720594
13345,5.197222484031083
13346,7.212872535970149
13347,11.556654103641568
13348,15.403018866764489
13349,17.29574302894034
13507,13.286808456132528
13508,14.284311763856575
13509,22.10847573449723
13510,24.15365162610018
13564,51.08699453023461
13565,46.732720455096704
13566,50.249521030308266
13567,53.40142766511205
13568,55.34646834485169
13569,57.069665296753016
13570,58.16237028415051
13571,61.03265554054533
13572,62.310415557945845
13573,63.15613211223591
13574,64.50821490875988
13575,67.53425194533052
13674,9.464728118179265
13675,8.708571518747059
13676,12.638639457016849
13677,14.261862020018642
13720,11.43623679517881
13721,11.005532675102536
13722,15.752224252656982
13723,16.55036227248231
13724,20.038058626692663
13725,22.995287560629745
13726,25.289953868239763
13727,41.48535503393878
13728,41.18312301608931
13729,31.56537599275758
13730,34.04848733068878
13731,42.20904085523502
13732,43.8846402759263
13750,34.651688761486355
13751,42.5964761613925
13752,42.991036253055334
13753,46.17016580673471
13754,51.54115639934264
13755,50.93902643374215
13756,53.12156590672681
13757,54.94086912818573
13758,58.80261433231552
13759,60.73614683818066
13760,59.03116579386061
13761,60.77176599390659
13867,25.447395562781207
13868,28.998672425081523
13869,34.00694005219402
13870,36.98433554115777
13871,39.75515034981554
13872,42.36823999767326
13873,45.87023986908205
13874,44.376066662773944
13875,49.70909443999426
13876,50.25423534418242
13877,55.189493599558084
13878,59.791709368676415
13896,38.946301895867975
13897,37.4270956819366
13898,46.40147815927046
13899,48.08907288952377
13918,28.41213690770674
13919,32.19186406249102
13920,40.895517910592986
13921,40.562711252777206
13922,39.17320954531306
13923,41.613480162528845
13924,44.83312220630255
13925,47.47319886588597
13926,49.65610998654751
13927,53.43596745986882
13928,57.02096928122945
13929,60.164837016064205
13946,12.72243689210548
13947,18.211000580949083
13948,17.835702088406922
13949,19.451345369001075
13950,20.431092963957372
13951,25.54611276557823
13952,27.50819273579236
14097,18.291420657400447
14098,19.842141989786505
14099,28.179285513504823
14100,31.114233514747244
14219,23.33430311225299
14220,24.560637575294525
14221,29.83521471410974
14222,31.309663695824085
14325,48.26608476980786
14326,50.08851152586183
14327,55.92856808495543
14328,59.244591596158116
14329,60.864540165006765
14330,62.80231735178702
14331,64.93307557592665
14332,66.67762693032964
14333,66.40396527468995
14384,12.458835358186091
14385,15.298475812975836
14386,18.29461374593977
14387,19.781686695313862
14388,23.53590364539985
14389,29.661344600867807
14390,31.926010732198925
14391,32.434024336268045
14392,36.50650713927028
14393,35.58422780719239
14394,42.41944273811562
14395,41.11161307559921
14396,31.207020464856303
14397,40.49321714856387
14398,46.277888477735154
14399,49.82311806433932
14400,4.800649936252774
14401,8.000372860964333
14402,12.036024363894173
14403,14.72945196633203
14404,18.807374463571993
14405,21.954271634352914
14406,22.037074586941326
14407,28.305723629243506
14408,31.980947575144416
14409,32.549276106637954
14410,33.783075376241804
14468,20.46545289921215
14469,27.016151447665887
14470,29.71683773036717
14471,32.529738435442106
14472,34.70358058201308
14473,36.063175473437326
14474,37.91250303516503
14475,42.52949115939188
14476,42.51521459980081
14477,44.53205239571506
14478,45.12984311968733
14479,45.87883972093651
14498,-0.7432385182847212
14499,0.12308493338794377
14500,0.9710637088894496
14501,3.5900595440147045
14502,6.872977514314128
14503,7.71921434651694
14504,9.280651661293511
14505,11.02771119037888
14506,15.58861269092135
14507,13.611197518644493
14508,17.978328049960037
14509,16.91908168446426
14510,9.448124538289465
14511,11.305577770526726
14512,14.90621978249044
14513,15.984646407513017
14514,16.27363492207249
14515,20.768796338416156
14516,24.30968823734996
14517,29.09304589528132
14518,25.36601857418502
14519,26.3856076918867
14520,26.606205991538292
14521,28.19276536808919
14535,7.427403912840777
14536,9.595001782336627
14537,14.03142288443329
14538,19.661562099492155
14539,30.608969033349734
14540,29.38053614458154
14541,32.879272361730116
14542,38.09133643601877
14543,39.94596607894617
14544,41.60895487674399
14545,43.831755535588385
14546,47.08156349166463
14547,24.19315571165235
14548,29.624117058423305
14549,28.538585612221915
14550,33.043842943458905
14551,34.93932160069655
14552,41.332638531036835
14553,45.80078956346948
14554,50.05253664004616
14555,51.06200359796755
14556,55.22171478868334
14557,58.61763738978708
14558,62.947513216100674
14563,55.501748347216065
14564,56.86700466684816
14565,57.59116270406859
14566,61.57807564939211
14567,64.4252196821148
14568,67.45230162920205
14591,24.601144995997313
14592,26.967619607384936
14593,37.708765001252786
14594,45.132015373004066
14602,38.93433867536387
14603,44.958684806467105
14604,45.31980540869389
14605,48.91369889357474
14639,12.907045049979045
14640,14.34350502104412
14641,14.559911213332583
14642,20.30022461970729
14663,11.5908414672221
14664,15.813210438537602
14665,19.633275251896993
14666,18.051350691788343
14667,23.94371000016032
14668,25.46999800160148
14669,34.09148349739573
14670,33.032559799121145
14671,37.64521853329058
14672,39.92271946511162
14673,40.394862404238935
14674,43.68611290334425
14675,57.95890966337381
14676,54.18312282131857
14677,57.484422403475456
14678,57.9642765378504
14679,58.909600177524
14680,60.59523093902671
14681,60.17667794793962
14682,60.26668691868492
14694,40.259136989180924
14695,39.036140061477134
14696,42.70259362807872
14697,45.36637809914451
14794,20.604571119536875
14795,23.070962501173458
14796,30.804068688722754
14797,28.085246433235834
14831,0.968408357674935
14832,2.418132353759725
14833,6.175798532376057
14834,9.46134399479573
14835,14.49557149402972
14836,17.357412168185657
14837,21.143622541620942
14838,25.0523205865626
14839,26.127809284749176
14861,39.979126370616264
14862,34.39251522599617
14863,35.54334111775511
14864,38.44358106688223
14865,40.545648172535145
14866,41.92836051756234
14867,44.80235217861394
14868,46.31293854910316
14869,48.4601884893571
14870,48.820170673524046
14871,50.343819051794085
14872,52.48751451804867
14873,34.92529718935283
14874,43.06337005466233
14875,48.036153141316504
14876,46.7401535343579
14877,8.890138290747126
14878,10.57854777862697
14879,13.124393395843454
14880,14.70205514311065
14881,16.214041658152755
14882,20.90029647221789
14977,0.8290449578111432
14978,4.839018733573318
14979,6.21150126515951
14980,9.592594291198342
14981,14.737245598151622
14982,14.331749285701633
14983,15.813768604723709
14984,18.083966866227236
14985,21.003569419242663
14986,21.815251418294498
14987,26.525867076193784
14988,27.66613681166971
15001,41.36147439109242
15002,45.99545712018567
15003,50.51599286884222
15004,54.01777822114073
15005,55.27006957354136
15006,55.763828790925935
15007,59.35942076487427
15008,60.03789743436073
15009,59.990167743563866
15010,63.73159022156796
15011,35.15064003573158
15012,37.800925359860976
15013,41.82947157470185
15014,46.400648896357296
15015,48.69871897804425
15016,51.87476321263784
15017,54.249604610331176
15018,54.76999751011199
15019,55.86495763530369
15020,57.49480926840254
15021,60.0780067383178
15022,60.125928955722685
15039,25.241073701108785
15040,28.612313133128584
15041,32.27833977722651
15042,35.380293251840634
15043,38.48875607732189
15044,40.466755263281854
15045,42.955536434045854
15120,60.45928287382886
15121,61.6705196755298
15122,67.33886409371397
15123,65.1271117233938
15136,35.35676036615024
15137,41.385944764111606
15138,40.57642626072469
15139,45.018360511681465
15140,43.83842189255169
15141,46.754381529433616
15186,9.343201190449072
15187,10.954739519600057
15188,9.350662111793293
15189,16.239244843641792
15190,16.841534259667114
15191,17.02932270329226
15192,23.904642337775844
15193,24.832872229469338
15194,27.683157640672807
15216,35.314562072381555
15217,37.94843653951357
15218,43.89631282205591
15219,49.005443730853514
15220,28.432936508877525
15221,32.037719188185314
15222,36.86957210739204
15223,35.666345817178055
15224,36.74397945513536
15225,39.65663230605061
15226,41.21430214811573
15227,42.680275504283166
15228,43.87066407985731
15229,44.074938226005415
15230,43.30979256371703
15231,45.74513945694923
15232,18.906358745882688
15233,24.73151919497352
15234,29.759752272921176
15235,28.07873016627715
15236,31.15228708704406
15237,32.02681834602234
15238,37.06105573640581
15239,40.778745898488424
15240,43.55883684124825
15241,48.23019748610276
15242,50.2740983432636
15243,54.83861430317784
15260,26.098310364227036
15261,27.423077869796906
15262,31.872921387461766
15263,33.82573248600901
15264,39.37348526321992
15265,42.25157998602779
15266,42.40655040198828
15267,44.210544665813856
15268,46.19059385950227
15269,48.75591630022047
15270,51.988508524077304
15271,53.55312045234844
15281,11.368931766459804
15282,19.31160669928083
15283,20.22372117611274
15284,25.67567622575087
15285,26.78937723883158
15286,27.916453175076235
15287,32.196579316952
15288,32.721610762142554
15289,34.256661431394505
15290,36.43683551456787
15291,40.70286376900517
15292,41.820410486800185
15574,31.556684112013542
15575,35.770389703946144
15576,35.13743195042387
15577,35.52423819412366
15578,36.28827024586062
15579,41.79399992764762
15580,42.15684120423368
15581,42.19770934505738
15582,45.40671850543319
15583,45.811585851905235
15584,50.23920479553494
15585,50.477898699232256
15606,19.937623490493163
15607,27.102018523323558
15608,29.153093894935783
15609,33.40774759036803
15654,9.593802598477131
15655,11.63163026682816
15656,15.202903209824278
15657,15.42451890992666
15711,43.581970141143344
15712,43.248287298007675
15713,42.861782367056925
15714,46.496596954991574
15715,47.20798253404327
15716,49.15639043077931
15717,48.63615574509723
15718,51.1227602956481
15719,51.68865231968561
15720,55.07695481580387
15721,17.694472886129365
15722,23.33726534648087
15723,24.117469019985204
15724,30.4390733546185
15725,37.73838031010479
15726,70.21569956768275
15727,70.47107008094471
15728,71.5785197372577
15729,77.95820496495342
15730,79.98941327986095
15731,81.12906513282925
15732,81.92450659751022
15733,83.61744142752056
15734,85.32033810097498
15735,86.02410692405977
15736,87.25617554985114
15737,87.69874016690451
15762,27.09523600022108
15763,33.420479645791836
15764,35.182709514244465
15765,36.22105437074629
15766,39.717794680993336
15767,43.38923051290843
15768,43.931151989229974
15769,46.311075074934536
15791,34.32885647135765
15792,38.50116785908803
15793,41.13753015469167
15794,44.40513016060326
15795,46.79955379742681
15796,49.36237194673994
15797,50.13383590699766
15798,50.69659654260249
15799,53.40963290126513
15800,52.795371590891556
15801,54.790266452366374
15802,53.49685953709523
15815,18.84583007393774
15816,19.81562722145327
15817,20.472855834444807
15818,26.554545745037913
15819,28.509615008333025
15820,29.13224590043018
15821,30.83990089525205
15822,32.175415606770486
15823,36.23131681219914
15824,36.60058605260806
15825,38.7621384715185
15826,41.26211313100105
15882,2.6916461361557813
15883,6.181631346210874
15884,10.967181024032849
15885,15.021042499862467
15943,37.96723312092405
15944,35.64270478206351
15945,40.316754835878406
15946,46.074115284343804
15947,50.18003351772979
15948,0.38106790557675496
15949,1.513761758336937
15950,3.667149105670564
15951,6.868760829824738
15952,8.442401193103617
15953,10.28223562658982
15954,11.78097284307875
15955,13.700803795205664
15956,14.779438198664616
15957,15.44318677504446
15958,19.513254817306223
15959,21.789581207564115
15960,30.032175218727943
15961,30.07172017249685
15962,32.569355070838576
15963,33.29901459452081
15964,36.29477359191733
15965,38.7715726837656
15966,41.41967564681208
15967,44.19449733078366
15968,45.215255346005485
15969,47.25941704269756
15970,50.230119324606726
15971,1.6473979261876341
15972,3.8691293194552667
15973,5.592764589366692
15974,10.698279792161332
15975,13.258488645816605
15976,15.334246451009403
15977,17.873396277562218
15978,18.97046048588379
15979,20.86161486506602
15980,20.58931106097705
15981,26.225910547113887
15982,26.928113169154386
16004,25.702531259933057
16005,25.103650187580058
16006,27.70000372687017
16007,33.43202592694426
16008,31.584306398646387
16009,31.646451330052024
16010,36.990079655349525
16011,44.66186641788745
16012,46.10177625872242
16013,48.322194836668885
16018,11.563185053824958
16019,15.171580552067352
16020,18.630006170380803
16021,26.423080977569995
16061,64.76316990845191
16062,67.14991117416291
16063,68.80814805343151
16064,69.17268818455067
16065,69.65783759381777
16066,69.97970823001732
16067,70.67076580160784
16068,71.40513720326358
16069,71.83897357682518
16070,72.40808749635947
16071,73.34980085195734
16072,74.42240276368051
16073,9.794095419608473
16074,10.727246630542519
16075,11.76630931128842
16076,11.96426215602696
16133,8.24124068303875
16134,8.1940753314368
16135,8.937190886775069
16136,11.596384103296405
16137,17.30838377305401
16150,35.60215640062567
16151,39.882201571746904
16152,40.696585071425304
16153,44.15266439714782
16154,46.225476266504614
16155,48.261003051049045
16156,51.6509102164635
16157,54.00044376783421
16158,54.91101243339957
16159,57.53183373972164
16222,31.22764360592604
16223,36.626115626521916
16224,39.02011642295813
16225,42.970986000981995
16234,33.49815317238611
16235,39.01999542411013
16236,41.192265327696035
16237,43.51578516733898
16238,47.19435765602048
16239,48.94633149225266
16240,50.681228341993325
16246,26.507325101383064
16247,32.45305107810463
16248,33.66427384242294
16249,39.957496036986775
16250,45.08196111378866
16271,47.73123389561183
16272,47.343773066781495
16273,52.36710952809774
16274,56.38974006179521
16275,58.35947055029906
16276,60.84581780224921
16277,63.153488299942644
16278,64.54308711662036
16279,65.5007929514142
16280,65.2600547935931
16281,67.73650753774342
16282,67.00401338468122
16354,33.14084853893003
16355,36.988143559166325
16356,40.68820339600472
16357,44.15470754100244
16358,46.823648111859846
16359,46.31817932552097
16360,15.0627190680096
16361,16.421554853802284
16362,19.244892671096707
16363,19.79110674111205
16364,25.586877710390155
16365,26.67546655938921
16366,27.598992682388133
16383,19.435808629247024
16384,23.374713409918527
16385,27.18896679441225
16386,29.448599910077146
16387,31.43597316790478
16388,31.76163277414951
16389,35.49459703670518
16390,35.10265432110015
16391,39.80791072436777
16392,44.91850432690083
16393,47.506039433510736
16394,53.128704492259644
16395,54.99901765147794
16396,57.03522261320725
16397,59.17526433972668
16398,61.07064571997574
16399,61.85249293261595
16484,16.356929351312328
16485,17.284901558587187
16486,18.76542231054063
16487,18.909422746361795
16488,19.635283552580074
16489,24.068708523792264
16490,24.39275740717023
16503,-0.2737879593506448
16504,0.35766166355090717
16505,1.2413289676630612
16506,4.013166489414218
16521,16.431180788628495
16522,16.841678526001704
16523,20.073415258628295
16524,21.561806806029963
16525,22.737897899753087
16526,23.41138777882329
16527,28.935098977959143
16528,30.92032147266779
16529,34.76843972600698
16530,35.043533572668714
16531,35.973114658001215
16532,39.44047011036424
16538,21.54498885764814
16539,23.425774161983455
16540,28.827644366682133
16541,33.03102505567341
16542,34.80863216824591
16543,35.492922116285904
16584,-0.6487342184139142
16585,0.3195699726927098
16586,1.1333768151506736
16587,2.15715129232624
16588,5.112103403731198
16589,8.588299937666763
16590,11.55540279511905
16591,17.246724988357297
16592,20.204618171425814
16630,31.464794323818477
16631,32.18936989099894
16632,36.06978105313646
16633,36.83976485404059
16634,38.07405263875531
16635,41.694430344754224
16636,42.96065081077272
16637,45.13092363325402
16638,47.13542663303635
16639,49.3174684609557
16640,49.68333039781328
16641,51.03019262763152
16676,37.067137942861365
16677,40.57231889030272
16678,43.78112942287416
16679,46.50525604095194
16680,50.34686830556982
16681,53.12946402074795
16682,54.162620476346426
16683,56.53503619642799
16684,58.441031981235426
16685,60.22503571086218
16686,63.635112793824746
16687,65.87877285372097
16712,45.05323655792255
16713,43.625311079751384
16714,46.502890970233246
16715,51.54863925594808
16716,51.01160273751291
16717,54.00813706881966
16718,56.259842716913525
16719,58.07675523560694
16720,57.93886864336594
16721,59.554232373120165
16722,61.808212718965265
16723,61.59868818642983
16743,50.95015770754773
16744,51.895411161268626
16745,55.25019202273737
16746,55.24625955832661
16839,14.373658602682863
16840,15.741179017840256
16841,17.607233806642345
16842,18.281920503631422
16843,19.445815740970698
16844,26.688724484702053
16845,28.717038696695514
16846,31.024808077876425
16847,33.39084975511197
16848,36.342516203380264
16849,38.87236388492814
16850,41.280923685335495
16855,40.223820445011505
16856,41.90902210726385
16857,46.59914833952045
16858,48.662708073630846
16859,52.54667911041554
16860,54.75193095361043
16861,57.43292525701245
16862,60.49879294607024
16863,61.53049305293461
16864,63.2096400675832
16865,64.88414865725652
16880,43.94664839011594
16881,46.647387815943716
16882,51.857143889718046
16883,53.65037061157885
16884,57.25550022514206
16885,57.976900186202904
17000,13.864582604150295
17001,21.217715192081524
17002,22.93408748045356
17003,25.436883003480123
17004,26.96332373438009
17005,28.94239878148412
17006,35.23600175551049
17007,39.778727740121845
17008,39.31266743512304
17009,45.6875437788602
17010,52.55403016149509
17011,51.444132124723524
17072,49.99784546160241
17073,60.226760211700004
17074,61.96422727349023
17075,65.94401650895625
17076,45.54269922624615
17077,46.94271854861551
17078,48.571713851643665
17079,47.95164809770337
17162,17.6010103843717
17163,22.19237410268669
17164,21.59712511546087
17165,23.649484970176
17166,29.9865955668283
17167,36.133645944447515
17168,36.82436415094018
17169,39.48940186510333
17236,10.437521405287793
17237,9.760836335144951
17238,12.789814536791
17239,17.41576452882438
17240,17.22404071730881
17241,19.642261627773568
17242,22.42818300750371
17243,26.7236579399656
17244,24.966836609876683
17245,25.203378070735084
17246,28.318609440003044
17247,31.608811543029667
17248,32.97616285947731
17249,34.9073602915013
17250,38.24051028399648
17251,40.89536519401373
17252,42.527623418698056
17253,41.497364395868416
17258,39.887928797561976
17259,43.770492988490375
17260,49.19484556943648
17261,52.593287253470706
17262,56.5283136564542
17300,24.87788827851267
17301,25.039143803045956
17302,29.622144767822114
17303,27.72353632202292
17304,33.028472886638056
17305,37.94700300356073
17306,39.60299437905178
17307,42.01158967639419
17308,45.61645086479919
17309,47.27771760104396
17310,50.000503891077145
17311,49.420587392606286
17324,19.662890022779955
17325,26.18292571245308
17326,27.300806991731513
17327,29.830899966901377
17328,31.03999419564273
17329,32.221350840072255
17330,35.425879943867685
17331,36.90869668372278
17332,41.62867087738303
17333,44.20041378762169
17334,45.53409327137056
17355,6.768226327707653
17356,11.407029311558416
17357,16.393639675793082
17358,15.752011158583626
17359,18.953612072190868
17360,24.744634475937183
17361,25.576167016363954
17362,26.51219588583792
17363,26.715257685632682
17364,27.984764686547
17365,29.804635849863157
17366,30.591873438332623
17371,8.142879484134136
17372,15.274604675862003
17373,17.583214029414055
17374,22.17955005602034
17541,22.43510037961205
17542,27.17404510225206
17543,32.29465902607255
17544,34.6211875441932
17545,37.00754020872655
17546,39.267186435290974
17547,42.71340209656238
17548,41.88660039773664
17549,47.8140222532505
17550,47.813631299040566
17551,50.60854689650042
17552,49.19783480775877
17557,19.08757597489249
17558,24.755933770045917
17559,27.5252189057363
17560,29.814713896362186
17561,34.20043011861268
17562,35.59689986741807
17563,37.716988220364925
17564,39.28862408145344
17565,40.55776633020831
17566,43.07971514476926
17567,44.74508654353747
17568,46.398579695671046
17653,10.43930709656865
17654,13.503082831793469
17655,16.25154494182032
17656,17.47836309100547
17657,18.0905455093308
17658,19.94099890176814
17659,24.895779350334923
17660,25.708631584629682
17661,27.798356497196757
17662,29.58296283392535
17663,35.45977753348153
17664,40.078724067283055
17681,30.41290684622444
17682,32.114423409771625
17683,34.463691684731515
17684,36.28756842410455
17685,37.48909152224451
17722,11.434570848086194
17723,17.532259676608223
17724,19.033462226130737
17725,20.671098296721325
17726,26.9188208343858
17727,28.216965602326898
17728,30.010169872413023
17729,34.55147056245912
17730,29.311731954872673
17731,33.030280187050174
17732,33.78751661508093
17733,34.79021313804312
17765,3.389511272502928
17766,8.819728295853025
17767,11.963794216462942
17768,14.551320614439005
17769,18.11421678417034
17770,18.52347259396217
17771,23.61195258559227
17772,29.148665299846748
17773,30.81715351622174
17774,37.29683283071127
17775,34.930011979862606
17776,36.66229503938809
17797,29.801483809757528
17798,34.7328985811502
17799,37.03333514419158
17800,40.63798498481955
17847,28.990968634136053
17848,32.144431610426665
17849,35.11825212613604
17850,39.182867850127764
17851,42.66684568178945
17852,47.28712269972829
17853,50.45479005966888
17854,57.78694392825483
17855,59.22526992189557
17882,26.180557558990273
17883,26.85562131255741
17884,31.662891594911414
17885,35.16780629512982
17886,41.02150920723939
17936,9.315515513535027
17937,14.536599081703761
17938,20.000965389196374
17939,21.46204709675087
17940,26.824493814234224
17951,29.11484843763541
17952,33.9544843982289
17953,35.94735225594843
17954,38.38630882680268
17955,42.12938181340813
17956,42.14949597339659
17957,41.824037362228296
17958,43.659195018676755
17959,43.14955400493859
17960,45.833277625246836
17961,46.564705578022085
17987,31.33630358060325
17988,34.460238792632694
17989,38.56613603040111
17990,42.65026761376187
17991,45.756126887157706
17997,33.798410544794116
17998,38.55165255217087
17999,40.449269241817994
18000,44.47549026269563
18001,43.6273639197206
18002,47.075791736959935
18003,49.22493521657349
18004,51.03415644215771
18005,49.84119453713453
18006,53.256875391212226
18007,54.277577939173874
18008,55.73005394900696
18096,18.037892550106577
18097,20.005736462759128
18098,25.384957789211395
18099,26.68331052311404
18100,27.891064310795922
18101,29.410081650565594
18102,2.9905656014790867
18103,4.457349052454449
18104,8.973721319412348
18105,9.111863455696986
18106,12.08938992169927
18107,15.069997978153218
18108,16.44282086535733
18109,17.569717870310964
18110,19.767880630665786
18111,18.532554611720602
18112,26.616294394270316
18113,28.195314909194288
18124,14.500848691938776
18125,21.472140664152196
18126,20.45061944159263
18127,25.834187321420995
18128,27.02993057265474
18129,30.61909334761808
18130,32.32618900558365
18131,35.9874801644743
18132,38.80485273035921
18133,40.93028910945977
18134,45.31653441099008
18135,48.24360825159153
18184,3.2955702785322196
18185,6.843933798839474
18186,6.009928993387929
18187,5.261375065100317
18188,9.690246569695795
18189,11.708090550126485
18190,14.820615003021777
18191,25.876343006029423
18192,28.298945696866863
18193,28.481790731900183
18194,29.71410312008868
18195,37.68229503478633
18221,33.94421439930115
18222,37.209001602417786
18223,40.84005107724719
18224,47.78441417100524
18321,19.086171317478673
18322,23.932015797257012
18323,29.31155475659224
18324,27.82534632847529
18325,31.82117942644645
18326,33.19964263629951
18327,34.477267047046205
18328,35.911757629118874
18329,39.01241187791649
18330,39.423426614390195
18331,40.97144834471505
18332,43.660092384922706
18391,32.39366873428262
18392,33.85801690144926
18393,35.06448962419426
18394,38.79781450366429
18395,37.79752112948652
18396,39.706721246386074
18397,18.900601963757513
18398,23.87794661819785
18399,26.453143858508355
18400,26.300738038493506
18401,27.218947102034274
18402,32.47294254993142
18403,33.48039565937948
18404,40.82272622081394
18405,46.033104545345466
18406,43.440324605176805
18407,45.24692369450173
18408,49.628184310047054
18479,0.28924885584246474
18480,1.7979911611544255
18481,6.570963242539735
18482,8.464889948597452
18483,10.415303731669304
18484,15.097490482324021
18485,16.51699835533944
18486,20.884879845648257
18487,22.221669069030163
18488,25.387730909308537
18489,28.251129786786805
18490,30.669103061191553
18566,12.913629950735382
18567,17.370443637238353
18568,21.37770209325724
18569,24.120563997459048
18570,30.55368340092362
18571,33.263392417409676
18572,33.47771159997313
18573,36.98664185025097
18574,37.94678086147712
18575,39.103890221298
18576,42.807333572196676
18577,45.843152345209255
18578,47.086645567386
18579,50.62881887524351
18580,52.90531380797713
18581,54.63480749287963
18653,39.68619339442081
18654,44.7847280548159
18655,46.19243402509956
18656,54.617443633458336
18657,55.86817200260523
18658,58.99579116177655
18659,61.260592972920406
18660,63.871587075081564
18661,64.83829004653037
18662,65.76754867573618
18663,66.6078722960857
18664,68.34416767920203
18665,24.43559941635104
18666,28.887181136075856
18667,29.96510602874762
18668,33.136283952945604
18669,8.48548182123946
18670,10.475347267882189
18671,12.842711733765526
18672,14.074828573685558
18673,16.44123335257056
18674,17.350025450128147
18757,21.059586803205132
18758,27.249996236068068
18759,35.392139623642976
18760,32.7545590353344
18761,32.80287998310627
18780,17.763430907000583
18781,20.870766278011754
18782,25.326337621255334
18783,28.757114003116502
18816,12.669100618646375
18817,24.18513153098067
18818,21.008016086072015
18819,27.73965705464775
18841,35.701600583436
18842,36.57634094051881
18843,37.708512716527345
18844,39.96776929507288
18845,40.39360393378072
18846,37.871470961177074
18873,36.89666422159918
18874,43.65757155866747
18875,47.16495075665397
18876,51.81987585012658
18947,26.49694508480045
18948,26.06243567714136
18949,27.31782944478482
18950,28.37581449020795
18951,29.8541285532471
18952,31.533822562432636
18953,31.799916910967283
18954,34.01170334377634
18955,36.65665079057024
18956,37.501477465995954
18957,38.68107512842733
18958,41.04741778687969
18979,37.78530405769933
18980,43.707606445753335
18981,41.54507825334174
18982,43.554719858634414
18983,42.8777670319171
18984,43.11327120318213
18985,44.359660762695704
18986,47.108585207569575
18987,49.880140772815096
18988,50.615723269522206
18989,52.08631987624916
18990,53.89191925278922
18991,15.059590012032544
18992,21.300859323467638
18993,22.4076519683642
18994,26.455531693781413
18995,26.376634941589064
18996,27.29827735133761
18997,28.480310022729817
18998,32.35023055685405
18999,35.63986588071404
19000,39.147755751761714
19001,41.72052848377519
19002,46.972941222283666
19003,49.065443676562936
19004,49.931938878791065
19005,53.082558037029564
19006,54.777117014242634
19007,57.19003415628816
19008,56.37597095367247
19105,1.910616828126772
19106,5.353644944198562
19107,4.0165832105284505
19108,7.906284226110772
19109,11.771930596944781
19110,13.47173949172456
19111,17.941985791127372
19112,23.85786421304831
19113,24.838536220455257
19114,25.148790525162923
19115,27.506443090406684
19116,26.88146430820968
19259,50.95341632506639
19260,48.389262694185476
19261,51.848505966781815
19262,54.594437802681874
19263,56.71714859747355
19264,56.95244306278856
19265,58.252332049776484
19266,58.82496354544467
19278,33.472937607122304
19279,34.94302533892734
19280,35.72388068706929
19281,39.92667001794508
19312,24.982894214355415
19313,28.064448885962797
19314,30.592682235519753
19315,32.38434127371145
19350,48.06017399964176
19351,49.971634510342604
19352,51.478547255932035
19353,52.941254613090706
19368,27.307617580619308
19369,29.000729392029662
19370,32.13905811055033
19371,35.114784791786576
19372,37.28816134369459
19373,39.97990519567286
19374,40.99047487093679
19375,43.147262215013725
19376,43.24035292978977
19377,45.105708333000706
19378,46.86697620257287
19379,49.15280865344454
19397,16.752730837414724
19398,17.330536440931333
19399,19.413452825443976
19400,21.69923738668909
19430,22.134752036783993
19431,24.186963886543126
19432,27.21903905908705
19433,32.34951801203845
19434,32.53997400506703
19435,31.731061298223935
19436,34.89516492244278
19437,33.897666954976096
19438,37.261573305472055
19439,36.72031912541768
19440,40.65031990497794
19441,39.31463369172552
19454,18.5635391928283
19455,22.294724761762637
19456,26.360508440915627
19457,28.43803070282604
19458,30.820659160607946
19459,32.23694552460834
19460,37.04814144414835
19461,36.51262080488496
19462,40.67379608308082
19463,43.98681247211942
19501,30.288965418944283
19502,32.960721102605
19503,37.155922716902744
19504,40.88339841564408
19505,40.995592555698764
19506,43.976915869527716
19507,46.02650792567696
19508,47.008317663010025
19509,48.14465810069896
19510,50.63739645736722
19511,50.54770844913125
19512,52.13950189256817
19566,1.9343579269260625
19567,3.908683149551566
19568,6.931369626823718
19569,10.103158152616286
19570,13.051859580855687
19571,15.060686476114888
19572,16.908267187951683
19573,17.711214179727502
19574,18.19215368496531
19575,22.15889663352588
19576,23.76334079011336
19577,25.924854754944597
19590,6.681836405887118
19591,7.240832653236372
19592,8.45409838299801
19593,10.676605246062469
19687,14.312950737170366
19688,16.002877216892845
19689,18.30348195267285
19690,23.088538604190273
19691,25.795705939348043
19692,27.854019553626962
19693,30.22732478349528
19694,32.68023483993089
19695,34.34423172720157
19696,40.4016278843957
19697,46.38660277232874
19698,48.49976337741731
19759,47.39406421854183
19760,41.85415821930894
19761,45.05681615766291
19762,49.17531996346087
19775,48.36066868022833
19776,50.34961142628767
19777,55.05159032351429
19778,53.8687004924671
19914,7.032979004721601
19915,7.440415885276266
19916,11.654152923957326
19917,16.030608068662247
19926,26.347875616493475
19927,32.236094201614854
19928,38.54645413526083
19929,37.78771739225785
19930,41.096027221991214
19931,44.34060310664948
19932,49.77820264453798
19933,51.55139377801497
19934,53.604686496170146
19935,55.82462051574948
19936,56.81669353675465
19937,59.10674366234572
20000,25.53390167021257
20001,31.518173589001172
20002,32.71623464202405
20003,37.78059398355456
20004,38.9406141573484
20005,41.61987784697323
20006,43.02397642776868
20007,45.80301417692652
20008,46.898120584051505
20009,49.88988168176077
20010,50.85760556073437
20011,51.4411784790113
20012,6.322355126620857
20013,7.252512001350613
20014,12.05237145657669
20015,13.846033540177217
20016,14.722138525334579
20017,18.562899082598967
20018,17.386441670693475
20019,22.73521033537965
20020,25.04048509554736
20021,26.785985148243252
20068,23.828425577015352
20069,30.870246965163478
20070,31.234628787614096
20071,36.55152987008479
20072,37.34325549987284
20073,37.049154763875265
20095,15.347039406033407
20096,19.110501551861425
20097,28.197193864053983
20098,25.908123716557565
20147,38.966714121547795
20148,48.5653931097049
20149,45.132710597434155
20150,47.06112851593965
20151,51.936596488763925
20164,23.750910961824374
20165,21.97149295063858
20166,22.8520338614748
20167,25.72479807308684
20168,27.442303612501572
20169,28.620818314791336
20170,29.867477863299786
20171,33.13192315153068
20172,32.57859301382558
20173,35.77406798875791
20174,39.92806010410889
20175,39.149541242082485
20245,5.885197488089062
20246,8.666264080796124
20247,11.128068120524112
20248,13.019265799318402
20249,13.06016899611821
20250,14.851743557346202
20251,16.11061130250102
20252,16.758551494181717
20253,18.751961704742826
20254,19.7933811055952
20255,21.09159269132821
20256,21.72949818494336
20285,20.0137678977167
20286,23.79979768629221
20287,24.916836713713863
20288,29.608382231923027
20289,29.331437993699144
20310,9.204519889659892
20311,12.28757107489078
20312,14.068057909074598
20313,14.519695270915424
20343,4.126034498308196
20344,5.17776796853536
20345,5.300528599355908
20346,7.648416671691455
20437,0.6252566716301037
20438,1.3273683222623636
20439,1.7007565524550974
20440,2.079066021116673
20441,7.758566888683751
20442,10.706296457223672
20447,-0.5675406710892951
20448,0.40817175503680714
20449,1.877562014330228
20450,6.937839951555869
20507,10.17084816962591
20508,10.773766401193898
20509,12.258769614482874
20510,12.536531750550084
20557,32.23522711277044
20558,31.316091337131365
20559,31.5884856780802
20560,43.193533927805504
20561,42.54133926063016
20562,46.697781088802515
20563,51.182513437264454
20611,45.59124650681366
20612,39.81873955290416
20613,46.093165573433765
20614,46.01504147316782
20615,47.06313822992848
20616,47.211571699355865
20738,21.200538895729355
20739,24.91406917116548
20740,27.500980046705635
20741,25.207657827710943
20762,20.853640931825414
20763,26.60872954321357
20764,26.838286178687756
20765,28.11385170319107
20766,29.983219879016556
20767,30.921230440138114
20768,32.649305612993224
20769,35.04027328467237
20770,37.18955865643431
20771,39.69079761422494
20772,43.46618084271036
20773,45.32037139272012
20790,48.09894041198118
20791,53.5377620117162
20792,58.19182727400896
20793,60.44299127078314
20888,7.728849648049262
20889,15.336841541313305
20890,18.672391206128566
20891,18.770049025811854
20892,48.52533800899049
20893,53.04110416153299
20894,57.55776320417514
20895,58.7728909426674
20900,15.20015983984835
20901,18.52229701842414
20902,21.753479247983968
20903,27.0697590529546
20904,27.12708716014875
20905,30.501746945285024
20906,37.59489949250168
20907,32.655520484639574
20908,36.9238581131575
20909,38.79436531894185
20953,11.159828901841754
20954,12.877149802521206
20955,18.197444068590773
20956,22.010664589157788
20957,25.580698733626136
20982,27.69908650500238
20983,35.42223322002714
20984,35.57157850679666
20985,38.33968800075048
20990,19.770694850368177
20991,26.165523112502747
20992,26.45736769640813
20993,29.4641904004665
20999,50.59944964982747
21000,47.30931679384523
21001,50.208279307474356
21002,57.236800037940874
21007,21.40655872928596
21008,23.598337668186986
21009,26.475560835629572
21010,29.381547454368732
21047,30.282904873026148
21048,29.650488757133523
21049,31.916746357521255
21050,35.988039776108174
21051,36.71129659558467
21052,37.85319997971233
21053,37.20743851078886
21054,5.07480953248341
21055,7.555004631607505
21056,9.989188618412374
21057,12.25056029467504
21058,15.690882791957392
21059,17.552952239515456
21060,20.450637740004286
21061,21.408337194953614
21089,43.01100735284017
21090,46.93046076254761
21091,50.62980537198559
21092,54.65276016507281
21093,55.67437889091953
21094,59.58235803949055
21095,59.56962314112417
21122,9.68815705781295
21123,18.481860933832788
21124,17.318066862799167
21125,16.824590000842704
21126,18.05745440747827
21127,24.506119553946267
21128,24.619221312631066
21129,25.19033145500808
21130,25.76104337188117
21131,26.417345626193942
21132,27.641889213368152
21133,29.722073570992222
21189,26.36455054287513
21190,28.22617134205897
21191,30.58869609827614
21192,43.23109638216317
21193,43.897017570833746
21194,45.548534169371436
21195,49.26063806234743
21196,49.513650099817355
21197,49.730651818187894
21198,50.1977941156057
21199,53.00612820219553
21200,53.32777641779714
21234,26.69381870568086
21235,29.838644142106116
21236,34.354333935272635
21237,37.29300017324368
21238,38.414559310649636
21239,40.51608973245499
21240,43.096751308414454
21241,44.59099595848457
21242,48.41340130194526
21243,51.08348398962327
21244,53.60839034973003
21245,55.0317807868343
21246,26.034572782640545
21247,24.711431677309587
21248,25.473750162183954
21249,26.036362626569904
21250,29.10576759389776
21251,29.248785274730064
21252,30.489869072090904
21253,31.419560125408918
21254,32.338995086162434
21321,39.92992390706236
21322,38.95335582778484
21323,43.50560127392465
21324,46.65070219870488
21325,51.60542976959614
21326,51.52631015139253
21327,53.78059924170935
21328,56.11171440582791
21329,54.621159729503454
21330,56.63614314757857
21331,57.45831275437116
21332,58.48204248282548
21421,28.60707982110371
21422,28.302390428174697
21423,35.74173129920243
21424,34.65799360958537
21469,21.404570939640603
21470,22.54614028207966
21471,27.969424232910367
21472,30.901926999420642
21473,32.804913093296
21474,36.22847088034145
21475,37.925986209678044
21476,44.087355114923994
21477,46.3441346500981
21478,49.964079992698316
21491,26.120028875504744
21492,29.384081229023224
21493,31.833016190542686
21494,34.97418548953832
21495,35.83934447845722
21496,39.70480360123862
21497,41.910102304078414
21498,45.16542355358191
21499,50.30256086918107
21500,51.3196550405257
21501,53.76947417297294
21502,54.80451959131017
21553,38.72574929499331
21554,39.64454672151096
21555,43.96165550145842
21556,46.07503201530105
21557,48.11184121695362
21558,52.182313880969545
21559,52.564915165696476
21560,57.16179507336496
21605,60.94303289760846
21606,63.83192256202087
21607,64.5090687741417
21608,66.55375769789066
21609,69.07844595913616
21610,71.03648384931063
21611,71.49478012420069
21686,23.39226580223013
21687,28.756325495502356
21688,29.87859162821363
21689,33.320150705872656
21690,31.45498452463801
21691,36.16043924390945
21692,40.040114103093345
21693,45.470677305770586
21694,46.38464240707031
21695,49.221726310379125
21696,53.601928636235584
21697,53.861556531038374
21698,54.377684093428435
21699,57.18553316103721
21700,59.81912315773928
21701,60.753523082011206
21735,12.53312047151456
21736,12.112346517033657
21737,19.80472980234646
21738,23.474657457292572
21739,25.270341659387643
21740,25.969933421690524
21741,27.024953907347864
21742,28.45153121106307
21743,30.271241313639557
21744,32.97001609356982
21745,36.74717708150557
21746,37.027791281188364
21840,27.274120654551066
21841,29.298427104425695
21842,32.197432897679604
21843,35.51512378851346
21844,38.931747496123165
21845,42.99960119918159
21875,9.358379034584736
21876,10.268331846111383
21877,10.795545506392818
21878,15.617377589568665
21879,15.53718063919129
21880,18.236521265225605
21891,16.373320570049437
21892,21.328060918363686
21893,24.10690832651518
21894,27.19910187027998
21934,27.32257388967999
21935,28.489430483623174
21936,32.02362732987474
21937,34.68919158326923
21938,38.438693661623894
21939,39.12339763397648
21940,41.232579470722364
21941,42.51908458994709
21942,45.304447918382756
21943,46.74459445182527
21944,48.607504993234684
21945,52.35979000827327
22029,62.391355717197854
22030,65.96814430727495
22031,67.93003434013663
22032,69.57307025961383
22033,70.86570316246491
22034,72.16487470928678
22208,38.39095189776482
22209,35.78108837338698
22210,36.12844106316908
22211,38.555782266076115
22212,40.93075083675433
22213,43.586705287277354
22214,48.592740986440425
22215,48.78362490142372
22216,48.77564510954512
22217,55.631181757613554
22218,19.365174554792564
22219,20.359011532036526
22220,23.068181860765957
22221,28.464882729444245
22222,31.796793662868122
22223,33.258014654329095
22224,35.875946264737074
22225,40.708779443296066
22226,41.598037200145356
22227,41.04374205861494
22244,30.208126544466957
22245,39.48322620237396
22246,36.552117480799076
22247,41.424674019021296
22248,36.30510196724828
22249,44.598579878581155
22250,45.07624356653778
22251,47.02383857228801
22252,51.24286231098038
22253,56.25887243185556
22254,55.356841835679475
22255,58.562109807335695
22256,59.78102014011256
22257,60.81983532741482
22258,63.49072238466555
22259,63.19657308586504
22296,-0.011061014654050396
22297,0.8358191527885
22298,1.5070100135285664
22299,3.9566646393200733
22300,4.373495797808931
22301,7.234269399996138
22302,9.28611588608316
22430,35.25672653650529
22431,46.014502181264845
22432,47.843591055840186
22433,48.99192609156342
22450,8.417670789142232
22451,10.63939910046559
22452,10.407775110675795
22453,14.106406531318193
22454,16.23250478937765
22455,25.14590224538492
22456,24.922109604911284
22457,26.819686294571248
22458,28.066380047573873
22459,30.535394789971242
22460,32.71721759710625
22484,43.94137186022039
22485,45.00762058830998
22486,47.202257166562724
22487,50.03534684940633
22488,52.274477695933406
22489,54.41135194887239
22494,19.403233219054847
22495,19.48988090848686
22496,20.772841380067295
22497,29.486973591027382
22498,32.93361446671864
22499,36.131894440329404
22500,37.08602071120345
22501,39.071588489080945
22502,41.36524538427938
22503,43.87938696278199
22504,44.64712969162078
22505,45.85313158143208
22518,11.734260854136878
22519,14.710963388523853
22520,18.061168481042248
22521,21.504964486139098
22522,26.32113793403781
22523,28.02185625489293
22524,30.915160008658294
22525,33.66768061636418
22526,35.22666457391067
22527,38.23783671242079
22528,40.2930196638426
22529,41.596638740447354
22681,8.13514525377162
22682,8.841653680686646
22683,13.019166951493244
22684,19.44698490239675
22685,24.35532530151997
22686,-0.35894839971268167
22687,1.752286646021591
22688,3.707694682234723
22689,5.289603783402151
22690,5.42177195386403
22691,11.578252483814909
22692,12.102413755075938
22693,16.608210565781977
22694,19.4928320243039
22695,21.459367226507805
22696,28.92104260715236
22723,30.145857841565746
22724,36.09941326309498
22725,41.58280537861372
22726,51.70849552778718
22727,55.22395965298682
22770,40.74054061864195
22771,45.310186984641916
22772,47.97966074161762
22773,49.1207225071054
22774,53.105241999794615
22775,57.315004291972805
22780,26.149248379730132
22781,27.736481411198042
22782,34.11958555508693
22783,35.608211728833076
22784,38.09172215710702
22785,41.93079006628168
22786,42.6241224567327
22787,46.458979652168715
22788,50.768693650000806
22789,52.4556235139546
22790,52.173127820051064
22791,52.88512763786057
22792,48.0778198199448
22793,46.84304096766642
22794,52.857265646448056
22795,50.48498454172351
22796,54.63418237158728
22797,57.777052520252404
22798,58.31994416226449
22799,59.4301775642822
22800,61.32282195216324
22801,66.24188031169692
22802,67.04371090821775
22803,69.76523788572887
22839,29.420322080798744
22840,32.434203420856036
22841,32.57521680179114
22842,35.330100622721375
22843,36.4503142076517
22844,38.94281081605274
22845,41.767733732539234
22846,44.85553563485778
22847,45.954387749391124
22848,47.194028143125735
22849,48.59855654059687
22857,20.159470143976105
22858,25.486127042633825
22859,29.29876269561716
22860,30.904799383290317
22874,18.98205948786733
22875,29.61188397541199
22876,33.25836310156885
22877,34.023984790163574
22878,41.08285678259916
22879,36.82103874827853
22888,43.45869065373939
22889,49.067212310082105
22890,56.9523007640656
22891,58.20084524382913
22892,60.24563551252958
22893,63.856657070041756
22894,66.50845304512758
22895,69.28515032495565
22896,71.42166427284951
22912,44.863839680679355
22913,56.10016542098273
22914,56.44277509582627
22915,61.53557500330746
22916,63.14654468102118
22917,65.25046434457686
22918,66.82848215479683
22919,69.0014070069845
22920,70.56025370829222
22921,71.7312844160473
22922,72.91774508899783
22923,74.49027857162689
22964,36.24958865083795
22965,41.538449437492474
22966,41.70369099358449
22967,42.94777558411552
22968,43.07447975048644
22985,35.89542445520526
22986,40.71088715001522
22987,42.68327627308027
22988,51.69629498438967
23022,17.811492382200143
23023,23.91506432814429
23024,22.745809124468238
23025,32.161237407904785
23026,35.795239511669614
23027,41.876413666922254
23028,39.316617556957254
23029,43.51013712158656
23030,44.35947218158551
23031,47.01475100858933
23032,49.970155074171274
23033,53.2949885278284
23034,53.1780384337744
23035,56.54468890606569
23036,57.646945222533994
23037,57.09139482324902
23038,59.2440723966218
23112,11.23369726385835
23113,10.30570837960096
23114,14.169817545986616
23115,18.07384623098692
23144,23.082229698295738
23145,30.197367281468026
23146,31.309391748552283
23147,32.516678831597616
23148,36.9915152540038
23149,39.88219642063915
23150,44.70772092197237
23151,49.20722501259404
23152,51.02528588220699
23153,53.515467997887946
23154,57.173330804700875
23155,62.74134415903791
23178,32.42714504033732
23179,36.455407551198356
23180,46.23740678461883
23181,48.979882793814866
23182,49.968665347619094
23183,8.879999513388782
23184,9.361091968881869
23185,10.406575294358952
23186,12.227400127734386
23187,13.009979022046462
23188,14.397691018056046
23189,12.4656486783788
23190,16.47019869682401
23191,17.38430559712454
23192,18.180051875251984
23193,18.760353352951814
23194,20.203410968979576
23195,26.84174667012488
23196,28.506745192171746
23197,31.560574843595777
23198,36.15698400236868
23199,38.96800148210429
23200,38.7289678957928
23224,19.390947904002044
23225,26.106376221393138
23226,24.813287097445688
23227,25.79358385488551
23261,34.790316094349876
23262,39.36252800513398
23263,45.755216776186955
23264,46.72186015244638
23265,50.76030065720597
23266,53.68754512930992
23267,53.878146213981324
23268,57.54952102612979
23269,58.48241558178151
23270,59.87646384987254
23271,61.684302443188024
23272,62.94591709751997
23301,2.710485196834728
23302,5.830836183240956
23303,9.878038442517552
23304,10.848845404159404
23305,15.700068392361107
23306,16.755926049626936
23307,17.566689516056513
23308,19.12357089879319
23309,20.476782641256154
23310,25.91152787119714
23311,30.367627883605582
23312,31.613135902276774
23313,35.813869769458826
23314,44.7870047596162
23315,43.53789601032207
23316,48.2474819349958
23317,47.691497228146716
23318,50.89193435613764
23319,52.8403471571277
23320,54.042910389385895
23321,55.12742829057494
23322,55.61697172671057
23323,57.54658821985242
23336,58.84565164444013
23337,59.817579808568944
23338,59.98424173775857
23339,61.56973947027487
23340,61.09541775795509
23341,63.85840913371705
23342,65.89512763306256
23343,68.49604744186642
23344,68.12628777504331
23345,71.25386188339961
23346,72.0062936111589
23347,72.7412046339899
23360,10.45225968609961
23361,14.505790627864075
23362,14.019496541882615
23363,18.221279641930956
23364,19.454764417422517
23365,20.900011141809646
23366,25.065618376583757
23367,26.87634081796047
23368,36.94991911457532
23369,39.51232789241467
23370,42.08285450127605
23381,11.70604272662349
23382,14.991605345006453
23383,26.188192508991158
23384,29.90852469353677
23385,26.841738633612298
23386,31.42313102301539
23387,30.056761626654335
23388,35.015087596084676
23389,32.80035812640464
23390,38.254740157722345
23391,39.24422150703507
23392,39.894057055901456
23442,47.169173600712895
23443,56.87712431316916
23444,59.883519066678126
23445,62.4907057723176
23506,19.237310297279247
23507,18.6697200391265
23508,21.802721303835153
23509,24.64047390711701
23510,26.46653973753133
23511,26.60968893126172
23512,28.03895796338278
23513,35.30190004825443
23514,32.16885362709342
23515,37.515019839602665
23516,40.75319545564132
23517,47.60133666750056
23552,17.099197338969965
23553,20.177561159096374
23554,24.812760376850836
23555,25.8232900266563
23556,27.189886658826282
23557,30.27351738589969
23558,30.76153390137134
23559,32.928494634933394
23560,34.07691304935817
23561,40.21443584302018
23562,41.654060900092105
23563,44.573284077770666
23564,54.82985511844751
23565,49.59472493012401
23566,53.39079334096169
23567,53.58497111757411
23568,56.677739045717104
23569,59.53605229601052
23570,62.090345740944166
23571,63.13932170741531
23572,64.87144556376211
23573,66.25547606899532
23574,68.0660536201673
23575,68.64454237680582
23604,15.945526355398403
23605,18.126089041701945
23606,19.532466457572212
23607,21.089297166239483
23608,28.834801635874094
23609,28.056936775030632
23614,30.419047067157425
23615,35.658781087354264
23616,37.71745596978628
23617,40.6601276143929
23618,45.91981533820193
23619,47.21459962399533
23620,48.83911336887905
23621,50.98700297902454
23622,55.46050536420567
23623,57.631770897475356
23624,58.590327801442534
23625,60.518387078127354
23655,48.74617261007116
23656,45.46479133674815
23657,46.86694838045364
23658,47.90203030664283
23659,49.862432888166374
23660,51.073352924269564
23661,53.08378653979332
23662,54.70283364101287
23663,54.947203776381706
23664,56.30103095790255
23665,57.49649638339729
23666,58.87114995094252
23667,24.88625931359771
23668,20.782077383095768
23669,23.552678445539048
23670,27.760025370389094
23671,29.616350874962656
23672,32.50379921088277
23673,36.17532943743403
23686,32.4178787105239
23687,31.36508663042232
23688,36.19380546806948
23689,33.83466920869879
23690,36.013453067710294
23691,38.42051094531587
23692,41.187460867774334
23693,44.94558035998594
23694,43.59914128446281
23695,47.46542306891736
23696,46.80173406284967
23697,50.664832931177045
23711,50.28437947600998
23712,56.224169534723046
23713,56.665513993673656
23714,58.19408932477611
23715,60.00520333200113
23716,63.80460474015623
23717,65.05854816293422
23718,68.3848088657547
23719,67.37277501199495
23720,69.64174165588761
23721,70.29579946529775
23722,67.97406004838315
23809,38.84829966385248
23810,48.95937190388561
23811,46.60316546288775
23812,51.08176391470931
23813,55.89965932665809
23814,47.4681387368544
23815,53.14412538179832
23816,55.09896986675987
23817,61.829815371780185
23818,60.007985887520746
23845,34.50520166272785
23846,38.61270181321508
23847,41.63095175872315
23848,44.00464532047365
23849,45.091858712211355
23850,47.11895667145777
23851,49.247286017759045
23852,50.90437553557514
23853,55.264028451183435
23854,56.566906599498466
23855,56.07667948293735
23856,58.91679971953186
23890,24.259592609372017
23891,26.551219683824577
23892,29.771456623598187
23893,37.085665573702336
23894,38.23309379245687
23895,42.871012586146996
23896,49.45629099852248
23897,50.17191994546654
23898,54.23996747118976
23899,56.71534441010191
23900,59.34352872683453
23901,61.06575694031169
23946,44.450206762567284
23947,40.83260564369136
23948,43.50939106038786
23949,45.5640498328096
23950,47.388908147767175
23951,48.42774446170838
23952,49.106497618817166
23953,51.61200336358517
23954,53.10182447812615
23955,53.64146920294616
23956,54.47888973007282
23957,54.37520672339847
23958,17.678429732698515
23959,19.717701955720276
23960,23.709994086199185
23961,26.207037650421622
23962,28.180618638375368
23963,35.051130903506916
23964,38.2528613956199
23965,39.70916376489107
23978,20.69049827058821
23979,23.656774322564218
23980,28.29516401380724
23981,29.960193803828584
23982,33.35763950816216
23983,38.1153540639812
23988,23.630885522552145
23989,31.024453738253463
23990,33.187482509491836
23991,36.64520822657522
23992,37.47124942329027
23993,39.57864314977487
23994,40.17039723856399
23995,42.935494809496895
23996,45.06560968665469
23997,44.5811311073415
23998,46.0916350604137
23999,45.68546361703872
24034,14.742586549601546
24035,23.751978575695496
24036,27.157195268021642
24037,27.941009054392275
24047,25.584831002783606
24048,26.311431671165167
24049,31.343994157229538
24050,32.06111003563358
24051,33.39271510360897
24052,36.962903104857446
24053,34.7072801597417
24054,35.74696737191305
24055,40.70655657525429
24056,41.53911659351737
24057,42.58882928254846
24058,45.25562645209609
24147,18.868837018976876
24148,25.606881584635968
24149,26.28908758832246
24150,32.18408647837958
24151,35.048741793925835
24152,38.09267831375162
24153,37.2053586851001
24154,41.218602391538774
24155,44.895793838028624
24172,25.018469731208583
24173,27.364339030056733
24174,30.073187354294365
24175,32.05213755483146
24176,32.6347762358466
24177,39.02050640770553
24178,37.92156127056943
24179,39.20847484188443
24180,43.235356736753026
24181,44.88009998381448
24182,47.033915525617566
24183,48.78574027404323
24184,21.66092259338496
24185,26.46616483491086
24186,37.52061379018605
24187,32.15770073154763
24188,37.85027580393522
24189,43.38250787500626
24190,41.87358373694786
24191,46.15879011427898
24192,50.26026936071514
24193,51.41558406467282
24194,55.203827428760356
24195,55.66878934596086
24201,8.041704952459828
24202,10.347027326586032
24203,12.607913125662176
24204,17.773820961771804
24224,30.676965672950328
24225,37.94598648227735
24226,39.92131836792612
24227,43.24715837155906
24228,46.67927735028707
24229,46.371803768457994
24230,48.07238248143591
24231,50.62043675755636
24232,51.2148578013134
24233,52.13320817371109
24248,9.439450660678144
24249,17.27162666225422
24250,13.253782652424027
24251,16.21476265319185
24252,25.753469892743116
24253,27.460354270506095
24254,35.20884660020775
24255,28.66907361655329
24256,33.567005159661335
24257,37.77399258026725
24258,40.94346176246378
24259,43.05599578629779
24260,48.64433637624431
24261,49.63264543356118
24262,51.92469659785715
24263,54.31620806589659
24264,55.68129704844451
24265,56.61088467190767
24266,60.17738203413193
24303,12.549438178846719
24304,14.545468419764248
24305,17.99751100671129
24306,19.26854283481861
24307,21.48496636697251
24308,22.32375924953606
24309,29.759610238784482
24310,30.371364400543726
24311,36.93457622339147
24312,37.185822650027895
24313,41.09336319753995
24314,42.22306274564402
24315,39.61079571396753
24316,45.007634363345886
24317,48.73542560886101
24318,53.05404539944815
24319,58.61863311518587
24320,57.87001986326766
24321,60.1703061844397
24322,16.280127528324886
24323,22.220039987840508
24324,23.496453651802987
24325,28.887629545110435
24326,30.869065273388316
24327,30.156707032320455
24328,39.796820967768696
24329,38.195895556965255
24330,31.914171404072864
24331,36.22196841036247
24332,39.06525970269965
24333,42.964345859441515
24334,45.28610573461744
24370,15.586415808714353
24371,18.470443005966814
24372,19.471442114972792
24373,22.864486840704107
24392,30.08044987557286
24393,35.785313586644456
24394,38.262082473568064
24395,40.59846959591954
24436,26.7873509089574
24437,36.987834008240206
24438,33.63475297972818
24439,43.68793419910369
24456,29.41682140506197
24457,34.84724656717089
24458,42.11584545794941
24459,43.72170671339049
24492,25.39242369998268
24493,32.47139991532308
24494,33.51849306841955
24495,38.41398128698798
24496,42.2958340303201
24657,51.39384529527137
24658,54.62017103911841
24659,56.66051678265114
24660,58.41653465999084
24750,16.7579544372809
24751,20.89466871267447
24752,20.544416841120224
24753,26.37070747556195
24754,23.34687435772786
24755,25.096013968327338
24756,27.430417652713857
24829,13.697621200053828
24830,17.75698118036718
24831,19.239842491484517
24832,24.0172522467614
24833,17.823457920976548
24834,22.845122606296876
24835,23.27349532096867
24836,26.33547788107223
24837,27.81568717322764
24838,29.602639405617992
24839,31.791253504774943
24840,31.40700588436006
24841,34.639828868300995
24939,31.98257183432606
24940,34.846266913125795
24941,36.86275382357464
24942,42.71645730022045
24943,42.799649637973936
24944,42.81841015685566
24945,45.24900063571364
24946,45.94306695307449
24947,46.75059445986572
24948,49.403859062769286
24949,52.904120647842205
24950,52.45912174561095
24989,26.75777853560276
24990,31.607525768566973
24991,32.700975206010746
24992,36.706384216104624
24993,38.101845979092055
24994,39.911465999058855
24995,42.11819923374204
24996,47.06943273277045
24997,49.07504923042019
24998,51.85177732031147
24999,53.998306873603156
25000,54.28986471483584
25076,57.95804665945557
25077,59.08236254803482
25078,60.1974884555926
25079,61.48678232481263
25080,62.95930687556091
25081,64.39550222144622
25082,66.18673200451305
25083,67.63328195923998
25084,67.66938141142232
25085,68.04231662725024
25086,69.45076514599012
25087,70.10209294604111
25144,45.897053967022494
25145,45.97801640252076
25146,52.407647270233426
25147,53.186703672893636
25148,57.736293282107546
25149,57.98080601672187
25150,59.932053445014326
25151,61.96463664252235
25152,64.76766253366296
25153,64.78343287720448
25154,66.77061592644799
25155,67.66106452494405
25182,32.20603333489963
25183,35.111201156361886
25184,36.603199471120014
25185,36.85541138808211
25186,37.434198752130484
25187,38.6473600735059
25200,33.39492927623441
25201,42.17948096018125
25202,47.45917034771005
25203,51.3025162043177
25204,52.44268776180969
25205,55.648969735999515
25206,15.39417903830978
25207,15.306331350061106
25208,18.52309612893195
25209,18.81060947363768
25210,19.58139238647911
25211,27.448767475699377
25212,28.147519893232257
25213,28.118487532193516
25214,33.59569402629894
25215,33.017841042453405
25216,37.787400294065876
25217,42.22875757127009
25218,12.793131569989818
25219,15.952065839569517
25220,15.998784043295746
25221,17.66519901278402
25222,21.24201995483377
25223,19.652528033135283
25224,25.678225372277065
25225,27.627443125526497
25226,28.356779667118392
25279,0.5091245017566801
25280,1.4921928991182483
25281,2.804314552399753
25282,6.210933220945609
25283,9.717890967603577
25284,9.882431369607282
25285,16.064906288374317
25286,17.582305016698232
25403,26.148127615267143
25404,25.518910314555345
25405,27.67440395535314
25406,31.052250358915817
25407,33.08310089092464
25565,24.15079390317447
25566,31.520803832870754
25567,31.41930076398535
25568,34.71777251126806
25569,36.578742027336986
25570,38.72235809112892
25571,38.50837466736462
25707,15.339688870481378
25708,19.117083754057028
25709,21.101708904110136
25710,22.020416441377446
25827,13.373202985054577
25828,14.588288927939688
25829,17.552476773241132
25830,17.64055624791815
25831,20.39552332239248
25832,21.86819670907854
25892,28.416280485038392
25893,31.277016619196267
25894,34.58591770271187
25895,37.92839317772378
25896,22.807084133871008
25897,24.36607292807968
25898,27.577444494758076
25899,28.725705256663318
25900,31.678210254987924
25901,34.66053296482173
25902,36.72684231328952
25903,39.077795103968135
25904,42.559289310316714
25905,45.5552006203778
25906,47.73995314390532
25907,48.79952421882218
25949,38.51841210386712
25950,36.009981113380746
25951,40.21550726591844
25952,41.898367044573
25974,13.842266092808488
25975,16.651098303098436
25976,19.08973380229657
25977,22.352254056223465
26011,28.20365864429587
26012,33.88128693401537
26013,38.85903059936442
26014,48.924874282708906
26113,1.7511514989422308
26114,3.124542495992564
26115,5.130458013634016
26116,7.191909906014617
26117,11.67564869247658
26118,15.19763392645643
26119,14.26257996109091
26120,16.811196446450268
26121,19.846516944224362
26122,19.66963152562878
26123,24.5276841202411
26124,26.046858438448446
26140,40.12116143841517
26141,44.25626512698078
26142,45.70165271145767
26143,52.82806107985241
26144,52.45993832545989
26145,53.980390086377746
26146,55.766474623649486
26147,59.59966725461869
26148,59.440608570853655
26149,60.81337552481588
26150,61.088563551600124
26241,44.88986800040372
26242,51.099412642882385
26243,51.056888852852715
26244,55.29722212253156
26245,57.19862801106291
26246,59.462630499374036
26247,59.19076217766832
26248,61.36584505062234
26249,62.14682848838195
26250,64.5928121205499
26251,65.41078336629285
26252,65.09023741101464
26289,16.644746751365112
26290,21.369657946178243
26291,23.159650710516413
26292,27.19270269795112
26293,28.83599684307931
26294,30.861349904426707
26295,30.76941370200824
26296,36.0918354157512
26297,36.775637909919794
26298,36.165553602612526
26299,37.80953450177985
26300,37.66666158838908
26315,33.92586211208947
26316,36.51515980158043
26317,40.914333220036625
26318,42.50536970155957
26319,44.658653819708654
26320,46.28625939387767
26321,50.3658857673854
26322,49.01554946886517
26323,51.315072138093804
26324,54.52647418731841
26325,55.77426304458461
26326,58.80049333472953
26455,30.63007742717385
26456,34.37062194153768
26457,38.44289624923971
26458,43.981491933515564
26459,24.076582145828514
26460,24.26232407407369
26461,26.96548962324836
26462,28.417843576858044
26463,32.58946809337549
26508,19.377617915511568
26509,23.116846481346446
26510,23.192388105040997
26511,25.2021237956864
26512,25.925176891355225
26513,28.72788496380379
26514,30.114570345922644
26515,33.25350220198694
26516,36.21733462756813
26517,34.35309256742901
26518,37.483045494359075
26519,38.620233841507634
26520,23.697642120695193
26521,29.893074650098477
26522,30.96497578234129
26523,31.448408472182916
26524,32.77674212817812
26525,36.843835567695976
26526,39.5207460283542
26527,41.33064271751204
26528,43.214078523011345
26529,46.36242792825085
26530,49.38188432835014
26531,51.56034951004019
26564,15.368305695192682
26565,20.00244773964881
26566,23.90757735315033
26567,24.004346065710173
26568,25.627299830498735
26569,28.537970606237103
26570,29.107702756318048
26571,32.355416750033946
26572,35.06761864651209
26573,38.56270212500739
26574,40.38268748155233
26575,42.49847577798973
26576,14.278110257747947
26577,38.74355043046111
26578,37.58562269079249
26579,41.75600638067535
26580,39.32865626744595
26581,44.51889224753973
26582,52.00042323027795
26583,51.07655394109376
26584,15.4943524768327
26585,16.812171428269703
26586,19.256515189784306
26587,21.058374920803033
26629,16.010789540947144
26630,15.497885573237289
26631,16.873274188387096
26632,18.418754185659086
26633,20.52441069965824
26634,26.044796095686674
26635,26.95310362995191
26636,31.741084656695488
26641,34.26249090906332
26642,43.64766361233752
26643,42.905417560258726
26644,46.32903975823052
26645,51.12062413292823
26704,20.480172013026625
26705,20.988502073179987
26706,24.078323567281412
26707,38.69599156478708
26708,40.47767536983249
26739,58.90202512535861
26740,61.50201405366052
26741,61.41174747340523
26742,65.35401133622939
26779,19.579400855282916
26780,23.584613982958572
26781,27.504627232162495
26782,32.27674492616481
26783,34.42797307304852
26784,39.65571007032769
26785,42.13580015986158
26786,44.2981896933131
26787,45.543307411152426
26788,45.409184901447716
26789,49.68164685015233
26790,51.91562456411923
26819,46.63626397851752
26820,56.54216500439418
26821,60.39360780871143
26822,61.8013695257915
26839,37.78385079638903
26840,38.847794971394066
26841,38.86618120513997
26842,39.45880894675141
26851,24.166938596286567
26852,26.92988788041512
26853,29.567220160717504
26854,35.24246719358591
26855,34.90527410213688
26856,38.17701892988274
26857,38.48023056972415
26858,42.54552620614117
26859,45.03460965757626
26860,46.566845423253504
26861,50.68050126284707
26862,53.74358260074965
26863,26.63597782654459
26864,27.369760717698032
26865,30.96002268127273
26866,30.92936253386853
26909,3.5828431057125654
26910,8.727887972180591
26911,11.116785976023923
26912,10.443173156752241
26913,13.095928972656443
26914,16.983823206344226
26915,16.15173950681636
26916,25.33523466176811
26917,27.87623061610323
26918,30.169340236459703
26919,36.39534979472506
26920,40.94798976028515
27006,32.70948511080174
27007,33.399523904238876
27008,39.947032320687875
27009,42.23258680712577
27028,15.614583539056078
27029,22.65024733307257
27030,29.21953977605963
27031,30.236885906786487
27047,29.395734905385396
27048,32.7839751301052
27049,35.9624134002501
27050,40.73106258489252
27051,42.91038944316634
27052,45.39197561546622
27053,48.908082963191085
27054,50.36279209825635
27125,54.80233862343414
27126,60.96999865427633
27127,59.46376546886892
27128,62.11416163093324
27129,14.043101526661928
27130,16.424977738601584
27131,24.77869515220304
27132,24.92942647623544
27133,27.219138325722877
27134,28.872991103001574
27135,31.47077603937909
27136,34.608300438032515
27137,35.831690261501016
27138,41.587410890302735
27139,43.71449709614897
27140,45.58908733522639
27177,34.31988367620136
27178,36.28480138680495
27179,40.185870376387854
27180,40.84891015990622
27181,41.367186866179786
27182,42.90862772860807
27183,46.280679291628566
27184,47.08339599664162
27185,49.68521203380475
27186,51.99073426617562
27187,53.325426400913514
27188,55.501242990190754
27189,25.217931154929413
27190,30.62945088236186
27191,31.83259925076143
27192,32.74456200720775
27193,34.80364919904039
27253,18.525286882764497
27254,16.374351307222568
27255,19.532692563291114
27256,24.3466660981096
27257,24.960097417032944
27258,25.926673176487512
27259,28.194131306561058
27260,28.88135006615114
27261,23.036868073616937
27262,31.094433439330405
27263,36.92906183469232
27264,36.23847803983896
27285,40.23056679046538
27286,43.01981117649455
27287,43.83610741663394
27288,46.64043760339801
27289,48.06935363951517
27290,53.069838907911745
27291,55.06860632457851
27292,54.9823268481473
27293,56.53603006680706
27294,56.64288049397976
27295,56.73803922389144
27296,59.464324747041424
27349,23.91929957002268
27350,23.617774372361986
27351,26.962907710358436
27352,29.18444176444108
27353,36.77576228876227
27378,34.52368982900927
27379,38.33534336173754
27380,43.837028625147234
27381,48.33828451503154
27382,49.29504922442746
27383,51.85694161325961
27384,54.1956372917449
27385,56.827978733620284
27386,58.00986046068224
27387,62.22226234162941
27388,62.64675717982939
27393,38.526347090847906
27394,44.28513624543907
27395,41.5144238104674
27396,45.259007324701194
27397,44.51283787767341
27398,47.0986680052711
27399,47.16782557548613
27400,48.53714195557094
27401,50.3100516414767
27402,51.32837230844925
27403,52.49688742312354
27404,53.14352937973295
27425,26.908367138152602
27426,30.693473305288478
27427,34.449541892457276
27428,36.029133654134405
27429,37.7444435084008
27430,42.15393804768249
27431,43.405673382800416
27432,43.91236818356171
27433,22.50757534595372
27434,30.24511780300132
27435,30.47986881363287
27436,32.67530651036712
27437,36.16507195782817
27438,38.49101180673307
27439,38.645965386722665
27440,41.08892605636416
27441,43.837833695361105
27442,38.36863679885735
27443,48.22606236460774
27444,46.05946454979294
27445,49.957461961428784
27446,51.33118090841293
27447,51.866776953604976
27448,53.96697623851749
27449,56.582557709028414
27450,58.15268495222836
27451,59.1931471510443
27452,60.921647092430355
27453,63.32236218982376
27454,6.017324243070932
27455,10.503493137146517
27456,9.40414335738565
27457,11.623174768524176
27458,12.777200554920624
27459,13.686173454653487
27470,26.050774103321693
27471,28.090518568351257
27472,29.250982727159567
27473,32.45788942034649
27474,35.60036400832021
27475,34.58043439504297
27482,45.16823680844167
27483,56.41682687861509
27484,59.401091144980455
27485,60.89758261443532
27486,61.70835352739437
27487,64.4374756632531
27488,64.75621633142552
27489,66.17905625138108
27490,66.77150708115683
27491,66.63951600841902
27492,67.7247316057639
27493,69.35310434730835
27500,44.835264732193416
27501,50.57377841410354
27502,53.806323460570184
27503,58.234159098515086
27504,63.35437733158462
27578,29.128082391586208
27579,33.28799834314346
27580,41.95176650350169
27581,42.90790105706519
27582,44.75243840408125
27583,46.65012743215846
27584,48.17074695428133
27589,56.14381406202917
27590,57.10535106495206
27591,61.396434121834425
27592,61.82292263086751
27593,64.25592857079127
27594,62.926725891815735
27595,66.73407932271472
27596,67.22606608262565
27597,67.38327233394891
27598,69.25672445769864
27599,69.61027522635695
27600,71.8790266065976
27719,21.532879529436627
27720,23.932504084513592
27721,28.734075762014264
27722,29.821962159718012
27723,30.350408254228025
27724,34.84926574948344
27725,35.820734450611845
27726,38.33095376701296
27727,40.680831254102316
27728,41.88232438766025
27729,43.966821213567584
27730,47.15814273143077
27795,42.617533512337374
27796,46.21616994604909
27797,52.026542696639545
27798,56.53755704337735
27799,55.81931380952913
27800,57.55451322280749
27801,60.30376625972215
27802,61.63437834062936
27803,62.93215395571819
27804,65.0382479223193
27805,65.90987441420181
27806,67.33732742891861
27807,23.575439071664082
27808,27.222292629482745
27809,31.594123078412274
27810,34.16996874257301
27811,36.46197789569403
27812,40.812453244287155
27813,42.85751415703222
27814,44.0840284050091
27815,49.67549119872329
27816,50.54837573022147
27817,52.73403728223804
27818,53.73147913800055
27848,12.897239053416396
27849,16.973561388655643
27850,18.886665337633442
27851,27.360639789474767
27852,35.67010056069569
27863,44.56472180645001
27864,48.86876285181291
27865,54.70430641200825
27866,56.52190577309552
27867,58.07876062108883
27868,59.4821549724147
27869,62.58485814581642
27870,64.01224058282791
27871,66.64520668214927
27872,67.45820332792775
27873,69.16631554229322
27874,69.95049499788469
27898,20.80660698328702
27899,29.774589811169847
27900,29.60092346331614
27901,34.58443869417991
27902,31.48169935157916
27903,34.86737387061938
27904,37.599274412110816
27905,41.50102301991014
27906,42.40003366531457
27907,45.56633729223565
27908,47.20543465753085
27909,48.204523713318586
27933,6.810363378725061
27934,10.639274523805557
27935,14.632466930014827
27936,16.5746167665492
27937,17.78056792110554
27938,21.559785681525298
27939,22.39019865714141
27940,27.902378286489032
27941,31.156618145196656
27942,33.23354714359585
27943,35.565118969561595
27944,37.871329513841445
27945,43.30692654216751
27946,53.78476348623275
27947,54.24740074006172
27948,60.089256227566466
27949,43.28189753539687
27950,47.56873275890153
27951,50.44198236879885
27952,53.35865622266593
27977,67.71700877997168
27978,65.40489877074185
27979,68.49548156548126
27980,71.47762604471221
27981,70.58645209438215
27982,72.43213600536981
27983,73.5265335091046
27984,76.36278954505225
27985,76.38314592508904
28002,42.55400531934297
28003,37.01282857731505
28004,40.397872715597764
28005,45.50097255902392
28006,46.96592898932279
28007,53.618368924788825
28008,52.29851098170398
28009,54.609516104438
28010,56.160931178900896
28011,59.614536793322294
28012,60.82759605874343
28013,64.11752085597614
28037,41.95271411577446
28038,41.90501883835929
28039,48.21220384696125
28040,52.64487268804797
28041,57.30073418659805
28076,31.805565801442565
28077,35.82752914780648
28078,48.80384220214458
28079,50.78374678906768
28080,52.187356809767635
28081,54.313313191521196
28082,54.50075336310086
28083,58.97335502667418
28084,57.4524680471502
28085,58.34196206748613
28086,61.18489749646062
28087,62.78725474638049
28124,36.419442519091135
28125,36.31012882396454
28126,38.106287361119584
28127,40.70637948512517
28128,44.273591480353694
28129,47.19087040323284
28130,48.42460164130639
28131,53.72431831462893
28132,54.59872287088242
28133,55.45314480352986
28134,59.45499247181322
28135,60.75393118933551
28169,28.131031209091795
28170,32.323739100991986
28171,34.46391885081148
28172,38.27629287165416
28173,40.64333955647704
28174,20.088781336149644
28175,25.90499948924034
28176,35.46595294977635
28177,34.44218827918426
28178,39.378021051156544
28179,42.46077370374185
28180,43.7147352155918
28329,20.139588748129626
28330,26.804402673889324
28331,27.02236297333633
28332,31.58085238313699
28371,51.63051939952331
28372,59.137249488688624
28373,61.74352680241989
28374,63.82839766920454
28375,64.79739177009621
28376,65.95464369631624
28377,66.80100007930281
28378,72.67917054493407
28379,69.48355268236622
28380,70.5447492757476
28381,71.17446752941434
28382,72.77792247012108
28399,50.711251334216335
28400,49.78417357554489
28401,53.97456281289203
28402,57.60360885810544
28403,60.3858801282893
28404,61.70516857823681
28405,65.7631971667268
28488,48.399682996319996
28489,54.462778522581154
28490,58.95254805436066
28491,61.0104049201687
28594,23.903897720332125
28595,30.410207044553665
28596,29.67326090284497
28597,30.408069524286272
28598,33.98002474900568
28599,37.061789416760014
28600,40.20710235792922
28601,40.092587718056315
28602,43.88970704218808
28603,48.76971241196112
28604,51.664945145016006
28605,52.24804191847642
28618,23.451770598720316
28619,25.001757689856724
28620,27.515962650709312
28621,28.65983824776346
28622,29.10349159191426
28623,0.9553951348765382
28624,2.8041376634704145
28625,4.576292346174087
28626,7.548481264261274
28627,11.373377730085675
28628,13.363805536384453
28629,15.716291186533228
28630,17.76603177771124
28631,19.049849399188783
28632,20.193450153162914
28633,27.595965875949105
28682,12.745621118435023
28683,11.32087167925676
28684,15.646148980859849
28685,16.43746326016457
28686,17.40264946133336
28687,21.416834363066435
28688,26.03453940540722
28689,30.77493219267565
28690,33.964511300888915
28691,35.230058168185145
28692,43.0626464674349
28693,44.46267142035669
28711,5.120553012771028
28712,9.11394603764046
28713,8.977917838984055
28714,13.19410075476027
28737,17.798276410097483
28738,22.848895430400756
28739,24.419893491918696
28740,24.29635055895647
28741,1.455101233678343
28742,3.6660311249847206
28743,5.895141199905651
28744,9.240298955347706
28745,42.70298300047428
28746,46.81576105147048
28747,49.7796414639619
28748,52.6223373642371
28749,57.248348409332024
28750,56.93002598925885
28751,59.86569706192948
28752,61.209466473413606
28753,62.10024920996867
28754,62.77829438426874
28755,62.5033700040508
28756,65.71001082323164
28761,26.162746355546986
28762,32.15684812868878
28763,32.71698691198196
28764,33.669179182607614
28765,35.76510347068982
28766,39.339895813251964
28767,43.89910731237056
28768,44.324341308485174
28769,48.037254272148964
28770,48.33897325488421
28771,52.303889951305905
28772,54.37028504852244
28825,20.86522343243441
28826,22.457533094814877
28827,22.855573493340607
28828,30.032201926255656
28829,35.89889200886872
28834,28.03380644765969
28835,32.0397078813874
28836,34.56075157027817
28837,39.95729441927174
28838,45.050701262233794
28839,46.66336376800022
28840,50.66307011998666
28841,52.749738292366814
28842,55.73685857966854
28843,60.21188561595638
28844,28.224821452892353
28845,32.08353660654971
28846,34.03641847880386
28847,36.523465705206284
28848,41.87899464098497
28849,41.56944482251607
28850,44.59351772995151
28851,46.67957310067196
28852,49.384295814149965
28853,52.59898326341133
28854,54.810697721445074
28855,57.346110826593
28901,23.659941776631207
28902,20.360628963033985
28903,22.71087816903482
28904,23.358991886025866
28905,29.360537788161317
28906,31.581829827274714
28907,33.41464763806582
28908,37.13098131121655
28909,35.313009191950385
28910,42.690580665450284
28911,44.59026004313962
28912,46.04791494836724
28913,22.569271991829602
28914,24.04860828864002
28915,26.534557630362553
28916,26.973091019711774
28917,28.592745033701494
28918,31.057027905958925
28919,31.189934208207006
28961,32.35174177800967
28962,34.68497136447131
28963,38.156666820420305
28964,41.002835299652055
28965,42.691322093700215
28966,46.644136818372594
28967,45.66370793987666
29047,22.36301108675165
29048,27.44597325918726
29049,26.466408779043277
29050,26.42825198666696
29051,28.47797138254447
29052,32.678827878042085
29053,34.75233201377704
29054,39.39332057041982
29055,40.76135912472092
29068,15.462910759893603
29069,18.804316248208117
29070,21.21417982264994
29071,22.963942243129004
29072,27.058106486765478
29073,30.678200672050455
29074,31.35815046809854
29075,32.023106655612985
29076,33.961386553442914
29077,34.85988036027451
29078,35.621284833264156
29079,36.798291901815524
29221,10.084886482718424
29222,13.949129278718162
29223,14.520987816162036
29224,15.608722502842864
29225,17.093191630462805
29226,18.37816558417034
29227,23.84844418055723
29228,26.501259320269693
29229,29.278721635881432
29230,32.25172774486163
29231,35.0328142455869
29232,42.49627092160044
29341,10.490862133124564
29342,12.7120014197646
29343,17.37725633556334
29344,16.4607302645722
29345,21.077551165778242
29346,19.64531861801485
29347,21.182751968944363
29348,27.298260695742435
29349,28.605517876864088
29350,29.87413930699701
29351,32.19160918848235
29352,30.734927306078127
29384,53.11683169862868
29385,51.53071104807767
29386,54.74570051542512
29387,59.99935893427417
29388,60.231560405166924
29389,61.32175734478946
29390,63.00781462895442
29391,64.39993724608613
29392,65.00264765729868
29393,66.3743554669335
29394,65.26279509579933
29395,68.37520333514996
29417,55.343417693540246
29418,60.73990099272897
29419,60.65114228087457
29420,65.2881649418159
29463,33.02429599240408
29464,36.6369497758618
29465,38.43014518094088
29466,41.752759264115916
29467,45.00738299546004
29468,50.860794599348026
29469,50.05208033010548
29470,51.72596329241322
29471,53.366625062500255
29472,55.50105669536542
29473,55.93854897306905
29474,57.94693843964762
29475,26.027426700688356
29476,28.157856784851187
29477,29.87872295542034
29478,31.985749117555454
29479,33.999409720813816
29480,35.20522862411563
29518,60.31426924261523
29519,61.26179663223026
29520,63.48685143222758
29521,64.37134582496445
29522,67.73702189452666
29523,67.07393025702608
29524,70.14712551110775
29525,71.53853785325887
29526,72.51882371411706
29527,72.5233939571218
29528,74.79027442407833
29529,75.49398016542254
29557,32.35602954285449
29558,37.5547059336392
29559,41.607736608092786
29560,45.892356323771246
29561,47.589574069951254
29574,23.5324015799268
29575,37.38517566647441
29576,38.199857746635956
29577,43.168656614708915
29619,45.74751739391991
29620,44.257599517365215
29621,48.50660241950817
29622,51.63283555241122
29623,45.823179516696364
29624,42.902581229988456
29625,45.52787348939389
29626,47.62642826435483
29627,51.48858239168336
29628,55.23051057755955
29629,55.95236580738169
29630,56.1118819231007
29635,18.81477451184857
29636,24.10289752060012
29637,22.86522571698661
29638,27.94041887798757
29639,30.82901459257511
29640,32.76294312954916
29641,33.11920605579627
29642,36.2793918146031
29643,38.63932995273449
29644,41.91843043284347
29645,45.58009931643424
29646,50.565422540050065
29687,54.228387349557444
29688,52.50298786666398
29689,55.572662250438135
29690,56.41142290352859
29691,63.317306956838436
29704,24.017519140361713
29705,26.585878768331586
29706,31.27323473778158
29707,31.662799476121492
29708,35.070454340345904
29709,36.21075909346262
29710,37.09942785373653
29711,41.36814138008707
29724,9.961699768202408
29725,12.951824506776545
29726,14.078100968270338
29727,16.834824721326047
29728,18.907629741749457
29729,23.797584168656034
29730,29.2110705149639
29731,30.901228938641253
29732,32.78438800269917
29733,36.161144010582106
29734,40.924960681191585
29735,42.831169613387615
29736,18.476767269910493
29737,21.439829913812986
29738,25.59479373886506
29739,22.97805046301763
29740,27.61797055612205
29741,30.702890937357164
29742,33.044688962116375
29743,34.050623204364406
29744,37.58302872150349
29745,40.42732733085862
29746,43.26649801766061
29747,44.941656069440064
29796,35.11411316158134
29797,41.13119772851486
29798,45.85949129322883
29799,49.14258531138061
29800,51.72120243734729
29801,54.811711806690546
29802,57.36948302870564
29803,59.27360596584184
29804,60.16271517810833
29805,60.70492082658681
29806,62.47916408452814
29807,62.35270872344405
29817,0.9320033590419474
29818,1.6035747096173136
29819,2.5848175022312545
29820,5.504829208149817
29826,39.36936885799148
29827,40.44996236282588
29828,44.267603841692434
29829,52.72064889657226
29868,-0.019673609815888206
29869,0.6516409282405077
29870,1.0124909984515893
29871,3.3086661976906084
29913,20.099985789385464
29914,17.92968031267698
29915,21.574440384629884
29916,22.11061919306949
29917,31.727822785277986
29918,31.05665648006756
29919,36.70147109739285
29920,35.806225616150975
29921,36.83759305035852
29922,39.2846092155814
29923,43.13826663603524
29924,44.822447136697505
29998,26.52476016681744
29999,28.369773117023232
30000,31.4276251598595
30001,34.41824288283089
30028,7.924076107607441
30029,11.217661503378382
30030,15.435813613546433
30031,17.64073650636125
30056,4.373006379382116
30057,6.222747747812324
30058,5.593376257555444
30059,9.529819144174555
30060,10.99367712573361
30061,10.980150068592772
30062,13.614781796292435
30063,19.379221443786836
30064,16.760853436609136
30065,26.37120135153523
30066,29.807407977833755
30145,25.72462189934994
30146,28.32494601896296
30147,31.822238212873913
30148,34.718158347017095
30149,37.90486303751725
30150,41.43628548147639
30151,44.94252764262868
30152,46.56129550942143
30153,50.26060377396067
30154,49.140835091410025
30240,24.97749574507324
30241,32.07420232371555
30242,30.118844647393562
30243,31.57440231260379
30244,35.31412966648161
30245,38.98269976147394
30246,38.97584560350631
30247,42.09546466542736
30248,44.402959884244076
30249,48.50510622714796
30250,51.43089659976719
30251,53.37722336621414
30252,19.1713034750138
30253,25.427270379639722
30254,28.305869262143638
30255,32.33238865999847
30256,35.8807082080182
30292,10.698281183718155
30293,12.794060349292034
30294,18.31518587371382
30295,20.290256681460423
30415,20.226428157407028
30416,24.378322718511683
30417,28.31631037601798
30418,30.21691937737477
30435,13.379903553397323
30436,16.444150095039546
30437,18.19231495816021
30438,19.30522968279606
30439,22.060271511511004
30440,25.926631009187407
30441,27.12030372344489
30442,28.76324120741377
30443,31.43932567045104
30444,33.47630440874455
30445,39.13902315471989
30446,37.747651408468364
30452,62.06966593099713
30453,63.85501472227662
30454,66.5978191020817
30455,70.07815049066635
30456,70.36072333787628
30457,71.22671551958763
30458,72.17715903366297
30476,-0.9348662135296143
30477,-0.09438627927632812
30478,2.2303307549940694
30479,3.5020091526807766
30480,8.501028789409876
30481,8.536743660590844
30482,9.430600968071788
30483,13.630474360383147
30484,14.913857751235428
30485,15.32776462728521
30486,14.820354546074515
30487,22.234385047658918
30500,33.27109405444752
30501,40.27840623998566
30502,43.69438582983773
30503,44.28895000962127
30504,46.762335350234366
30505,49.751366130456574
30506,50.85448554634293
30507,52.45137252059858
30508,54.02895575571121
30509,56.71388507646721
30510,58.5234095722687
30511,59.19488912682094
30517,22.988478266154797
30518,26.196403858447326
30519,32.322444044862415
30520,42.51403007042638
30590,29.6075899936656
30591,39.29853767301929
30592,43.62204663126417
30593,45.55546060470277
30594,28.696044486413573
30595,29.481102143439497
30596,36.31605694380378
30597,39.54142850555289
30608,36.851421667496474
30609,39.09942647787577
30610,42.20530877762985
30611,46.06401935834681
30612,49.332975349500956
30613,51.71988531663009
30614,54.93754807070314
30615,58.20394799362801
30616,58.8453404890342
30617,61.48528488871842
30618,63.23553872457328
30619,65.03708701919527
30655,23.443613216812093
30656,29.444732001362294
30657,30.26932821743507
30658,46.41594452125079
30769,4.773246242962581
30770,8.418909925303634
30771,9.732483145969038
30772,11.164235174862721
30773,16.470746188761478
30774,18.921930714884006
30775,26.170469657650273
30776,26.80895786482057
30777,28.772931178026365
30778,31.394261257905992
30779,29.718688463393107
30858,0.1378415591076535
30859,2.33456473010418
30860,3.3548007673038223
30861,3.9699801279778018
30862,6.684975010792022
30863,8.944089313994231
30864,12.086216764145714
30865,12.00519936220735
30866,16.164565452710573
30867,19.20795335469328
30868,24.27816311359426
30881,33.60787888681476
30882,38.357797242640075
30883,41.59677779641376
30884,44.48996570624248
30885,48.14905610308262
30886,50.72819678853222
30887,55.00681547512743
30888,59.106034407906954
30889,60.7063330682474
30890,63.03850451877228
30891,64.46415868827506
30892,67.17002393789951
30893,31.789165698243803
30894,34.60120018732033
30895,38.69425102569036
30896,42.07446917605318
30897,45.38521818151321
30898,48.39831964040202
30899,52.351724545062766
30900,53.35875606339704
30901,55.89416061492462
30902,56.459472662025846
30903,59.2521162086516
30904,58.7123233236361
30993,30.62465338534438
30994,29.998487890186247
30995,31.950488569438882
30996,35.94752969464615
30997,39.43747577090382
30998,38.51908129659906
30999,39.69711083263904
31000,43.301427921719316
31001,42.22642426459255
31002,48.3551548762354
31003,50.85430332629721
31004,53.185948763744456
31005,24.01695150865798
31006,35.333001456118616
31007,32.31123716978453
31008,37.902232266723715
31009,6.1052951960306
31010,5.742273925709513
31011,8.989048728359128
31012,13.282275219208687
31013,17.032005355448362
31014,19.83076869427161
31015,23.05270961671006
31016,23.506775905341982
31042,33.81029110235617
31043,39.07305212899797
31044,42.62488939126947
31045,45.45279298841807
31046,47.660329663900235
31047,47.60771709135552
31048,52.26006948005262
31049,53.89934257672717
31050,54.74143345938904
31051,55.61969242687197
31068,17.36917740785621
31069,22.76960458802582
31070,33.21834143859307
31071,31.039967385338183
31072,36.26976054105666
31073,39.02357063658711
31098,12.035471058557015
31099,14.224923584847144
31100,17.664817154464426
31101,17.003804291228786
31102,20.286563810519088
31103,25.36804667521446
31104,27.475939836781656
31113,36.20157407904018
31114,43.3455056986165
31115,46.78631152128425
31116,48.3689599195423
31117,15.237645478354692
31118,14.740068696658135
31119,19.777444681590634
31120,26.79483077837742
31181,6.949768021679534
31182,10.110282794233623
31183,13.252828409322646
31184,15.452728065324866
31185,16.764198724732893
31186,20.075808715067076
31215,26.15658087394722
31216,33.52193135352922
31217,38.159681819521296
31218,39.7922495337346
31219,44.20973566463124
31220,43.81180767925306
31419,26.31764389645886
31420,28.47582636188108
31421,31.029258967025967
31422,38.45984911417782
31443,36.73410447701115
31444,41.12874874148023
31445,42.60364909579215
31446,45.67932845132869
31447,47.83640810425175
31448,50.047736411309
31449,54.496737715511586
31450,54.92999592083185
31451,57.78906270076132
31452,58.94328158678959
31453,60.91076476450087
31454,64.04683176405054
31483,53.11522915417899
31484,51.77997529636632
31485,55.28835481297288
31486,58.776075112899946
31487,59.52579950782755
31488,21.896886082640556
31489,25.80920993113738
31490,30.23052250084484
31491,34.17763831113329
31492,38.69124897778515
31493,40.03869068120255
31494,42.74288114373075
31495,43.78996239601675
31496,46.63254672407845
31497,48.94550198493508
31498,49.57417207559781
31499,51.06129762997737
31536,40.10068464524878
31537,46.59541862474278
31538,49.88637258954673
31539,52.19533344989784
31540,54.47813766244887
31541,57.49222298380257
31542,57.92613324515008
31543,61.01107839361925
31544,61.48884039850544
31545,64.6422777843746
31546,66.79900769214875
31547,67.63686911334467
31548,23.779272992514628
31549,27.362132944880333
31550,40.59163554915668
31551,40.68314193471576
31552,43.977480067565075
31565,29.11325276827488
31566,29.56470895178955
31567,35.59065230200666
31568,36.90875804761369
31569,41.610029292556916
31570,49.70084485424733
31599,20.768124788340717
31600,24.395920034857276
31601,27.444063783355748
31602,29.338775480519818
31603,32.72980569990905
31604,34.45871151550884
31605,37.53427640266834
31606,39.11608600908725
31607,40.60048548340175
31608,40.80631157234934
31609,41.8536382697302
31610,40.870718619301584
31627,32.212910062140416
31628,35.81061102468009
31629,39.26400470248854
31630,44.49702769198688
31631,49.02874799569807
31632,52.231339798751826
31633,55.68855673069959
31716,15.40848757767331
31717,26.78519282138912
31718,25.897658059352192
31719,30.69666500520485
31720,30.07535054905211
31733,2.855885866293403
31734,6.367550195009832
31735,12.443842175444082
31736,20.213326021645177
31786,8.657778631794333
31787,11.26373046376217
31788,13.373300140682844
31789,17.676979410139975
31832,60.28394238622241
31833,63.41478675764104
31834,64.84249058689728
31835,68.55576429778637
31836,67.84412051700343
31837,70.7593623371434
31838,72.5842161349064
31839,73.71019055597121
31840,74.14958948583741
31841,73.68319021654902
31888,30.922062487410457
31889,38.30606116753507
31890,41.06470292943871
31891,45.70418933341572
31892,46.70912297255019
31893,50.17354976058303
31894,50.00388991791342
31895,55.166213162015886
31993,35.483942837843664
31994,40.09973889057653
31995,44.81376138120117
31996,49.967932901111524
32014,15.87294710650936
32015,15.13076596977898
32016,18.829372789308618
32017,24.128680811510282
32018,25.579167986309862
32019,27.79580903757711
32020,28.145029214041244
32021,31.792479497747753
32022,32.080060850123296
32057,26.36653651319584
32058,26.715724573699518
32059,27.46209772685386
32060,29.12390127976054
32061,30.01005654145773
32062,27.96475899779261
32063,31.667497253776276
32064,32.39722973513473
32065,34.97937301345035
32066,41.62796780883689
32067,43.4868820462928
32068,48.0015691834576
32119,2.410573108121
32120,4.031457202396556
32121,6.931728008724748
32122,10.627478260681142
32123,14.108269796334309
32124,16.85260792699761
32125,19.252559625350173
32126,20.0329032203392
32127,25.22344336757207
32213,37.69005965057738
32214,34.75696366149146
32215,38.49741730689444
32216,42.13153797462693
32217,43.82338422443865
32218,47.41701893307662
32231,24.11213669965914
32232,36.346179666182714
32233,38.65820733998341
32234,40.06291521376232
32235,44.54508163247643
32236,18.557284631401828
32237,24.841041181013782
32238,26.993800099040058
32239,29.877672445751827
32240,29.96507114169278
32241,36.874480845428394
32242,34.44522975601154
32243,36.8188906586398
32244,39.85123473844617
32245,41.980580330759224
32246,43.038550681036384
32247,45.57355118834621
32353,9.800424893953839
32354,10.689711472616032
32355,14.122921379070656
32356,15.220267917501525
32383,-0.6197319985031204
32384,0.7339795618397221
32385,1.8746931871845547
32386,4.442236235155507
32449,5.373072737666597
32450,8.193043767103225
32451,8.202256007782475
32452,10.496382733813121
32453,10.195864954536777
32454,12.389146687600698
32455,17.62663443983558
32456,16.993749557051665
32457,17.80960185253564
32470,29.06859842961891
32471,34.51114058282587
32472,34.72505054557741
32473,39.60142495314886
32474,43.02309601339778
32475,46.6006310009364
32476,52.29633864322167
32477,54.829537645872286
32478,55.894538446714364
32479,55.13750123615131
32480,60.83884934844092
32527,36.53599959008847
32528,33.64686765287346
32529,36.28101023221647
32530,36.017511416186096
32608,6.150202623063794
32609,7.361053265720377
32610,11.01655959134796
32611,10.406184809222893
32627,14.148160637451053
32628,19.2240052810433
32629,30.918771197726173
32630,30.260191939193472
32713,23.703592746190775
32714,31.10862821165947
32715,29.691150751048173
32716,32.15605451948231
32717,35.018675465902604
32718,37.55574910450243
32719,40.607070777423516
32720,43.66973718344358
32721,46.18172302269435
32722,48.34089365493542
32723,52.380693948552775
32724,52.608995178663605
32725,31.545136237470327
32726,36.110958087769426
32727,38.4366620101406
32728,44.399084728441025
32729,45.35055595063628
32730,48.97888597642902
32731,51.04134277398201
32732,57.94032281739542
32733,59.90489065632019
32734,60.981632865500266
32735,63.36456913369116
32736,66.23725650534995
32741,14.526069194209917
32742,19.13881355491197
32743,20.400875380354503
32744,22.43396166388322
32745,29.715789697311166
32746,31.19499483736067
32855,25.229930455465684
32856,24.5902831769885
32857,25.817257558006776
32858,26.80435681708804
32859,31.284602541972614
32860,31.919276099438026
32871,1.2355858505436812
32872,2.7691109982664575
32873,4.525410826245504
32874,8.884029402781916
32875,13.392998652700236
32876,12.778967180089127
32877,16.597675235265218
32878,15.47993607519312
32879,18.887341504343745
32880,24.44627945137912
32881,24.81876293182058
32882,25.97740258522278
32901,11.996912699493762
32902,15.160584507704971
32903,14.506495877583946
32904,15.365597760220158
32905,22.030298972547154
32906,27.67943949859988
32907,30.82233307031963
32908,37.52553037999293
32909,47.37038881879062
32929,43.51356011925686
32930,47.993740135924185
32931,48.26233034882567
32932,49.469433147894456
32933,52.41812183687369
32934,54.64610042089302
32935,55.2893890973499
32936,56.96225027254613
32937,59.92487006938204
32938,61.68330394675436
32977,0.19652635295697618
32978,1.1741680960671874
32979,1.1395218170045462
32980,3.31552304225133
32981,4.232692683396432
33029,35.924906961859875
33030,35.81690488697722
33031,38.75172026297684
33032,37.3971176370015
33033,42.10569837606615
33034,43.325405684485695
33035,46.322015758244724
33036,46.993150520401684
33037,46.70559048714549
33038,50.56785198407826
33039,51.50639593289948
33040,50.74485572799558
33107,39.89248002548689
33108,41.83663575516555
33109,45.84552309745256
33110,47.73704682069903
33111,47.68912217341752
33112,49.6176471039905
33113,50.16080668031684
33114,52.91546810829481
33115,54.12090232168701
33116,54.78937056425897
33117,56.12118809033218
33118,57.06698132189332
33119,30.92595216726969
33120,34.04023458414713
33121,38.29694661749286
33122,41.22112274020369
33123,40.98659408525754
33124,43.69303387581565
33125,46.45597092709956
33126,48.00678184667114
33127,50.05709278507635
33128,52.80304852545996
33129,53.726526329381585
33130,54.456874715145354
33135,27.66893546783189
33136,28.409410591237002
33137,29.016174322381925
33138,31.690432623093493
33139,32.80444051949864
33140,34.9056820129465
33141,36.75845772412078
33142,40.03563117586533
33143,44.50839790286394
33144,45.533585688050145
33157,28.192124989964018
33158,33.30927209063389
33159,32.542286004305694
33160,37.082539246251805
33161,38.59930708420997
33192,9.901085887380505
33193,12.195470374586991
33194,14.805133591713266
33195,17.351968439208907
33196,17.916764594354508
33197,19.02696480153202
33198,20.734571929813605
33199,30.46431081588882
33200,31.126124783557966
33201,34.68981047239072
33202,37.330051119132804
33203,40.41801103925669
33204,24.260683330167915
33205,26.867244616748117
33206,29.74953346647534
33207,31.452210471125206
33208,33.819831903407625
33209,35.398796488881565
33210,36.382654736103234
33211,38.76340028205431
33212,40.15307157329065
33213,40.83274888374528
33214,41.72554314594204
33215,42.95141390418626
33228,12.80795017140291
33229,15.201734833341956
33230,15.772958521247734
33231,16.84245551436777
33232,17.363389260930784
33233,18.854917723064357
33254,19.038899495913633
33255,21.581208368238517
33256,27.73259001660449
33257,27.755208250551423
33258,-0.3299494200499681
33259,0.35155990149496585
33260,2.2865324836977146
33261,5.747797604548576
33262,14.032001601666732
33263,15.743655618192058
33264,16.87865134255889
33265,19.351416688785694
33266,19.584889056567246
33267,21.95592168566193
33268,21.94346258895254
33269,22.053702909992275
33270,26.892203731139666
33271,27.24268559770605
33272,27.496559336956214
33273,29.59729006258502
33274,11.95853334795271
33275,11.56911288018534
33276,20.28297974835388
33277,18.362916887429023
33278,26.022696380343447
33279,28.308678451233675
33280,27.95684585467386
33281,29.133641169111645
33336,38.14096179112143
33337,37.43587928914247
33338,40.338435277587536
33339,46.36476400225432
33483,3.3056223306159223
33484,6.966513426150972
33485,6.942395707280197
33486,8.96599356342281
33487,11.637340343929145
33488,12.893578319113873
33489,19.09456312307151
33490,17.578571462014096
33491,37.59089757479554
33492,44.903892465964326
33493,42.91729894163663
33494,47.05832807312582
33495,47.8174227059731
33496,51.71616651420244
33497,51.81719080258839
33498,53.10364003375431
33499,53.868414903093054
33512,30.133969280527527
33513,32.27997739840637
33514,33.41866739906976
33515,36.8478388228096
33516,41.15285381589226
33517,42.67765928228316
33518,45.077474117466565
33519,47.30331176659216
33520,51.75507557965029
33521,52.503097609496045
33522,54.43681910415348
33523,53.619933218981565
33528,28.31590322638459
33529,36.105748015520085
33530,45.248700005905356
33531,45.99270277495349
33639,5.929103813794317
33640,9.098101253967767
33641,9.192626314797408
33642,14.813379038197477
33659,43.76815347766932
33660,43.917279007989144
33661,50.14914018448836
33662,54.22012979872664
33716,32.16342373920075
33717,38.25387864430188
33718,39.08044036291121
33719,42.51833299972998
33720,45.09305768960401
33721,46.542233722888966
33722,50.09367457978143
33723,52.521749583562595
33724,53.559795893931046
33725,55.74627724177421
33726,58.012958476981616
33727,59.480214191608255
33958,14.036986910145277
33959,16.193218005018682
33960,17.974106241489476
33961,18.59724442553566
33962,20.29808841322361
33984,8.57264858318173
33985,13.889942916756015
33986,14.62187468192836
33987,17.603104527655706
34035,-0.6721584197019823
34036,0.5040900868978221
34037,2.2688484323859015
34038,4.391431106205452
34039,7.017672566433084
34040,9.281792655128523
34041,13.122515280906203
34042,14.041553772564292
34043,16.911544739085983
34044,19.320080690640996
34045,22.674207791153613
34046,29.306122456577906
34047,60.9805495136054
34048,64.15835618073271
34049,66.91407065926022
34050,67.82069075202492
34051,68.61223272066542
34052,67.55234235480395
34053,69.31487519883055
34054,71.26392740054281
34055,71.6291328330878
34056,73.04679715630424
34057,74.05336421972977
34058,75.09035960510181
34063,28.747151604628073
34064,32.333246219025966
34065,38.750382952520084
34066,41.74781394298276
34067,44.6751093027845
34084,12.166841619122055
34085,12.30774653444164
34086,16.021980016701338
34087,17.857502283411133
34088,19.314446929769577
34089,19.833132112815964
34090,26.748098614889766
34091,28.79470598325489
34092,34.40184184772906
34093,34.064801108558505
34094,39.42224568549977
34095,43.12205193265954
34108,28.940766954231083
34109,31.82216962830064
34110,33.901838996793316
34111,42.44365952567281
34112,46.57778618926552
34176,13.935489427872007
34177,14.07953889125297
34178,14.491214136625453
34179,25.50174068256719
34180,26.924029809745104
34181,30.60861119936107
34182,33.59519399889626
34183,31.362756376393907
34184,32.72381380837111
34282,14.05315997946111
34283,13.43935396148752
34284,17.588920341194658
34285,19.985698496517035
34334,10.449325028056638
34335,15.973662865005766
34336,18.844541923215083
34337,21.423624132588586
34427,45.65708452066365
34428,48.52646451990959
34429,50.243295239275746
34430,50.33755587973296
34431,53.25937541859481
34432,52.365518616820914
34433,53.46637026655596
34434,25.44402457424819
34435,37.307756301938845
34436,37.484704009319074
34437,39.584885386912745
34486,29.293452908272492
34487,33.29569248833149
34488,38.1185303097158
34489,37.806116806503034
34490,38.221648326223054
34491,40.966344317842555
34492,44.69468094768491
34493,44.97295266030799
34494,46.653755033159264
34495,48.218849612989864
34496,49.88572127352261
34497,50.2726207084795
34538,-0.07571521550360877
34539,0.5518674129744792
34540,2.292026019590706
34541,7.913512549133355
34594,36.7204472427315
34595,38.17568408830965
34596,43.10987799231149
34597,47.92856799270998
34598,9.105616526530769
34599,6.932947371821493
34600,10.32123618403093
34601,12.87520952824385
34602,13.838650585998614
34603,15.89789314355697
34604,17.24270427676118
34605,17.045400289396685
34606,22.66877724563186
34607,25.32193734741989
34608,28.855784977326763
34609,32.9973762108971
34610,24.63168789875343
34611,26.772596924830335
34612,31.91716210328842
34613,34.416227098518554
34614,34.909288185312775
34615,36.488875224272945
34616,38.182637022955674
34617,13.47254376724757
34618,17.69823382573921
34619,20.23252618268948
34620,21.762194703456785
34621,26.716541769859933
34660,15.050502329115304
34661,17.314589517688212
34662,17.013078174655583
34663,18.403613307162146
34664,29.06178634100065
34665,32.81324887253239
34690,5.24064224353696
34691,10.235628925884702
34692,12.472484006786168
34693,14.637610653682781
34694,16.162199888526583
34695,18.62728506616882
34696,20.92182459444693
34697,23.29907895408613
34698,28.98968020391214
34699,30.24760465626564
34753,14.358590983329377
34754,16.69261410398521
34755,20.37523807713585
34756,23.53138821118801
34757,21.013070209793966
34758,28.792783177212975
34759,33.295147517734684
34760,35.98019582781366
34761,38.55362635321562
34762,39.78116772260437
34763,41.64714492888191
34764,45.44645343757772
34806,11.630330869217962
34807,14.923390856568567
34808,18.81550414132416
34809,23.23595453951177
34810,27.34316815089842
34864,15.379064226310502
34865,23.573959163339563
34866,25.94485229579723
34867,27.26369872832341
34874,23.344392403855895
34875,26.12660037590466
34876,31.653236573637336
34877,37.38701106020111
34906,26.827573230017638
34907,25.58067546239184
34908,29.485650049416357
34909,30.751763868419452
34910,32.48759651645064
34911,33.888816591669205
34912,34.273396404449834
34913,37.699497209026916
34938,38.32147266188931
34939,39.867515659065745
34940,42.60639445961529
34941,47.946437542991625
34942,49.734931553355224
34949,16.65591677089665
34950,17.755278343102344
34951,23.471602865168414
34952,24.03264306094151
34953,24.257566210906802
34998,42.28283713688623
34999,36.851014973446496
35000,41.75267324356288
35001,45.09281578061405
35002,47.326083678549104
35078,48.79861405803368
35079,46.484772760045175
35080,45.565096518450204
35081,52.104087412115746
35111,10.304385443848421
35112,11.519221501315384
35113,14.201693942854327
35114,24.707463919946697
35115,24.780530328427318
35116,26.688147708463905
35117,33.862386582585785
35118,31.263080084877178
35119,35.59190315868866
35120,35.82933721110194
35121,39.94191686975527
35122,44.47265374926685
35177,30.498277683726077
35178,35.98862074141616
35179,42.16534565631389
35180,43.675686864190816
35181,47.55981047276204
35207,22.143464551560026
35208,23.739157198897242
35209,30.463987652473165
35210,30.947984499700723
35211,33.67327492736002
35212,33.95327650964939
35213,37.786257047934654
35214,42.59692526593559
35215,43.10555851644133
35216,46.93435669117452
35217,49.02395243564492
35218,49.792000581984254
35277,39.082842702094034
35278,45.24677504613
35279,48.56118647858738
35280,52.98473500393714
35281,54.2053119678649
35282,56.82036299113738
35283,59.19045393763162
35284,60.83767220295102
35285,64.67880609286077
35286,46.703109408105405
35287,44.41833405842906
35288,48.111702204218766
35289,52.41110615480731
35389,21.32664322810912
35390,23.843002801271027
35391,27.180172025537658
35392,30.64117401701342
35393,29.527427614777324
35394,29.20090444195962
35395,31.60854636432065
35396,32.07284118639188
35397,32.792789983445566
35398,33.42819703682271
35399,35.640991821465846
35400,37.17268889888573
35401,28.011772041721965
35402,31.987927754725252
35403,36.264483413419434
35404,39.485966423116096
35405,43.24093828671084
35406,45.40580979743155
35407,45.93815420741991
35408,48.97421197100038
35409,50.94104200871252
35410,52.0296078954231
35411,53.35320357209796
35412,56.69769538019718
35438,29.022021368146465
35439,32.051450880749336
35440,39.85671692002798
35441,39.15056759783586
35442,39.21369022018736
35443,42.733947579404806
35444,46.300757032108926
35445,48.185007867680575
35446,51.159035719154545
35447,54.04538462427705
35448,54.96767264887125
35545,51.99939365827905
35546,51.55001833595557
35547,53.75194086379058
35548,56.02882588615821
35549,57.33531471620189
35550,58.379237627439664
35551,58.60328057812661
35552,60.13695210218941
35553,59.631011143770806
35554,61.5232278517624
35555,63.24976290856924
35556,64.74620811262689
35557,29.13620531515605
35558,42.02024799552706
35559,41.185887118802945
35560,46.703701113810524
35614,40.15374814938401
35615,51.40483038283328
35616,49.05623940026805
35617,50.563380284497775
35618,53.28490308203156
35619,54.493204300488486
35620,55.78944621147683
35621,19.555574761464733
35622,22.785061187304734
35623,26.294361608981568
35624,27.190511455737088
35625,27.506294848823924
35626,29.503266379913143
35627,30.35202086364941
35628,31.869392308981773
35629,35.95973735874942
35630,36.87826941019655
35631,37.30065288795919
35632,39.35480915737798
35676,47.34902212729283
35677,49.21985618552661
35678,53.98929891911404
35679,53.316479721891525
35680,57.30663016584582
35681,57.015415500068414
35682,59.69499721372402
35683,59.87927113931423
35684,61.13357328817936
35685,62.61368208686633
35686,63.90496968555546
35687,65.83196040536866
35706,26.353642760425934
35707,29.548385375076382
35708,32.6287654570494
35709,34.1133402416738
35710,15.20063408579873
35711,17.1026068705549
35712,24.075644862736382
35713,25.287977950394414
35714,27.393348461471962
35715,28.546844822729156
35716,31.502326255886114
35717,34.86017322337996
35718,22.572790975436455
35719,27.211617608054787
35720,28.47083354185212
35721,30.602848256615495
35727,16.3622859910013
35728,21.655090483851566
35729,26.513532105427494
35730,25.026811708334723
35731,27.96352567611649
35732,32.444824408586804
35733,32.2203477891082
35734,35.04228497531391
35735,36.41707660319495
35736,41.010953201037914
35737,42.33856423077406
35738,44.47905342813055
35745,12.899772362235376
35746,12.568205741113088
35747,13.683467668702088
35748,13.760012177741977
35749,15.077408310721038
35824,15.319597269048302
35825,17.26425465421369
35826,17.838072305351034
35827,19.228275394811618
35902,4.5325481215659655
35903,14.651861493658002
35904,16.08976653379446
35905,21.59692776782713
35922,16.929969907207724
35923,19.959090206054213
35924,25.92580290116245
35925,26.37943570866615
35926,27.273064220123572
35927,28.3912873873688
35928,30.617201360913633
35929,32.15827619992037
35930,35.462915781920906
35931,37.049397031273685
35932,37.50326887461279
35933,40.836576953969505
35974,16.980911611770512
35975,19.433282389353618
35976,21.763495466307678
35977,23.70970974819233
35978,27.848685251082145
35979,33.013224956916666
35980,34.69271851962909
35981,35.762726563847274
35982,38.63342654084429
35983,43.01882333792158
35984,43.67929049681895
35985,44.69187168791636
35986,8.965337094260557
35987,14.809806561411044
35988,23.564999692737214
35989,23.920926722506103
35990,27.429361337968484
36068,22.582227512762618
36069,29.11610096389364
36070,32.47496593513766
36071,35.4977719009405
36120,33.15450273246624
36121,36.749056152918854
36122,44.67714361882089
36123,44.93931046934027
36124,53.59002117256311
36137,16.4035813938849
36138,23.035262792603792
36139,21.653143310986614
36140,27.00811750267804
36141,30.608551122318385
36142,32.61801963208112
36143,34.422490682026805
36144,35.63037146180864
36145,37.24182830956211
36146,38.76038349608244
36147,38.840765885559215
36148,40.475079228839114
36192,40.663011250962455
36193,41.91443019740368
36194,46.437908780655995
36195,49.669832312598196
36196,50.55745400365168
36197,57.80612866903596
36198,57.5590071223254
36199,60.77258930589651
36200,62.22317787793012
36201,63.11209913331419
36202,64.0400012653555
36220,21.1602160162001
36221,24.489175668484666
36222,27.910201752414345
36223,28.22295473050312
36224,28.102869967245837
36225,30.273611987268882
36226,35.899636215831535
36227,31.845433182538052
36228,34.78047887236834
36229,42.32881215980253
36230,42.948142462391104
36231,51.06342334323417
36245,45.64614970230077
36246,43.468835139041516
36247,45.244128795335484
36248,48.25407735796951
36249,51.43860254265097
36250,49.35714029497298
36251,54.0471970840934
36252,54.89682119106905
36253,56.266518566257076
36254,36.45062010229001
36255,35.35505055967554
36256,36.25974529878454
36257,38.75848794780612
36258,39.91836155974702
36259,41.15193156225372
36260,42.880987937011206
36261,43.63566544295702
36262,44.67110677032512
36263,46.42618576330827
36264,47.63939446377948
36289,-0.006486251185902052
36290,1.167250469069102
36291,2.0885045810709175
36292,4.620726852211681
36293,7.3179565754344305
36294,7.938307363174625
36295,11.746309532081805
36296,12.336555588430727
36297,13.812863396569151
36298,14.361772689474202
36318,22.32063045037331
36319,24.578398217953453
36320,26.328862646657342
36321,31.100936083316423
36322,32.94165242382512
36323,34.0498547107786
36324,40.603785906860985
36325,43.84558697350225
36326,44.72953645032929
36327,48.06960777591662
36328,48.79060321210821
36329,53.207739357776646
36330,55.95820324253667
36331,56.53274174954586
36332,58.62387841654969
36333,60.37367467267801
36343,14.709453371026623
36344,17.912610688174183
36345,21.48409409985134
36346,22.062070630647593
36347,23.342936764244325
36348,25.236870615137725
36349,26.109546624194053
36350,30.207026003947067
36351,34.22925083440087
36352,36.086471284599114
36353,36.676076290168965
36354,40.84496489802438
36367,15.938480737940623
36368,24.284247671917523
36369,22.787162253094497
36370,23.719010329855134
36371,25.099199223323158
36372,29.185636250363288
36373,31.613235734333564
36374,38.164977199946925
36375,36.24889935925733
36441,36.74867250736855
36442,42.83596232633755
36443,45.859915545484135
36444,49.05171011320392
36445,53.06792135518748
36446,54.77361314669089
36447,57.29707202474308
36448,62.514965782535405
36449,64.86235597018688
36450,69.35264298941705
36451,70.52532652485361
36452,73.13341128995904
36453,19.076721991891695
36454,27.337454736335147
36455,30.628054609354013
36456,33.96760182629783
36457,35.03967039818067
36458,39.37854929505655
36459,43.95753036587928
36460,49.7163564922246
36461,49.39666459976306
36462,48.9131380686974
36463,52.66921885855264
36464,54.79698198636589
36523,4.279719749338402
36524,6.24825746477084
36525,8.343640040332415
36526,17.782709530399426
36601,22.3487004103475
36602,28.184223467310268
36603,27.95328554173128
36604,30.977482368667754
36605,34.57239905631005
36606,33.75195930347454
36607,35.747399135540896
36608,37.09579725681694
36609,37.425659895705635
36610,39.74898568493057
36611,41.5707242259794
36612,42.35501432090489
36618,38.31811193288216
36619,35.11814666772332
36620,40.82712313983492
36621,44.123295277013895
36637,40.73043201218519
36638,43.14590391351757
36639,49.74373703616828
36640,47.93039779785586
36641,50.340645301963804
36642,54.8374094465345
36643,54.87918361702717
36644,57.96500970179001
36645,58.777820829510894
36646,58.48589855993569
36647,3.611167756518201
36648,8.059674795092791
36649,8.609261395214988
36650,12.497776759030172
36651,14.03786371348692
36652,16.668919764807846
36653,18.975604437489643
36658,42.250633434445184
36659,40.21388577753035
36660,46.78172802786504
36661,48.695876299979766
36662,50.887039184793444
36680,31.29173870868521
36681,32.844077193184944
36682,37.36404595188106
36683,43.06188859677684
36714,17.127159398818804
36715,19.056395005966568
36716,25.047823860486663
36717,26.457657794007712
36734,50.391175774098144
36735,54.784832026130516
36736,57.31074613906073
36737,59.679544509929755
36738,62.044200843021805
36739,62.705958978897606
36740,66.01342423179389
36741,68.12712313333259
36742,68.46722215683272
36743,69.67458538968849
36744,70.33901599726211
36808,28.201545586574078
36809,33.1496331848686
36810,34.82807708395356
36811,33.423551595898
36852,17.532063685452993
36853,23.849012964437446
36854,24.915701266987046
36855,28.665563114284094
36856,30.19488887133091
36878,9.583650349807977
36879,11.501283396874319
36880,14.301686959598367
36881,18.302609325138018
36882,18.401563286019144
36883,23.53561134835294
36884,25.76833272111377
36885,25.686849995909856
36886,26.19355003049561
36887,27.845299185337677
36888,29.682794185739645
36889,31.53383240296698
36890,35.03314737872264
36891,43.81839049418135
36892,44.55360081065486
36893,50.54970236318033
36894,52.73299007305011
36951,31.618141159538997
36952,33.30775989304317
36953,34.7712857902353
36954,38.722391149901775
36955,40.06982941098332
36956,44.22016746733773
36957,44.46283247045234
36958,46.16198012320482
36959,47.99873642090155
36960,50.583721080207766
36961,54.50274046272644
36962,55.015671701812536
36975,30.30579466446881
36976,43.88396021516162
36977,44.013494234183874
36978,51.38826265045179
37010,2.6193036047054936
37011,5.792670873279388
37012,7.456950975199518
37013,7.590316244373657
37014,12.894590861587183
37015,15.317616550133375
37016,15.446814047159052
37017,16.015886261406617
37018,28.731620809848405
37019,27.74957715326521
37020,30.644122578189425
37021,33.02625267275252
37022,45.237817395218016
37023,48.71329405799133
37024,48.49950246283197
37025,53.09021426496723
37026,54.53618637110019
37027,55.93200567148183
37028,58.99523921449742
37029,60.323219627373035
37030,61.681585458200246
37031,62.59125952999761
37032,61.610351977476085
37033,65.12107388417014
37034,24.845189153467633
37035,24.217770765844538
37036,27.083385014283657
37037,26.82455925639789
37038,29.547760058648343
37039,31.536536945101943
37040,31.42268170445614
37041,18.60275005001345
37042,15.930146306549776
37043,19.235461499717996
37044,20.8305041365771
37045,28.2438339667225
37046,28.125926003666745
37047,30.538876697600724
37048,32.69614505744944
37049,36.56947343837364
37050,39.71369886667288
37051,41.074159508142905
37052,41.01164649672019
37053,35.061026406903956
37054,37.38631228216491
37055,44.273592179638555
37056,44.93223952109113
37057,60.08157500888635
37058,57.27525806380963
37059,64.27630170997882
37060,66.27758268134765
37061,67.57554287709628
37074,30.713761770901996
37075,37.45004878052183
37076,37.22710320297409
37077,36.78527096302954
37078,37.329195806010176
37079,39.02319175124586
37080,40.365656444577404
37153,21.99036334786576
37154,26.59775528976007
37155,27.270028470307494
37156,31.31928248805018
37157,34.502330251132534
37158,34.99191014261673
37159,36.64940718545929
37160,36.68181422596079
37161,37.37852873487259
37249,22.54691138409048
37250,27.564179838312295
37251,28.565502962135902
37252,31.99496016847791
37253,33.86013043602633
37254,37.76320979455333
37255,37.48963153646945
37256,41.55490832355905
37257,42.33614044733674
37258,44.88461697842162
37259,47.16981413321113
37260,48.62710788435112
37261,7.557178388361012
37262,12.365333625341831
37263,13.980449220307957
37264,15.636930372865864
37265,17.672687174068557
37266,18.93615432241461
37267,24.450689552511317
37268,25.202566942334627
37269,26.73101032254853
37270,26.45386846753468
37271,32.12071321328714
37272,31.15358692174116
37308,34.93549853916461
37309,41.998255088204814
37310,46.6366864289174
37311,46.3958419468825
37398,35.16552910911036
37399,40.63836045650284
37400,46.88691359404557
37401,48.835832519966026
37430,17.8125497169147
37431,22.434268701903488
37432,23.715022803558636
37433,28.889795572312266
37434,29.726915685281504
37435,34.10344351116865
37436,34.809751186771855
37437,37.290975657226035
37438,39.373873470320824
37439,44.026112468731206
37440,44.29235523922086
37489,37.13166197338394
37490,47.314592100457794
37491,50.61048071652596
37492,52.064232280986495
37493,56.057644639856406
37494,57.839748408940444
37495,58.51701872365642
37555,14.499174825821898
37556,16.339848922672978
37557,18.964526143612918
37558,22.34097682713576
37559,23.077977926740868
37560,25.716324078665146
37561,38.21011027935723
37562,40.658066805111815
37563,44.140713342196406
37564,53.101944775614456
37577,27.000535526739313
37578,30.27810760634189
37579,34.33103848733359
37580,37.473451796507085
37581,40.78367141337161
37653,20.20691326909472
37654,27.445850396781015
37655,27.807729724176905
37656,30.370312821327747
37657,33.443833473204755
37658,36.91089354483439
37659,47.34561878738916
37660,46.36891471424941
37699,46.313983752945454
37700,48.62532952017049
37701,48.262413993491606
37702,50.83599814022251
37703,52.04492468608893
37704,53.98262096362547
37705,55.709349640452835
37706,56.336861103102656
37707,58.16723547550546
37708,58.66704440830254
37709,59.877943475799434
37710,59.785916598382926
37756,45.336557919472675
37757,51.01662967467811
37758,51.51948929095721
37759,55.14865169580586
37760,55.807036141439895
37761,57.06381581968614
37762,56.99068380748671
37767,30.20387328424489
37768,33.64257689271021
37769,41.145676539590056
37770,45.23021827501981
37771,44.2735342900409
37772,48.48959189762533
37773,53.94284076800469
37774,56.16293406351004
37775,58.15423589040535
37776,60.28461681537786
37777,63.41111916170393
37778,63.877022601792824
37816,14.452200004446917
37817,19.335716776249914
37818,24.66000509962934
37819,25.29334657719344
37862,18.250442960130147
37863,20.529584716676002
37864,21.30000658049948
37865,22.231630601011492
37960,30.686593840845514
37961,32.96611901996048
37962,32.42157724383013
37963,36.67130937111789
37964,38.61177960333649
37965,38.912095315166745
37966,40.82882255182477
37967,44.23667335498157
37968,50.123049090117455
37969,52.92644950257627
37970,54.55572194123415
37971,57.64702976969
37994,28.816577219842372
37995,33.2512586794746
37996,39.65434790667018
37997,48.734021516692444
37998,52.889325956600075
38021,29.547853344942123
38022,33.51976583008412
38023,34.84076686326391
38024,35.72568307431172
38025,38.64265865227777
38026,39.87789735525544
38027,40.16981810906203
38028,44.35169742160623
38029,45.533525130324705
38030,47.70922198858239
38109,31.82662090500134
38110,33.259843568304056
38111,35.482289175045686
38112,35.01188587392333
38170,23.887641085898345
38171,26.67635292947026
38172,28.46979870535242
38173,30.189209939605576
38174,31.663122443336235
38175,35.4286343334745
38176,37.26813748497827
38177,39.51187038872001
38178,39.56551454288707
38179,42.35756007163798
38180,44.4156601578762
38181,45.379522491070674
38197,31.3019533940748
38198,34.22131095748777
38199,37.35670048047847
38200,40.287729105754806
38201,42.35414862513831
38202,41.2638217924244
38203,38.731057395130776
38204,48.55045068241009
38205,49.93558060678084
38206,50.660284307176106
38207,53.99715538835433
38208,55.073758547061175
38209,57.8414413256126
38210,59.34982449559043
38211,62.597868677091206
38212,63.51616991729411
38213,65.21327440569357
38214,67.11236753739527
38215,45.68869592479412
38216,48.180909270533846
38217,54.36176174824689
38218,55.454682206384966
38239,13.519427011367096
38240,17.424492495987174
38241,30.275117086237007
38242,28.687033688553
38243,29.48849203048793
38244,32.225704786151276
38295,11.94799346801178
38296,23.75111876341068
38297,26.98895621124405
38298,29.14429555425358
38299,29.953587732514176
38300,38.02813837733437
38301,44.38013011578441
38302,42.85039645407194
38303,43.3093043634341
38304,46.819537111419905
38305,49.12299627069706
38306,49.32322912993092
38307,49.949749043469275
38308,55.90031750795451
38309,58.14373428851155
38310,59.131444163910764
38311,59.250599416024016
38312,15.33407474587001
38313,18.36382715776735
38314,19.14410005606571
38315,21.043629815890327
38316,22.340516490646202
38317,22.37570071549208
38318,27.865427786567462
38319,28.705433035510143
38320,30.725989332878076
38321,34.42577246326815
38322,35.68415690892833
38323,34.31910436919903
38324,28.420529118384525
38325,31.271888980211102
38326,36.74452113416674
38327,35.48777058996889
38328,38.5663039891414
38329,41.85029259412227
38330,40.923801330634284
38435,29.719616588116974
38436,31.33140193219675
38437,32.332290872905574
38438,32.2922489623652
38439,33.09938016247882
38440,33.87626297937841
38441,35.36062740143839
38442,35.98191234395736
38443,36.67755425976791
38444,38.99404377979016
38445,43.87917592713528
38446,44.4360494966714
38447,33.53651456701213
38448,33.335264983062636
38449,35.13861584253096
38450,35.903868776697315
38451,38.62238337695554
38615,28.695389782725265
38616,34.059618648862134
38617,33.84110988977445
38618,35.52936357903284
38619,36.38547376160469
38620,39.75284321118929
38621,43.42215503539415
38622,44.8304810620694
38623,47.95350484749968
38624,48.59760078261613
38625,52.674317963422716
38626,53.268539168312586
38627,17.420288930287853
38628,22.87341773800988
38629,25.11335274255075
38630,26.10080511554586
38631,18.701788606585396
38632,19.195764808883126
38633,28.038221308012407
38634,35.41994758837902
38786,42.426449683400534
38787,52.0403246368939
38788,56.9590121821475
38789,62.8279940892811
38790,64.30110915275918
38853,31.967614821124766
38854,41.38142946785523
38855,40.36504029695108
38856,46.7146488273576
38857,48.91940173902336
38858,49.21358261701992
38859,51.3849735243853
38860,56.424119556482516
38861,55.98598837903396
38862,56.206271201591996
38863,59.65196165434618
38864,60.309093595316114
38869,32.469210668530465
38870,37.370246951305454
38871,45.27232543295831
38872,48.396982376106806
38916,28.75777681217568
38917,27.17806042886431
38918,28.097627228383637
38919,30.13092760050892
38920,32.62493594374215
38921,35.38749609560441
38922,36.68464404323204
38923,38.6842088727355
38924,38.40469437582284
38925,40.81707834102441
38926,40.06250237157643
38927,40.724442806118795
38936,44.618200858580586
38937,46.088247896386505
38938,48.56268405617479
38939,56.34374384432243
38969,18.514265269603026
38970,17.900386246867825
38971,20.22199651054259
38972,23.777412063831697
38973,24.667136873170854
38974,25.519232260441427
38975,28.83658590392003
38976,28.08175574273445
38977,30.641806633126848
38990,5.868552878674101
38991,10.39707347088656
38992,14.398720022096498
38993,16.823781411991934
38994,22.052458215590796
39004,35.1068000351479
39005,37.74756016264991
39006,40.00326450300281
39007,43.412517461132566
39008,45.16051783989528
39009,50.814308563338635
39010,53.744092638106224
39011,54.80405543884828
39012,55.4311581874197
39013,55.42703724299088
39014,57.0943595562414
39015,58.314877081552794
39040,20.996720492307315
39041,25.43947262190758
39042,31.10043810727545
39043,33.4138067587682
39089,31.487549699996766
39090,39.095368461729834
39091,45.87093654881435
39092,50.47891723611614
39222,16.998046027387094
39223,22.215195085254866
39224,27.92272837970129
39225,31.22637497855058
39226,35.17496607719147
39227,39.22389988815241
39228,44.607247289319524
39229,45.09315571929398
39230,47.97669246715666
39231,48.87889749738346
39232,51.97917480109775
39233,55.48493857250806
39252,36.27723219748851
39253,44.33385154197714
39254,45.89495438592051
39255,50.181593613413774
39256,48.87975103577936
39257,54.2289964695855
39281,10.048489575826345
39282,17.195192037312655
39283,19.195892069954102
39284,22.56469552689886
39285,24.205549386361074
39313,15.242810783094367
39314,17.50885664208467
39315,19.195794240508242
39316,25.386093226574225
39338,26.48006917963902
39339,27.371411704569386
39340,31.055466085667817
39341,31.60192404767654
39342,34.35352759487186
39343,38.45382946087751
39344,39.280447232129724
39345,42.28059086276032
39346,45.635271326169
39347,52.74207833935575
39348,53.87424628333651
39349,60.99157979056649
39408,23.264019818949404
39409,26.56768929155254
39410,28.82855427648434
39411,31.80385375140475
39412,36.485915165215324
39413,40.05744885007485
39414,44.726836753605276
39415,44.8715911012448
39416,47.49172516909842
39417,48.124757443302734
39418,54.08237750631076
39423,21.751521984564235
39424,25.61648329127796
39425,28.910448745975906
39426,29.724924116019817
39427,30.56384385763398
39428,31.67291380725619
39429,34.02677329374758
39430,34.20396549265631
39431,35.43330554280234
39436,26.015298444574896
39437,27.443702851431865
39438,29.845290164694894
39439,38.32660702275562
39440,39.14327628972606
39441,45.09723280450931
39442,47.467084224442914
39443,49.380267170073
39444,50.65794531536568
39445,53.17837806974341
39474,14.171615252133176
39475,19.004209992819508
39476,26.15795716010417
39477,30.77867735202553
39478,13.926351143349656
39479,16.301111590448425
39480,18.199805255516143
39481,24.90516217425594
39482,25.627084922355202
39483,26.49509715876254
39484,31.860122087994007
39485,29.485726916498905
39486,38.74996545085986
39487,41.10142796648078
39488,42.69239448540275
39489,46.7652418536327
39522,46.57103894173759
39523,46.66368789053726
39524,50.425404535652156
39525,54.597389022055886
39537,14.75411054810172
39538,18.01494940736684
39539,25.934768538989307
39540,28.51437612683245
39541,35.097520764989
39542,34.86750197042092
39543,38.9178425925065
39544,43.80250190272339
39557,22.551782075744477
39558,24.42501118138822
39559,25.651307453959976
39560,29.126233304690558
39561,32.29824590564034
39562,33.96835080921206
39563,37.27311236298128
39564,38.914568973548405
39565,41.356306950656226
39598,20.54336682656855
39599,23.788023169580764
39600,26.77317294408415
39601,35.22879046189707
39634,11.8670521207266
39635,13.81900001302035
39636,15.983180697308892
39637,17.741837282669948
39638,19.751115482569364
39639,20.970823887859247
39640,22.791182770590428
39641,38.883052923425446
39642,40.95236099479272
39643,39.66548933296937
39644,46.458423079321726
39645,46.62228002976385
39708,47.995717761483974
39709,52.25387368330203
39710,55.861687594321
39711,59.94221489822051
39724,37.05102212322884
39725,36.716020991631424
39726,41.61718048693016
39727,43.26653539287616
39728,46.53420215818019
39729,48.067072014950824
39730,52.572907873718826
39731,55.568037419686775
39732,55.81406348497723
39773,37.9835238858599
39774,35.245998891381475
39775,37.67226165683048
39776,38.139563529900016
39777,43.12220875458014
39778,41.13055845663148
39779,19.34510427206567
39780,17.59372418808304
39781,19.26931369968529
39782,20.16069469447103
39783,25.805059821780613
39784,27.318939173840366
39785,31.927706060434915
39786,32.52088371538192
39787,36.48211785057801
39788,39.9168836596041
39789,45.417572857049116
39790,49.354033427201045
39803,37.156101360438825
39804,44.19240825544252
39805,51.39545069701447
39806,53.41898566247924
39807,56.191143907628984
39808,60.99253613408493
39809,59.80108086482487
39810,61.91020844655092
39811,64.58861577084429
39812,65.8247150654297
39813,66.53004380502531
39814,69.4683269331891
39815,71.40748375416423
39816,72.19539630989593
39817,73.28512164835098
39818,75.10628767193262
39819,75.44763897393491
39860,35.017525027642975
39861,39.23174235403346
39862,37.552962293375
39863,38.12995167897717
39864,40.44596342645218
39865,42.14326538282262
39894,30.404704717260802
39895,31.01035021870914
39896,29.458612804674477
39897,28.336555465161357
39936,11.144459535281683
39937,12.040024260540326
39938,14.741491272817191
39939,14.240711353090786
39940,16.13801453450225
39941,17.68181711447998
39942,18.128996822712352
39943,20.302761065036258
39944,25.989062361815886
39945,30.3581386541922
39946,34.371303628988215
39947,39.82727689866616
39960,21.535521694500364
39961,30.444126003801927
39962,33.42491256092531
39963,38.65830979057479
39964,38.836851070125704
40034,32.53455037640295
40035,38.2711566897096
40036,43.657862659464456
40037,46.839705118912434
40038,49.54013302362011
40095,35.232999904830294
40096,39.92997737015812
40097,38.96849760847953
40098,43.327799162913394
40099,42.40004654697383
40100,42.11321512390424
40101,43.72454899062884
40131,9.371188969154671
40132,10.929169212734049
40133,11.569509150521867
40134,13.19465892993302
40135,14.033397995367702
40136,15.378944853940984
40137,17.505617150462825
40138,25.965707325433982
40206,7.444283267895231
40207,9.768027415239876
40208,10.152342871322881
40209,9.411775868691189
40210,11.303031714127062
40228,8.150223089478327
40229,12.052208791018984
40230,14.428338218266862
40231,15.99228473352675
40232,17.464150135220997
40233,24.835303194530578
40234,26.7280884016991
40235,27.56612675943457
40236,29.83393064413588
40237,30.237752639538645
40238,31.20703341918851
40239,33.07672787403503
40252,34.9351732881877
40253,37.92473326674276
40254,40.723492328026566
40255,49.34220199214445
40256,52.22515836908674
40257,53.748016496414714
40327,31.460387040824465
40328,36.25357905663188
40329,41.03387417901809
40330,44.4023805316617
40331,46.83594683433961
40332,51.73025091360248
40333,51.248612591376514
40334,53.69691987143293
40335,57.99637260002045
40336,60.62851810503545
40337,61.38254611938814
40338,64.3005829526456
40394,29.15117672003051
40395,33.11126393580555
40396,31.87919247659482
40397,35.10904444329316
40414,46.53829303810322
40415,48.03146509291953
40416,52.50012842093465
40417,50.727630074202544
40418,52.80773144997215
40419,55.597519284818915
40420,11.10534173200492
40421,13.606650493629617
40422,17.217255057222197
40423,17.676852225266707
40466,20.47512545240364
40467,24.888055913710485
40468,25.903675650250964
40469,27.790383942492006
40470,32.11312847215396
40471,31.692658108712987
40472,33.6761608202036
40473,38.68609181912942
40474,42.20167947745659
40475,42.7310990845753
40476,49.28072314182638
40481,38.38225073225898
40482,39.83123033205457
40483,40.382099458023646
40484,46.746319125850185
40485,46.54564434325575
40486,49.32327754395867
40487,53.00244878832308
40488,54.336453717001724
40489,57.80805135219018
40490,58.85649024614796
40491,60.35248094113158
40492,61.16837438099173
40493,27.209451452354166
40494,36.12516907400707
40495,32.61809920868167
40496,45.268616247728914
40497,46.87025885436115
40556,37.876370885656264
40557,38.639764329794325
40558,40.89629848937453
40559,42.274220607679034
40560,45.06214439207422
40561,49.47196508133246
40562,49.66444511801584
40563,51.78599256105427
40564,52.87944943571539
40565,55.07486002846766
40566,56.37469123574543
40567,56.8528889257942
40613,27.52425308119081
40614,34.337311300558454
40615,34.97424888133185
40616,38.99273183002311
40629,10.406462157124384
40630,14.058131167648284
40631,18.42077134138622
40632,20.465863382215275
40633,22.215974598538832
40634,21.356278232786956
40635,28.925132176504977
40636,30.67963364622472
40637,31.187447416562676
40638,31.343643567025627
40639,35.38956634276954
40740,8.815671273958921
40741,8.454595482727834
40742,13.575430255653798
40743,16.19372188886458
40744,17.748133462286365
40745,19.84747421430886
40746,26.739606281986276
40747,27.24248981093623
40748,28.640863948552358
40749,31.711695936239625
40766,49.576165584287914
40767,50.144373521699656
40768,53.10164741171729
40769,58.288862235660176
40770,42.58074869572876
40771,39.458186956970835
40772,44.144147779390565
40773,48.36962892032702
40774,52.728725680257746
40775,54.326985353110494
40776,59.84768862271301
40777,59.37871360746895
40778,59.51980647178709
40779,61.25859229582479
40780,64.97302389396228
40781,66.47530682552865
40837,18.156381997375327
40838,22.105429975585633
40839,26.080132323090353
40840,25.0297782135437
40841,28.960012708765287
40863,8.885354144006325
40864,8.609544378471135
40865,11.559672806022737
40866,13.77544958094614
40891,15.047644938175933
40892,14.49087643767144
40893,17.239289787341093
40894,18.661179134748263
40903,31.697318313733348
40904,35.44627235661689
40905,36.89932754937717
40906,42.16258370356547
40925,3.3366650306779966
40926,8.202905824954941
40927,8.2206627992286
40928,8.148386219385781
40963,21.841387099484653
40964,27.99192967099721
40965,27.53133722107201
40966,31.086558505188258
40967,32.00838450735601
40968,35.10415859865978
40969,37.6152697776005
40970,40.195056570207065
40971,43.32673518017621
40972,42.08365541237023
40973,46.282443082030525
40974,50.26794492648054
41003,24.11556994252301
41004,30.558027171124206
41005,32.47959872881677
41006,34.10562006561296
41079,45.51145382807135
41080,49.63316337225754
41081,48.88300807659262
41082,50.312065321523484
41083,52.08301515379789
41084,53.82098124964694
41101,26.577066862702395
41102,29.592092789654185
41103,34.81715037962816
41104,36.30800618765551
41105,38.97885285577542
41106,38.84812856318515
41107,43.77152291531997
41108,44.87132864987299
41109,44.889044443051304
41110,47.75839563791431
41111,48.30596165465945
41112,49.98842176552767
41129,30.745294999170085
41130,29.72717786231241
41131,37.210954661289485
41132,39.16837966862887
41133,40.74755747894129
41134,40.2916718454612
41135,46.62714330244178
41136,46.977810804605646
41137,48.58382201335122
41138,50.363185295836885
41139,32.17781396391563
41140,32.56459740631535
41141,37.13308611765176
41142,39.889792142357784
41143,43.91314059232828
41144,45.57723368974016
41145,46.56557384244304
41146,48.6697756163939
41147,49.68298478059437
41207,13.943510505795853
41208,14.779083085679071
41209,16.2376007679262
41210,19.932194131379916
41211,24.64593025587682
41212,24.7894770505616
41236,15.479315939078312
41237,15.467252647487216
41238,19.98787825429036
41239,21.043419679624414
41268,27.579552910767884
41269,29.62264136925654
41270,34.46695350960375
41271,38.10360988979121
41272,43.96376172241744
41339,33.239914165297584
41340,36.30965737039686
41341,38.76467949105725
41342,41.63382921833187
41377,31.009844016335514
41378,34.254533207282456
41379,38.768631049543
41380,43.97127572069664
41381,47.3094026700385
41382,50.20098463510254
41383,51.63279782316713
41384,56.478832280298796
41385,57.00430759571009
41386,60.43447800570314
41387,61.992692521222956
41388,62.838420877588035
41401,23.028394363688598
41402,29.216417227106163
41403,36.426213549356724
41404,37.253007495076844
41405,37.64623155207102
41406,40.076796675861345
41407,41.314421765797086
41446,45.64598975574329
41447,47.136297614514405
41448,49.956727313668814
41449,52.0292879698333
41450,53.48221732266441
41451,54.47411296276621
41452,57.74238224100334
41453,60.749238629435595
41454,60.350110627531485
41455,61.13128441287636
41456,63.02371720858064
41457,65.29823925530899
41484,32.32294556546905
41485,35.39907691319869
41486,45.80974814624019
41487,50.08823697909539
41488,54.24222112631684
41493,15.573903271505264
41494,15.812758610612592
41495,18.016629640055132
41496,19.331209970527883
41497,24.577847555179623
41498,24.40565619745643
41499,26.467994408036525
41500,27.182940059121588
41501,33.50629476741
41506,30.99366177313868
41507,37.45216541498284
41508,42.541704346623185
41509,45.01873747851293
41510,0.9578960573957878
41511,6.4756516851736325
41512,8.549090606543567
41513,9.750010920784819
41514,13.217062731350671
41515,12.802139814051658
41516,14.340264233746431
41517,17.498822698352402
41518,22.559461353910972
41519,23.56314566975326
41520,24.331220687985464
41521,24.980824293323284
41530,0.12379119454650872
41531,3.6440556632272685
41532,3.801985061475353
41533,6.021078320332804
41534,9.371240775438261
41535,18.85814475557597
41536,16.165916068471613
41537,17.842238506762982
41538,25.82191724845636
41539,25.343478872466967
41540,25.384345328678673
41541,27.080772632799984
41559,33.43813612765418
41560,38.39007982001245
41561,39.33649178682916
41562,40.297261946182196
41563,44.75004232873367
41564,48.29338491560685
41565,49.74669817481525
41566,52.25131721124202
41567,55.65434285611571
41568,58.10290963304734
41569,61.664849780270984
41570,62.91291595779981
41579,39.33448507475296
41580,40.45032020380209
41581,44.19885260696976
41582,49.14473071391638
41595,21.10625411737428
41596,28.124206119885518
41597,30.545238928176108
41598,32.17166509134666
41599,34.076249086932265
41600,37.7751009242514
41601,40.18602190318487
41602,42.23343450544636
41603,48.512584629722845
41604,51.42057215982105
41605,54.22359960154293
41606,56.410195808917386
41652,53.01270272480547
41653,56.03685878887639
41654,58.40515350028466
41655,59.06090503181757
41807,15.917914858520804
41808,19.14088217364796
41809,23.49236453363904
41810,22.165662002976745
41811,26.065916352520563
41812,27.485487836879013
41813,29.27069956230082
41814,33.23093657215028
41815,33.19227765079431
41816,36.2848141465728
41817,39.028847375745876
41818,41.992415679028596
41856,0.2988251409953932
41857,0.9931523795874367
41858,1.501374600297323
41859,4.920836545136756
41860,6.880293972994714
41861,3.4064074957823753
41862,5.530014662032399
41863,6.63184248456834
41864,11.157184572608987
41865,12.143482056579042
41866,12.211696538935847
41867,15.17298239206786
41868,16.43027115555316
41869,18.35002705460358
41870,20.337733827607437
41871,23.05442889211633
41872,31.625173825628014
41901,17.260100705985874
41902,16.39005789036715
41903,19.664946813937043
41904,22.166782034898482
41905,21.889067018051858
41906,31.862020829367186
41907,33.40508520053444
41908,35.90479404079922
41909,36.565272751560926
41910,39.22413435125284
41911,40.65851113401224
41912,42.93160978621756
41929,39.52008580998727
41930,44.51986472856106
41931,45.83858439699922
41932,55.116851298445624
41933,29.275819671779768
41934,30.391357821308706
41935,31.768518061818348
41936,33.126425034183896
41937,34.58462884233683
41938,35.62996172316543
41939,36.88871529587704
41940,38.04499210750478
41941,40.024209614136744
41942,40.71666249912098
41943,40.46722304395668
41944,40.85152306174888
41972,23.671360871965376
41973,26.644843633206186
41974,26.042675020870814
41975,29.02613046075409
41976,31.300741710799254
41977,36.95424724657196
41978,39.37074990124254
42010,41.674939501855405
42011,46.80777864726212
42012,48.58767547799625
42013,52.66486490937643
42014,56.158786142908795
42015,58.702374393501835
42016,61.97652565282769
42017,62.92865585972014
42018,67.55014995819134
42019,10.847674063974573
42020,13.97011653922177
42021,13.618414879745478
42022,15.94165366342932
42023,40.133200189240014
42024,42.336666435803544
42025,47.45721628011686
42026,47.928869084462654
42027,50.52933599283862
42028,51.5975859106315
42029,54.800889447790155
42036,5.550544710178535
42037,9.815727438456031
42038,10.725006368094059
42039,14.08920397512014
42040,16.71349446167636
42121,20.801237317948054
42122,24.75052376808459
42123,25.28225794665391
42124,28.523115903182692
42125,29.89038662263509
42126,31.517628078498014
42127,36.280235651737584
42128,38.364430244272164
42129,41.4289535146174
42130,44.18067873197262
42131,44.53597230055494
42132,48.12411141695776
42133,15.548677860736849
42134,17.893923885641705
42135,24.8212717938802
42136,26.294218526934642
42137,28.90306958389627
42138,31.509091919791665
42139,35.23224640998942
42140,36.45508239778195
42141,38.115702538171575
42142,38.100396539522905
42143,39.203286539113385
42144,39.64679916234498
42181,6.2241233239079925
42182,8.515418939429436
42183,10.26197743695799
42184,11.552514539723486
42404,32.57015943659028
42405,37.42727370911227
42406,39.324340725116514
42407,40.33049449823168
42408,42.66415639342522
42409,43.645145046576076
42410,46.69673732992974
42411,49.01124662559699
42412,50.40676177321084
42413,50.730527500976
42438,17.133680120234004
42439,20.546536410075728
42440,21.884761332975224
42441,23.057690153692473
42442,28.24627564832579
42443,30.73016086389255
42444,30.244527820378554
42445,33.72421234200408
42446,38.747475620753114
42447,37.86234524267556
42448,40.69147578133007
42615,28.84318529468923
42616,27.050946466394677
42617,29.130267358143637
42618,36.1893724701186
42619,40.41594827968598
42620,37.028058398068495
42621,41.784291055613984
42622,43.86558433617452
42623,47.69193973385349
42624,50.12528351557846
42625,50.96189140866834
42626,54.14609576710722
42639,20.93592669820475
42640,22.594010687679123
42641,25.346240945057275
42642,29.36587949158057
42643,29.006461236210335
42711,10.046548559206732
42712,11.210041139679994
42713,14.201776036484162
42714,14.410237558657748
42715,16.665442120775364
42716,18.649276371663316
42717,19.396361919996558
42718,20.92821127042948
42719,24.116146424295795
42720,33.84546605513699
42721,36.69322759807822
42722,35.42782085002922
42749,28.703777839704426
42750,37.61207077059294
42751,37.93079025490931
42752,46.31095457092821
42778,26.899242225483583
42779,29.38731153053005
42780,29.445882817194416
42781,29.985441640367227
42782,30.572157323372675
42870,5.58937720080238
42871,7.180863222530772
42872,9.367332789437512
42873,14.630653550144288
42874,16.307077566243667
42875,18.931239424747847
42876,20.662103768671734
42877,28.62397868609375
42878,33.822187817467125
42879,33.46572323467616
42880,37.411963844979994
42881,38.94810261651733
42977,1.8119592562856162
42978,6.042461620790348
42979,10.754447675892498
42980,13.056390197575665
42981,16.72136252286887
42982,18.54722381187109
42983,28.49667017488574
42984,30.17124850577988
42985,33.082764360397846
42986,35.354669400197956
42987,33.410301059566855
42988,34.20311144192694
42994,48.74570656022122
42995,51.447738138700814
42996,53.21919927779231
42997,56.557612331634225
42998,57.98947874393274
42999,58.40497799693118
43000,61.68943703589117
43001,62.35295699694431
43002,62.57747099409221
43003,64.72813583595159
43004,64.45354164552731
43005,66.16960365265028
43018,17.5994714832732
43019,19.456204052967944
43020,27.56334147499555
43021,30.00554701592122
43038,19.934861001779595
43039,22.47376928054073
43040,25.118087525502737
43041,27.769583758081943
43042,30.529383376284095
43043,33.89986410998953
43044,36.694539110401855
43045,38.72312138312907
43046,41.614438559699025
43047,44.838834827476056
43048,46.14960322730164
43049,48.183307948919804
43050,32.10717350723798
43051,36.06789167218883
43052,33.55495278697154
43053,41.558397350167326
43058,19.684720720203767
43059,23.492849128340332
43060,24.19577406150017
43061,28.657640808467267
43062,31.060934641785256
43063,36.765539975523055
43064,38.59098701496913
43065,41.55593281946276
43066,43.37926093141331
43067,41.81785811277295
43068,46.07510104747606
43069,46.806871834787884
43120,16.751312415159685
43121,22.760855125967442
43122,20.54540375936946
43123,26.194195474174016
43124,27.964257422374274
43125,29.170334226400684
43126,34.729376121927906
43127,33.159028960256386
43128,37.92350662738504
43129,36.639367945818556
43130,41.48090638804018
43131,42.10482395471704
43132,15.27361863462481
43133,21.712852383424757
43134,27.929461857066766
43135,29.855027814311992
43145,34.05948209174111
43146,37.794191307310285
43147,41.4002758502686
43148,46.80615922378114
43149,48.01763163672311
43150,49.21902369253044
43173,22.78232811921496
43174,25.586580992760176
43175,29.880743529314152
43176,33.06954462803373
43203,35.92683528423088
43204,46.464208508959395
43205,48.91665512613358
43206,46.64454438269142
43223,19.589608604049513
43224,22.55446065229017
43225,27.470415124682376
43226,27.550260880670358
43227,30.25029968191904
43228,31.797230562104474
43229,35.12749528198714
43230,38.098879655715166
43231,38.822423404753756
43232,41.81664105122356
43233,43.24364950183191
43234,45.69516725394082
43279,24.074650013261422
43280,26.2841684925606
43281,27.421796584025564
43282,29.900592408987837
43283,33.687478165889594
43335,22.274275582234402
43336,27.36630183556416
43337,27.813806082692302
43338,30.025675256654697
43339,36.24125070257798
43340,37.9746447253586
43341,42.453812742171706
43342,44.61690821812258
43343,48.77784881570621
43344,51.43693385834837
43397,35.005207545138475
43398,30.40899120990147
43399,33.41540653937184
43400,35.234983038777386
43401,38.21364666696373
43402,39.654254778568266
43403,43.80053839042369
43404,45.933287204759125
43405,46.03521641560364
43406,47.93094314781295
43419,33.677368919122685
43420,37.883241884976144
43421,39.60271043200907
43422,41.894608709986805
43423,42.43861488336357
43424,44.08069026187579
43425,47.02471814394065
43426,49.32291420048093
43427,49.09465686734209
43428,52.91914606916329
43429,52.2078292860396
43430,56.56807461041809
43457,16.703932197444022
43458,20.267368639920324
43459,22.01571714876456
43460,27.23712824499682
43461,27.288922067758087
43462,29.974866379374006
43463,32.05465325679932
43464,33.32282756202369
43465,33.75836861344678
43466,36.96690725612807
43467,38.74427574199017
43468,40.684262455946254
43506,54.89566030415278
43507,49.84472599865656
43508,55.51173324508502
43509,58.10047068904543
43510,57.79182227498239
43511,61.132670307937914
43512,60.80596717553736
43513,62.453257156896115
43514,63.58887827742243
43515,63.970678105489014
43516,66.60774670644885
43521,2.03196420042025
43522,4.669707622692431
43523,7.073700436463864
43524,7.0673190794474365
43532,21.700958471825157
43533,21.703766876096136
43534,25.813135519677402
43535,27.26384651983127
43536,28.710428269192434
43537,28.957798703933474
43538,30.243039756959504
43539,31.992216590167132
43540,33.064162190696315
43541,33.69509540843958
43542,36.2694065138516
43543,38.254502129983884
43616,30.034023898598434
43617,29.16806586460923
43618,29.597489212696914
43619,31.071343004176114
43620,33.09818819430695
43621,36.09189528889657
43622,37.73548233231734
43623,37.4856729318913
43624,39.43863227439175
43625,42.05133058851719
43626,44.452782605280255
43627,47.06398284990313
43776,15.298957415947145
43777,16.82732324578732
43778,20.486314362724368
43779,25.925944503410758
43857,28.517943788109765
43858,30.94701793858671
43859,31.82432716427356
43860,33.854134234210555
43879,1.4526535485091259
43880,2.58050179530904
43881,3.4957131455245
43882,6.094348655160983
43883,7.501122136051987
43884,10.843636564210192
43885,11.445168191753206
43886,13.994540581258473
43958,44.64250146729809
43959,43.65809911552961
43960,46.15213566032319
43961,47.79573952404123
43962,50.06851273737266
43963,50.69022351049375
43964,54.315031337194974
43965,55.694149038723985
43966,57.79700604513483
43967,61.100318311038926
43968,62.66259737525427
43969,64.48424474454552
43970,16.41323538733758
43971,22.18320960955189
43972,21.06164295992407
43973,25.72390257442883
43974,33.03510410092824
43987,25.12287797871986
43988,35.5564120916197
43989,34.843818823451166
43990,47.13824846432735
43991,38.55892892579655
43992,38.24288148788968
43993,41.4466903954411
43994,46.43935008140922
43995,48.655720085472716
43996,49.57538694528389
43997,51.28458877116459
43998,55.32316354764497
43999,56.60053879411549
44000,57.1071622175988
44001,59.4370529793695
44002,60.33093419982706
44074,29.527830106596024
44075,32.40370468140295
44076,31.682771638269895
44077,36.61108616447273
44078,37.0060279913993
44079,38.075902488767376
44080,41.97289180947884
44081,42.40176980559223
44082,44.02685285928605
44083,47.046367436503886
44096,41.90036659280615
44097,46.80628046538525
44098,43.641802907836755
44099,53.289534728479715
44125,20.779853948402977
44126,21.064435150175772
44127,26.62074172406979
44128,31.016600750321572
44129,36.047393229434064
44130,40.90966719303371
44131,43.1039797683309
44132,44.801983242048394
44133,47.81882224187554
44134,48.66452704703575
44135,55.03683083451206
44136,55.718994071098706
44188,14.12427615433868
44189,15.787945052881058
44190,17.83286094755672
44191,19.071040705359717
44192,19.73892940696216
44193,20.868960842734012
44194,27.080435706358134
44195,24.175342785149493
44196,33.15066854553511
44197,39.44964468248004
44198,39.588474190978914
44199,44.243740641332124
44200,6.3251535561314105
44201,9.687659574238106
44202,15.18080858870869
44203,15.162764894558686
44262,12.404747990335988
44263,14.765366148477051
44264,17.692061919672994
44265,19.5910643264309
44266,21.154893235811
44267,24.70450540187024
44268,22.87583670757052
44269,27.221015503033378
44270,27.73668038609224
44271,28.034482420699035
44272,28.930410132319572
44273,31.118292773854286
44274,6.770242664804609
44275,12.99276782205531
44276,14.895352457478438
44277,17.49596505462722
44278,19.10098049286118
44279,21.391020830255624
44280,33.35267878058236
44281,32.14565037319148
44282,35.779266884760084
44283,37.00167477243198
44284,37.61995614523214
44285,42.62932767827638
44286,44.94686419985103
44287,49.73211618406205
44288,52.53420726442701
44289,54.58288174743661
44306,38.761848722085126
44307,46.6251132058903
44308,47.43728459289696
44309,51.2078379530816
44310,52.044285584905175
44311,55.72986147192537
44312,58.357322253681986
44313,56.648081318946545
44314,61.05974137648827
44315,62.48829780460923
44316,-0.1448509987806004
44317,0.62414689883856
44318,1.1900924065971563
44319,3.38685872548764
44332,22.088255717153395
44333,28.695628496753034
44334,26.1508325838038
44335,30.45391497089831
44336,34.17202398523982
44337,37.685815035985854
44338,41.62921563831772
44339,45.276012847192355
44340,46.85816410287666
44424,46.115413008479685
44425,47.82311380318476
44426,53.161517996377256
44427,57.74374867269508
44428,61.849037164276716
44429,60.295693732201364
44443,36.99513474105186
44444,41.497678150895815
44445,43.55041856278388
44446,50.44851111951738
44458,4.025594351951388
44459,8.11248995511288
44460,11.067286834341385
44461,11.112081724780726
44474,52.282255919569685
44475,48.67225183874271
44476,51.152679688483985
44477,53.623852485246225
44478,54.98716778190462
44479,55.70617997282867
44504,45.34672513363397
44505,49.261250712915164
44506,54.740133677062204
44507,54.13073971089391
44508,58.19577618516039
44509,61.135228384246126
44510,62.462679820834936
44511,64.19882112320626
44516,33.42114409394664
44517,36.22933403555066
44518,43.383455367089276
44519,46.81626971990861
44582,11.642172245310798
44583,13.333577382224204
44584,16.840859662196692
44585,19.98922057005753
44586,20.54751151927934
44640,44.573583542952115
44641,46.838686562593324
44642,50.4253498472806
44643,50.92710867562876
44644,51.82042098637735
44645,54.282525909388106
44646,59.1315624485064
44647,60.17816393047371
44648,61.29867185771103
44649,63.79707600214134
44650,65.08143744124013
44651,66.51432053598526
44669,30.963196179097842
44670,36.61370988357838
44671,37.437030223884925
44672,40.36333087916071
44692,42.5843658088623
44693,48.19449054698529
44694,50.12192223689584
44695,52.13801145608738
44696,54.24976332573133
44697,55.608452275642506
44698,58.29135588726296
44699,58.284885318389215
44700,58.53884142084488
44728,16.479417595998076
44729,20.072801508953802
44730,28.330316631833664
44731,29.16003914936663
44732,31.296584020724485
44733,33.07024319247654
44734,35.25504608268904
44837,21.22003304261435
44838,24.199980296322174
44839,31.530825023596453
44840,34.8550769286676
44841,30.34983735166449
44842,31.19651887296817
44843,33.58636753176888
44844,35.885667442067046
44845,39.02458147825705
44846,43.17203834869805
44847,46.59113875471034
44848,47.44538365111061
44849,49.32369031260874
44850,52.09153157669965
44851,54.89803275355424
44852,55.22769732852868
44853,28.989890905513917
44854,30.909148556204894
44855,33.90399884057709
44856,35.75309512734549
44857,37.34955404552492
44858,38.59385543555462
44859,39.29955906372154
44860,43.388751217771066
44861,42.77192290371612
44862,47.0673515549927
44863,52.204130805303045
44864,51.106842443705744
44885,27.05730330376914
44886,26.687930597373082
44887,27.69881286120245
44888,29.04277718933505
44897,49.84401873642106
44898,53.65065180113001
44899,55.679145869441044
44900,57.53041377203267
44901,62.52393866396729
44902,64.22351741984332
45041,21.022174715838908
45042,23.007851267327
45043,26.33503400715035
45044,27.55016849345366
45045,31.62327201960228
45046,32.629104574797616
45047,34.75876900873353
45048,35.57182428082057
45049,38.81257988841979
45070,13.159856872981887
45071,15.724589875192471
45072,16.133739682932358
45073,14.828192750428816
45074,17.14395052689099
45075,27.02262325206093
45076,31.59298569259649
45077,36.48552372303903
45078,37.29052473325464
45079,43.52430433841713
45080,44.408776169101955
45081,48.039723271911974
45082,50.372111009258774
45083,51.668761390691934
45084,55.14461323894444
45085,57.543375942935995
45086,62.08617289338234
45087,62.5572508552538
45093,49.96599315205254
45094,48.71097896609989
45095,55.198332300094656
45096,55.715273490691125
45097,57.55020923587561
45098,60.19149270658743
45099,62.75794906256522
45100,63.23859752979766
45101,65.03124500053136
45102,64.97981958576928
45103,67.87671827241569
45104,68.85506149604586
45105,31.880578673449147
45106,34.94568654465976
45107,46.55919098329664
45108,48.790629949136914
45140,16.62741866255152
45141,22.567393313587203
45142,23.308336662445956
45143,24.77535276332222
45144,25.914389932980782
45145,26.444183847216426
45146,28.498629846694353
45147,30.820490119284553
45148,32.80134285562568
45149,33.53992372293015
45150,34.73815226577847
45151,35.882898799574384
45176,20.967979036872425
45177,28.117409191828514
45178,28.751066499877435
45179,33.35933612512016
45180,36.43724731981329
45181,35.401713558355006
45182,37.6605447729284
45183,40.24803220421512
45184,45.88014468642223
45185,46.92830425145522
45186,50.002416365084635
45187,49.40274987047425
45253,18.20083030893625
45254,20.304554781328893
45255,27.364563215675094
45256,27.7366951407731
45283,40.37065018274793
45284,43.66753963043818
45285,46.91352567397134
45286,51.31246031889081
45287,51.56373975998286
45288,54.18640754067396
45289,56.26534713924229
45290,56.387727559870804
45291,57.44538817994927
45292,59.56377666937694
45293,59.15221083595209
45294,60.03975230605541
45354,6.960291043801334
45355,11.759480942109676
45356,12.623028292382335
45357,13.910924380412474
45399,15.273129886413395
45400,23.517529627642748
45401,23.96636178873043
45402,26.888399369776426
45432,16.460219722679508
45433,23.487210732346274
45434,25.13880838303775
45435,27.041569516341387
45476,29.505482679893515
45477,32.58220592563649
45478,34.58831738455192
45479,41.72273135106855
45480,0.40098302963363547
45481,1.1480027498648313
45482,2.0413699663833986
45483,5.067231728664671
45484,8.959042805966149
45500,20.356577256657093
45501,25.71565341362838
45502,27.25212345109894
45503,29.323015083249633
45504,25.909126618437405
45505,26.654222198391192
45506,28.576394744008695
45507,30.638290275788275
45508,34.13017187016563
45509,38.087370027977485
45510,39.07231834091891
45511,41.76096853198304
45512,45.10324344309447
45513,46.65657341660026
45514,49.195953369897055
45515,49.447096554220636
45556,22.160893296722946
45557,31.9532536716873
45558,31.418752413801354
45559,33.80080803979527
45560,27.170330873190423
45561,32.83946553074304
45562,34.07092191496204
45563,36.7660360180074
45564,32.9610849583629
45565,30.933031290029582
45566,33.99082963391593
45567,37.98571612724456
45568,42.50274749733492
45592,20.994509839271828
45593,27.42178908824317
45594,25.854230976324565
45595,27.279186881554622
45662,29.543917914275035
45663,36.0870271126389
45664,33.71306076656435
45665,36.29493687419785
45666,40.024749689443674
45667,46.176726487018314
45668,45.429739472162055
45669,46.21861198843658
45670,50.412880541027285
45671,52.17739984919417
45672,52.50158805240643
45673,55.071640259347056
45690,20.16430951858187
45691,21.899604603278117
45692,29.25183621042617
45693,40.11305635464453
45694,37.57854881353315
45695,45.61799449642609
45696,41.61163695337485
45697,46.136641704947934
45698,17.651733723997424
45699,20.922938276830916
45700,22.899035528511813
45701,27.7905865343206
45702,29.118195485817154
45703,31.414079293314806
45704,35.66227734458368
45705,41.41005211252774
45706,43.66455810136132
45707,44.678031043054254
45736,13.750325043372982
45737,18.300231147422526
45738,18.616933555692203
45739,20.258542114860234
45740,21.416401757110986
45741,28.18224623658733
45742,27.665903078440056
45743,29.08747189198964
45744,30.399643837981042
45745,32.90641809351005
45746,34.209733829459594
45747,35.58059711585593
45820,0.4666910434535178
45821,3.1882869251692556
45822,5.841724758747393
45823,7.3006361460513105
45824,11.378735603247025
45825,12.750269157360306
45826,16.475074917327518
45827,18.221038909420773
45828,18.945881355643834
45829,27.598667469241082
45830,27.655688379131544
45831,31.017829981327388
45832,41.88308119021264
45833,47.58054240374334
45834,51.992886705818734
45835,53.56897194463865
45836,54.79286904016765
45837,57.64823455421942
45838,57.528767255981386
45839,59.671919081764074
45840,62.71962289028493
45841,63.4336062965921
45842,64.12289635753305
45843,67.19593217116751
45873,43.474016031470654
45874,51.52151534376673
45875,54.446468211892125
45876,57.979558821030146
45877,56.16271240088555
45878,60.98468620371579
45879,63.40254137250799
45880,65.5711455761042
45881,66.37506646251994
45882,67.53180029324038
45883,68.82659545387162
45884,69.08645845488901
45920,45.57565699703308
45921,46.06616004977823
45922,48.83336848155509
45923,55.59269457583387
45924,55.010269873252504
45925,56.75269325351015
45926,58.17897624971519
45927,61.65612584258899
45928,62.9024855055899
45929,63.884325652423556
45930,66.14827538903393
45931,68.50150720584884
45944,31.239901680538047
45945,40.5171148317969
45946,41.537468996867005
45947,39.84396982784399
45948,42.02337026233772
45978,35.24209847679464
45979,43.06811504267954
45980,45.35155583507733
45981,49.327416086787906
45982,50.86591781776777
45983,52.76275494061935
45984,55.1007387951565
45985,57.926467760645814
45986,58.54658059604168
45987,59.917991864219566
45988,62.418722533278924
45989,65.7247144446657
46068,28.22872367082248
46069,32.372457539372235
46070,36.43521333770852
46071,39.34112532460048
46072,42.052652741446714
46073,45.18784307081097
46074,46.28258192271789
46075,47.15700053781876
46088,37.6778786047271
46089,38.92770574043519
46090,42.9086779611509
46091,42.420670102004536
46092,45.1348169982572
46093,46.70715630714461
46094,47.89091128853213
46150,32.951852760044055
46151,30.63240325905371
46152,32.99019964805684
46153,37.83206779299235
46154,39.11271236076311
46155,38.47239554680415
46156,48.19639298055285
46157,48.199364918511705
46158,49.450483341961096
46181,34.35497415568592
46182,46.21643828978801
46183,45.94345978269911
46184,48.67266868580875
46216,48.03428483255287
46217,39.334351649762596
46218,44.37158192274981
46219,46.573812983876174
46220,50.37170728380075
46249,44.66403386807632
46250,40.94720035099263
46251,44.67715329568263
46252,45.43831290424453
46253,52.254182346732755
46254,54.36647880970884
46255,53.72281681729655
46256,57.79154156927417
46257,57.30389456627485
46258,60.2844394640546
46259,62.533239489789544
46260,61.404546582628754
46272,7.496210541344184
46273,10.997442893940013
46274,13.435949249954412
46275,16.23881546318054
46276,23.000615404259943
46277,25.074074046298062
46278,25.244904712668617
46279,27.297550293881766
46280,29.732064524337726
46281,29.3747400819804
46282,30.11801830532703
46283,30.33639577180146
46288,14.212346647099032
46289,16.488873822622526
46290,25.188621912620942
46291,26.506905426046814
46312,6.685884099192896
46313,11.948924147778444
46314,14.513618715342625
46315,21.130100988728202
46316,50.30228458481615
46317,49.57028929007887
46318,52.70406751063181
46319,54.550289042382374
46320,57.87214689935272
46321,58.101331411786525
46322,62.13890765821637
46323,62.45076335821734
46324,62.03925251604273
46325,65.2142787036514
46326,65.10194900432671
46327,67.91652429069258
46340,35.02377211198615
46341,40.77035469977398
46342,44.39151637675158
46343,45.71957811749165
46425,13.649609854730961
46426,16.895224734180818
46427,18.391104338876072
46428,29.845917768061884
46429,39.699180033013384
46437,32.034082176777886
46438,34.870080184066005
46439,39.086943890164825
46440,41.046750907961034
46470,16.349891045758948
46471,18.352715197894454
46472,22.49784490821341
46473,24.24683252061514
46474,22.79740579228031
46475,26.600085665330372
46476,31.026566742096115
46477,35.54960846200632
46478,33.034892987144524
46479,36.705516072064924
46480,40.12294686525018
46481,44.47296075894484
46530,32.513276509663264
46531,34.088385357848736
46532,39.097298544919774
46533,39.6230700365927
46602,38.96629419965636
46603,39.66751462719637
46604,42.22339747533521
46605,43.22369338770713
46635,25.609259368712777
46636,26.406095953165035
46637,29.50932859778235
46638,31.612252265510428
46672,20.998741712478164
46673,27.400059099975085
46674,28.544988607504234
46675,33.21477825758945
46676,40.00113613619443
46677,46.28538658296773
46678,52.53768793857242
46679,55.301676567214855
46680,16.77105722167648
46681,19.96948721387904
46682,27.426848149787823
46683,32.52633675097503
46684,30.83765236778587
46685,35.95835171326987
46686,37.4861027503516
46687,42.03836039660284
46688,42.675692632575526
46736,49.842480971677325
46737,45.67889461819137
46738,48.26717868164852
46739,54.418981143113356
46780,20.564890932756597
46781,22.23489758515913
46782,23.19402825837756
46783,24.87552882499892
46784,27.63005257675321
46811,39.88999996672742
46812,49.286842554310475
46813,51.93577136397913
46814,56.25242562142685
46815,57.46613527436617
46816,59.217209055374056
46817,61.331136343007685
46818,63.59327084688312
46819,65.48452573749213
46820,67.42374946496196
46821,68.49701054305224
46822,68.09346063519844
46839,17.452755195420863
46840,19.46716980473105
46841,23.94644102464074
46842,22.06920065782788
46843,25.745863066854014
46844,27.45809575380468
46845,30.61398008766592
46846,36.00399720680566
46847,35.13234796904657
46848,42.055643727698445
46849,44.64883141550408
46850,49.22714858514935
46977,4.169711603055978
46978,4.27517170706612
46979,4.863368548622018
46980,7.266680724359235
46981,10.023991504696149
47007,15.336643424346859
47008,19.188292147925722
47009,20.487381888113983
47010,23.530244006462308
47011,29.63799202467428
47012,10.975580722947656
47013,13.811920059762246
47014,16.522587628562402
47015,25.08095539735537
47038,19.476242669316502
47039,27.786557851077056
47040,29.066305550359434
47041,31.603804987434312
47042,34.49065679343365
47043,36.39559631305816
47044,39.17347400161823
47045,41.75080443811626
47046,43.52347503706173
47047,46.53851674943158
47048,48.21753809571097
47049,53.440455353358495
47141,40.73869602872104
47142,48.03592733700829
47143,50.69322608584088
47144,52.33822973562374
47145,55.15063212528586
47146,57.57549691020734
47147,58.14123235866247
47148,61.2295170735729
47149,62.82701547610479
47150,65.34701779410015
47151,66.91889042981103
47152,66.67527647916846
47211,-0.5752682095172683
47212,0.4733708016769095
47213,1.7062259279910839
47214,4.069881558367274
47215,6.961210562031567
47216,7.943967269111967
47217,10.103222383353652
47218,11.903165763217103
47219,16.059484442468133
47220,15.335939308094025
47221,17.711002993637198
47222,19.366021987524906
47223,56.21306723170282
47224,58.78130625413374
47225,58.09864097089004
47226,60.03064158549701
47227,19.665348171470278
47228,25.947158115605077
47229,31.273536345332783
47230,36.493430807333965
47231,41.23733438729231
47276,0.8004972277640368
47277,2.8173050934092805
47278,6.8140298585816295
47279,15.339646078517463
47280,-1.0635327545919502
47281,0.10497667579548274
47282,0.5829272604355007
47283,1.4932960806941937
47284,3.867224596332317
47285,7.204451274911838
47286,10.060656371449056
47287,15.03350275105532
47288,15.641639823969431
47289,17.744464204104187
47290,22.620428044611355
47291,27.19088802497619
47292,28.698505034115172
47293,27.693073373675972
47294,34.48951653997224
47295,40.33667881357084
47296,10.661447034265533
47297,13.061239028037415
47298,11.993560642145988
47299,21.16477888034718
47300,24.570524525112315
47301,23.458123410532558
47326,61.2303905970167
47327,55.87336218522931
47328,62.67726739944338
47329,58.39220488439661
47330,60.815391156006605
47331,64.27559764628951
47332,63.87243976319415
47333,63.92487767001785
47334,62.01726964518481
47335,67.12435138893751
47336,67.44210974707971
47337,69.94206142302153
47377,15.196969979160311
47378,16.660079410293466
47379,19.3849926045387
47380,20.599896946743414
47381,21.023224690021284
47382,21.92860942686709
47383,27.914544914678903
47384,31.133453610532275
47385,29.489805441671432
47386,31.536603258184346
47387,36.01390051607063
47388,34.63554916501967
47438,39.54824777061838
47439,40.03983177653473
47440,40.46506297806157
47441,41.912984243569525
47442,29.559992483228566
47443,29.363616949012965
47444,32.7093462015149
47445,36.57776814631521
47446,38.92792500940795
47452,51.30872092801697
47453,58.37748816783574
47454,55.74175226607581
47455,60.37131378214623
47456,59.246999099084846
47457,60.60693635976239
47458,62.43545117742324
47459,13.952800086835238
47460,16.90221130374134
47461,19.08997428969591
47462,21.467432441474187
47463,29.67129565782651
47464,35.26614690403764
47465,35.01787623307309
47466,36.78314766293147
47467,40.50788022535478
47468,41.77642613075001
47469,42.98206375564889
47470,44.642149154273696
47490,14.594630051055194
47491,19.43264200333015
47492,27.016444196453715
47493,30.54853506332252
47494,37.37066753968204
47511,39.226016088135644
47512,44.02569488839141
47513,49.83728409797666
47514,51.62833430529995
47530,24.90923811258915
47531,32.00585720225745
47532,30.915269423337367
47533,36.21251629117538
47534,38.38156262407131
47535,40.85244054665348
47536,43.729502266948785
47537,44.87029603302193
47538,49.30051861535659
47539,51.87229272016123
47540,53.28055138330806
47541,54.039632838306986
47551,8.684252276590133
47552,9.346523779817657
47553,8.4829128368424
47554,10.84860371745504
47555,12.967315318469407
47556,15.634292610419532
47586,49.621733175995075
47587,51.944450321719195
47588,57.22125485083053
47589,60.526584490827545
47590,62.06111091941737
47591,62.40183181870247
47592,62.14342488170294
47593,66.36200728851863
47594,66.88137882073622
47595,68.29948690125295
47596,69.73808673410201
47597,69.5329431558859
47598,27.99106727617095
47599,29.705431693837188
47600,32.20205443915512
47601,33.56041037421984
47628,10.815040433570896
47629,10.19940008038816
47630,14.128168911296155
47631,18.008023651654337
47638,18.931407564587435
47639,16.85698469030502
47640,17.62938905406185
47641,18.03802639574667
47642,20.250027342267757
47643,19.00048033192704
47644,26.67675208677244
47645,27.41319321149232
47646,26.330635359486664
47647,28.406202522876338
47648,29.792886858344417
47649,33.108107112852316
47697,9.58141383653949
47698,15.5796327800354
47699,14.367105623745823
47700,16.31314333700247
47701,19.612523423321477
47702,22.508557771510045
47703,27.357766848130193
47704,28.257474981450365
47719,13.182033869952356
47720,15.39725516540393
47721,16.554443661761542
47722,18.787900694753134
47723,20.5617114277366
47724,24.83106508286714
47725,26.880147285157857
47726,28.031868466086827
47727,12.385328843487954
47728,14.289035792219632
47729,17.017404969455722
47730,19.049374252009525
47731,22.59623503035624
47732,21.241270877953735
47733,25.89749988163929
47734,26.544189928529946
47735,28.064305382750643
47736,30.70059557255032
47737,32.51113360044614
47738,41.617938342319086
47739,49.92600001642963
47740,50.44235610687481
47741,55.03798051993185
47742,57.57519973528343
47743,59.17817008797753
47744,59.49413445421321
47745,62.609170623343914
47746,61.84917181848808
47747,63.63473832672314
47748,64.77486427172087
47749,65.67989769568962
47800,35.57556486243404
47801,33.51614655019568
47802,36.928119441864474
47803,37.96875683856647
47804,39.01747712254084
47879,29.59664735091185
47880,34.2031171238067
47881,37.559445251882096
47882,37.64483094558292
47895,9.775640352925194
47896,13.192820714108128
47897,12.377486292537471
47898,17.8133073857603
47899,17.77353520522541
47900,19.479077018561227
47901,25.420413256232454
47902,26.188301082877494
47903,28.52884865532388
47904,28.91328284765031
47905,31.53387214236035
47906,32.42358245038895
48043,14.255831953065627
48044,21.548179395539112
48045,22.52646968144033
48046,24.866747788319326
48047,31.726596164715943
48048,30.886506826617193
48049,33.60030612487009
48050,39.023599132499186
48051,39.60470457643545
48052,39.37437058405881
48053,42.8295956210108
48054,42.9699008215368
48055,51.65741268504698
48056,44.91029474831649
48057,51.02942178667245
48058,51.40763206894768
48059,56.52050235268929
48060,34.51013293239765
48061,32.793000945518585
48062,32.52531783112109
48063,36.09429366240092
48064,35.92111763478575
48065,38.39777781080286
48066,40.27475273461881
48067,44.46989183226449
48068,46.873607039830254
48069,44.81457398043764
48070,20.39756537781168
48071,22.243920336562642
48072,22.85786115717347
48073,27.84827616599111
48074,29.353086147657613
48075,32.983501453914876
48076,33.47628600786468
48077,35.722144628178135
48078,40.16095272592203
48079,44.63254019234169
48085,41.19128557057222
48086,47.41453850379487
48087,48.078022189347905
48088,51.758406435054404
48089,56.552020774358134
48090,55.94775641527574
48091,26.01411401639754
48092,34.110550475782254
48093,38.52936186931854
48094,37.4617023978926
48095,41.549502948498315
48096,46.15669311141359
48097,45.84149774929007
48098,48.14796620318377
48099,49.5737067254788
48100,51.828409104958475
48101,51.768622675313374
48102,56.2948544583925
48128,3.072712070351253
48129,4.989871969490239
48130,8.604611818802091
48131,13.618090246665583
48132,17.149610198665176
48133,17.08796101128186
48134,19.700085895809234
48135,28.238908196971604
48136,27.543697718046808
48137,26.912008526939367
48138,29.97014712417455
48139,30.5636189976701
48212,26.473089182577382
48213,31.168663924125394
48214,34.234157937519434
48215,36.001565679585624
48216,40.28588363965427
48217,42.53970039899993
48218,45.85626909277865
48219,46.62691436739954
48220,49.98195495589836
48221,52.86255735389493
48222,55.33726806597523
48228,6.40454748893716
48229,9.42534578327052
48230,12.367833555641484
48231,13.89435398933541
48244,36.416778692935914
48245,36.55716035974962
48246,41.25988492560178
48247,42.31757098135682
48248,41.77660292673588
48249,41.82635141537356
48250,49.976472576924614
48251,52.42873502432229
48252,54.08304351552916
48253,55.26755327070508
48254,59.056231561059896
48255,62.046745654385596
48256,62.08726346226673
48257,64.41165636175239
48258,64.38465915903235
48259,67.24550255642258
48272,18.183818005397118
48273,20.96423010499327
48274,26.366928176450013
48275,26.616780865681903
48276,28.21558277894966
48277,29.39186075482228
48278,30.820278748256506
48394,54.40660934549622
48395,53.15672957621189
48396,54.18518265703106
48397,56.62342484431814
48398,60.155412558425475
48399,62.260351423427366
48400,63.974720618989814
48401,65.43889517701778
48402,66.77397469109076
48403,68.50014762470154
48404,68.94334590160126
48405,70.72459560936106
48406,46.42052365948823
48407,44.93428162062528
48408,45.788507580273674
48409,49.82226167782366
48410,50.358505428333864
48411,54.82291168646269
48412,54.95609453902716
48413,56.51039802327436
48414,58.15532874521457
48415,60.08424785793189
48416,57.651952319729844
48417,51.29413312651027
48418,54.87414789127588
48419,56.411864162787154
48420,57.42847714891683
48421,59.27013610240944
48422,61.21242695391824
48423,61.672232142367406
48424,62.031904727115986
48425,63.4545519211022
48426,65.23050547233436
48427,66.80004207389882
48428,9.55615676799178
48429,12.828329189858975
48430,14.39012456424156
48431,18.708636276545313
48432,17.617465788226763
48433,29.803523374367458
48434,27.021690524513613
48435,29.87929572474882
48436,30.084321293989188
48437,31.40442609535697
48438,35.07526551118399
48439,33.18575326534586
48475,4.004964099802466
48476,6.339548689158492
48477,7.670075653447377
48478,13.163499238164873
48479,16.342813629713472
48480,16.453422948329525
48481,18.83614232041153
48482,23.81204293005935
48483,24.9407586536099
48484,26.713594942731998
48512,15.788291058924724
48513,16.260377552208304
48514,17.829582620464365
48515,20.00100430399557
48516,19.17467815461901
48517,21.199965918604146
48518,28.119486707502716
48519,29.581337869142406
48520,34.00634700859064
48521,37.880015609927696
48522,41.42417946680777
48523,47.20910328389816
48528,19.58407936786577
48529,21.132466486399874
48530,25.062052609168898
48531,27.126720968137477
48532,30.448648399381128
48533,33.628805773335145
48534,36.012040405650446
48535,40.40010138078525
48536,42.206686956228005
48537,45.58205533914821
48538,47.6893945727416
48539,52.95365274400094
48610,23.78077550927135
48611,28.170336599394656
48612,32.195211203195576
48613,33.254649345199475
48614,35.93884837519634
48615,39.21235726981849
48653,14.921420888274348
48654,17.605534630641152
48655,18.177398061199945
48656,22.65998126548809
48662,17.76949540824061
48663,19.392496145292665
48664,21.131924011996585
48665,22.4493205049459
48666,32.02077309256004
48667,34.415446992260975
48668,43.56176711484255
48669,45.3822066814485
48704,22.86283218352766
48705,31.070405823465425
48706,30.939111945900407
48707,32.72428835124287
48736,17.159086442606423
48737,17.968181919620758
48738,19.979263403390156
48739,25.623615774112537
48740,23.493497732145237
48741,26.654595164990223
48742,30.610361012014213
48743,34.24946669229825
48744,35.52168042792241
48745,36.986426896772315
48746,29.924567079859607
48747,30.586186192208118
48748,33.843375128124784
48749,35.385743167453256
48750,37.850888214957436
48751,41.5723149927553
48752,45.57160372686409
48753,46.68969465215096
48754,48.82467581581593
48755,51.23481032336053
48756,55.362495089272386
48768,50.312917284261516
48769,50.23393376238672
48770,53.45934909305745
48771,56.14246003339633
48772,57.12179897969742
48773,59.25221880095163
48774,59.590317619772414
48775,61.138299964475905
48776,61.02282766840986
48777,61.56565652745202
48778,62.37827868308554
48779,63.154129409013564
48828,28.11346881408866
48829,26.81618649819957
48830,30.925165088613245
48831,30.203310254406762
48832,14.351877170481492
48833,22.997807227619806
48834,24.143832170958056
48835,24.647940501967767
48836,33.56393344462619
48861,27.17565888859792
48862,28.066246425246828
48863,28.73354089666005
48864,31.123717251978913
48865,33.77605720500302
48871,34.50033980002496
48872,39.51231790480511
48873,43.21322625354024
48874,45.13713654377553
48875,51.266340442491106
48897,13.776135597141932
48898,14.474872533040807
48899,16.712982495642255
48900,18.411769846672694
48901,20.920154363044986
48902,20.047132628826695
48903,28.031420457008917
48904,30.455104697467124
48905,33.07070106480783
48906,34.878554776478914
48907,37.28471918028034
48908,39.77452064048759
48918,13.030658765061618
48919,14.226924437692732
48920,17.283437256778605
48921,23.731352852564793
49051,26.923929695347006
49052,29.713163294501392
49053,32.72641446335702
49054,43.10753652094295
49055,36.78678908925723
49056,43.707139507014624
49057,43.4766620771246
49058,46.34745679107457
49059,50.229198205928256
49060,51.60771546325723
49061,54.03814320419569
49062,57.16387083435073
49063,59.3612842986552
49064,60.202557246525345
49065,62.91491730153508
49072,9.872083811925783
49073,10.044571876059
49074,14.7884938040414
49075,17.224444871928238
49102,29.589838822675564
49103,35.83459491931508
49104,44.45342615921315
49105,41.96282277309577
49106,47.31524689401811
49107,51.13551108317305
49108,55.382760496787974
49109,55.095806758503066
49110,55.11263031438512
49111,58.902036362832575
49112,59.308866280949566
49113,63.25695158348194
49126,22.866584511893418
49127,25.11178679908819
49128,29.699108506760453
49129,29.866387614051636
49130,35.249494138011386
49131,37.990079382819786
49132,39.212595603800565
49133,42.0323386920893
49134,43.966439965453674
49135,48.05916222697599
49136,49.45767237634694
49190,32.74596591437387
49191,32.47312039001353
49192,36.613264568960076
49193,45.65755307270118
49194,48.644262457736225
49195,51.94083379656759
49196,51.21562993381307
49197,53.11529378933677
49198,58.55226649855119
49199,59.46193095844799
49200,61.44904494484262
49201,64.03527244691637
49212,33.5134944223143
49213,35.85036212030705
49214,39.96934793468718
49215,41.96383620249122
49216,44.95684620872929
49217,48.72172012053858
49218,49.699719535982695
49219,52.36508076895968
49220,55.06833127993952
49221,57.13556434832338
49230,21.55434121198686
49231,23.159458457398525
49232,28.929957227690537
49233,30.488103761263538
49234,33.29791143133573
49270,55.86026269946733
49271,56.65436500400458
49272,57.88389488441442
49273,61.597915057322375
49291,20.48981638071762
49292,25.189922087021742
49293,36.05345628213051
49294,39.149772721831994
49342,20.1255933531603
49343,26.155774619270215
49344,26.769785370356114
49345,28.671109553542497
49346,28.609444778487912
49398,9.713877598908493
49399,13.286682357246583
49400,16.83500326961754
49401,19.317832031846336
49402,20.767737363743407
49403,22.672522330059515
49404,25.920462995913077
49405,26.916680725385483
49406,30.21539941667235
49407,31.36666122373684
49408,32.12732200366013
49417,20.931595378397947
49418,26.141962353243255
49419,27.054762198458235
49420,28.976550076138818
49421,31.96857815897516
49422,36.629613600224666
49423,36.88511000441923
49424,39.52091877633338
49425,43.0299566804312
49426,45.650152476233536
49427,47.59413249176248
49428,50.21006463450374
49429,67.32176871373309
49430,69.23541881943137
49431,70.90103203553971
49432,72.05098666813623
49433,14.151630239747512
49434,17.782076710092053
49435,24.700040657277086
49436,28.387313577207543
49457,23.095126237992627
49458,27.305503880361503
49459,31.127370426020224
49460,33.768233075791166
49485,43.5213128213404
49486,41.1947878499296
49487,43.14875030875782
49488,47.32700970234204
49489,50.54431001531394
49490,51.41787002586356
49491,53.12153842711293
49492,55.85473150184293
49493,57.91229975472425
49494,60.23802915352938
49495,61.79048697623127
49496,64.10495410443636
49497,41.609591411975195
49498,43.30405468975854
49499,45.674634765307175
49500,50.68883488837279
49501,51.52316212983357
49502,52.56250179857427
49503,53.98803382403659
49504,56.867904635340615
49505,56.84102510769388
49506,60.36181109728109
49507,59.48955668323898
49508,61.81323211243187
49585,18.37950168767219
49586,21.457008243056997
49587,21.408675396432102
49588,22.951353769991954
49589,27.69925273823757
49590,29.59193168820576
49591,33.596160348666714
49592,38.86749826664528
49593,40.578713281802926
49594,42.882278373571054
49595,47.386169497843355
49596,52.984510444511294
49647,5.769464361569091
49648,8.566899139131653
49649,12.583406019993678
49650,17.211621770465573
49651,19.7059380043892
49712,41.52232917038694
49713,39.14426131652834
49714,41.874143753797625
49715,44.54269692436208
49716,47.09839823285339
49717,51.60505310435441
49718,53.25296459885371
49719,53.734303194793334
49720,56.16615861538884
49721,58.60425032943181
49722,60.43399010260126
49723,61.39270084787753
49770,40.81493880462843
49771,45.77263991928615
49772,50.94941640847623
49773,55.79728265956874
49774,57.76501266639434
49775,58.120299258660225
49815,14.105559116859888
49816,22.460229358809144
49817,21.07300028357634
49818,23.292438130701672
49897,23.74716504774878
49898,27.486235237265422
49899,33.42334890155821
49900,34.87508834972703
49901,41.93939398349802
49902,42.7773699107059
49903,45.43888064732584
49904,49.21545958967202
50004,3.2722664830395614
50005,4.449474498174841
50006,6.627040847578876
50007,8.993939363546433
50032,24.96138177658709
50033,29.502135018996363
50034,32.521018028886026
50035,36.082347008570025
50036,24.669325262648112
50037,26.30181951524625
50038,27.704039126671837
50039,31.098845342735178
50040,34.395512384020215
50041,35.03905550096372
50042,35.96636671781105
50043,37.16601108237079
50044,40.8857914060411
50045,43.521278670079894
50046,44.10379249435275
50047,47.28803111311951
50096,54.08079005362506
50097,55.611708897319474
50098,56.02765284434969
50099,64.24570976834518
50100,66.92401916124017
50223,41.98264884553695
50224,49.62621165438068
50225,49.12734608253022
50226,54.37019757056838
50227,56.69167576449304
50288,18.469709518879252
50289,19.20355731311897
50290,21.42822556171127
50291,23.715550110379404
50292,24.576207455128177
50302,6.364631804804602
50303,8.979758817908893
50304,12.730616564955975
50305,17.45664377037166
50306,25.31577201231632
50307,26.787030844344844
50308,28.796342563206114
50309,29.182080089354038
50310,30.520192369463718
50311,31.235752264682215
50312,30.229044245778255
50359,29.65327567233141
50360,32.513603919855065
50361,36.12170545323689
50362,39.566017424261275
50363,21.159727672909572
50364,23.645798833051092
50365,27.454604285073867
50366,29.93409194764039
50407,24.584281111978566
50408,29.608416011889226
50409,29.036963895719364
50410,30.607743756723867
50411,31.809354168572256
50412,34.33946561531912
50413,35.61038278977271
50414,37.22646307255546
50415,40.683624345733065
50416,45.93043682642219
50417,47.7793598632522
50418,48.64630973773965
50457,42.85009275993628
50458,51.81481147843634
50459,56.503249823761045
50460,64.05003373672238
50507,16.434642970002713
50508,19.06507218401898
50509,26.18314525220128
50510,26.59066202729153
50511,41.45984363123822
50512,36.05956474296963
50513,46.1542001522491
50514,46.539128985435546
50515,49.68392570632772
50516,53.95984765657416
50517,53.20885129371048
50518,58.04373794432633
50519,58.288981140471215
50520,61.58893454253445
50521,62.999879673116716
50522,64.38793479544105
50558,27.374603565611142
50559,32.07317314341991
50560,30.60003427763108
50561,34.32562859221759
50635,49.84932924214534
50636,54.63401048390966
50637,57.5902019541531
50638,58.38659503077434
50639,60.27603863948939
50640,61.05458201435586
50641,62.689033065681876
50642,63.987810410199224
50643,64.3236082777719
50644,66.30444193420095
50645,66.60635801413697
50646,68.00332632229427
50656,16.35278508988332
50657,25.046321952513203
50658,25.488698307821114
50659,27.72818284637758
50660,22.381136366946258
50661,24.5800386440476
50662,28.0421850962193
50663,27.815609518454135
50664,28.708246050594223
50665,36.15864793304325
50666,39.231914583636566
50667,42.79710103398769
50668,43.517397411587694
50669,48.884647776611565
50670,52.43458549841437
50671,54.802006426752754
50686,21.093756027132038
50687,25.24978423204418
50688,26.853424478425666
50689,30.318964846704706
50735,7.459800081073764
50736,11.067980245569744
50737,14.343632826033446
50738,13.574798268280503
50739,16.85581365724278
50740,17.960129853200204
50741,18.60274185843908
50742,23.445700515491477
50743,24.803694538054412
50744,26.16135893779786
50745,29.621072083689075
50746,31.82736596762106
50752,33.15095400547279
50753,40.189930159141085
50754,38.517905505343776
50755,42.63442410740812
50756,45.22533712013456
50757,48.70454680313027
50758,49.74911379602789
50759,49.400900812890924
50760,51.93256177191819
50761,52.42350960009661
50762,54.47373361209496
50763,58.838497293203766
50768,6.676164963833478
50769,11.073112793563498
50770,13.395864436609884
50771,16.446487376851525
50772,15.253425463127874
50773,17.449828067528827
50774,19.181901181326428
50775,24.882136286008038
50776,25.01182319423573
50777,27.426673320660832
50778,28.19882555964325
50779,28.279343226284606
50792,41.27266358288786
50793,48.92698420855851
50794,50.56445706341567
50795,51.59208246671549
50796,56.06426083112233
50818,31.8433481428535
50819,35.60454359144293
50820,36.65097843818678
50821,40.106902660209556
50822,42.333587271589415
50823,46.27330752642705
50824,47.258416827307265
50825,48.319635150261675
50826,49.653673370294186
50827,50.68765312201194
50828,51.04447070495745
50829,52.98478341830664
50848,49.413136004281675
50849,54.40461819725171
50850,57.01813559256564
50851,58.880128868579355
50852,61.80051545405292
50853,63.73923351371133
50854,65.95588346304443
50855,66.13462429658566
50856,66.434024454991
50857,67.46344542878114
50858,69.15309026202198
50859,69.65909803385087
50860,35.256125551658
50861,38.790004439239375
50862,39.60766458434564
50863,42.748703532371216
50864,45.64915491380227
50865,47.92975866075684
50866,49.993658982294264
50867,51.5596559256664
50868,53.289492107185104
50869,54.82025119538567
50870,53.676113777789595
50871,57.50238774072879
50890,19.288973190047574
50891,23.11019290823352
50892,28.16926430694586
50893,29.297048921529267
50894,35.319297859445804
50895,36.06265773005907
50896,39.66615191110744
50897,42.54370617795688
50898,41.391434013506476
50899,45.328319001847085
50900,46.827134408344996
50901,47.52554171791802
51021,38.002566790859674
51022,40.92221455476195
51023,42.87985358506846
51024,46.50768947271155
51025,50.52581831820571
51026,55.253087317334746
51027,58.91261638046849
51028,59.791659605183504
51029,61.398805200496604
51030,64.17744496128476
51031,63.906387038254
51032,65.30276007272451
51088,41.68965896299041
51089,51.00992675930531
51090,56.33921574539995
51091,63.32791921514161
51111,22.54637621824972
51112,27.251798092959067
51113,30.722080320058307
51114,42.35371540000171
51122,37.18887244024539
51123,40.10031176857354
51124,42.618616267782926
51125,45.696198096345654
51192,11.185021283977475
51193,15.132426804996372
51194,16.478693821028212
51195,33.596672643997465
51204,45.26336476345285
51205,50.688901322312795
51206,53.26379872157684
51207,55.800526757600124
51208,57.37778554247219
51209,60.00824494221535
51210,60.971494602784304
51211,62.49216135803436
51212,62.139434917650746
51213,63.580434686472394
51214,66.253459280186
51215,67.00426125279766
51221,11.666284716394834
51222,16.045045916658747
51223,19.029067364281822
51224,19.194187467717992
51225,20.328145452206016
51226,21.476225289980594
51227,25.11596458476026
51228,25.461918021693855
51229,26.944555984036718
51230,29.172516916355615
51231,30.45590868207176
51232,32.439471547731614
51334,9.734051038302264
51335,10.491565544973591
51336,14.652670052707402
51337,15.953561044003264
51338,17.60003926605138
51339,20.845154529767836
51340,27.131509970501384
51341,30.21479269176026
51342,32.799471424968914
51343,31.99107406583602
51344,35.26809881460209
51345,38.55233605796927
51400,15.278632755905567
51401,16.126296304285262
51402,17.500897208972393
51403,22.328368194148275
51404,21.423637517689745
51405,22.146947304869574
51406,25.189089903359154
51479,15.957273090769748
51480,17.214064216614673
51481,18.480822166650615
51482,18.997851911798303
51541,17.085369530293782
51542,23.42077443282605
51543,21.95048102796825
51544,22.749949136327192
51545,22.9357526061528
51546,28.39282131195282
51547,28.984400123314156
51548,30.98401048368051
51549,32.91888601465472
51550,36.813554772534296
51551,40.36309429939844
51552,40.18228544150917
51577,35.665578875284616
51578,43.461808783288255
51579,49.81454064333549
51580,49.89263463156555
51581,53.072563101339604
51582,55.911691327165
51583,56.917007130519075
51584,56.39966195244211
51585,59.37352671509721
51586,59.31700021394506
51587,60.68827079535646
51616,44.87230096624035
51617,45.41854684867094
51618,52.642591707304014
51619,56.140890780314464
51620,57.35488561075708
51621,60.44957723404482
51622,61.37698773470669
51623,63.35752540923743
51624,61.855822536588015
51625,65.63338629219345
51626,66.87503323237704
51627,67.76684895676618
51674,33.781062589910825
51675,41.4454573740079
51676,46.13541399177178
51677,46.79635767529781
51678,51.0539869438357
51679,52.33300902050106
51680,57.114124592270734
51681,59.15453852667079
51682,61.04125992845006
51683,60.74987808706838
51684,64.68625074772606
51685,67.21452181530407
51702,42.8055441843075
51703,44.68232160107601
51704,46.99894480490984
51705,57.022029257428876
51706,60.47805955940286
51707,63.121150776438746
51708,64.31740008870494
51709,67.71879109939721
51710,70.12497374079726
51711,72.12625659846861
51712,74.32287145783963
51713,72.42300049630987
51718,19.43708013719628
51719,24.3836472922041
51720,26.061555352422
51721,30.653798991720315
51722,34.03980608073469
51723,33.79042355081019
51724,35.126025121208016
51725,36.94367468050371
51726,39.207408244090864
51727,41.271314532493484
51728,42.086051426831425
51729,42.90038070708925
51730,39.68776718221086
51731,45.45964229832774
51732,49.680721480665504
51733,51.4822437141828
51734,56.36793071316511
51735,57.52626174472394
51736,60.75231141723035
51737,65.08374789374238
51738,62.391487844695774
51739,65.9257264500771
51740,68.09043705091258
51741,68.71308647925635
51747,21.339269071681574
51748,23.17265834955505
51749,27.899945830734335
51750,31.518285401142883
51751,33.32261033557974
51752,34.3581666216058
51792,25.0337394251313
51793,27.87130153008524
51794,30.256754623196876
51795,33.733776858512094
51796,32.1795487109913
51797,38.33301694753521
51798,40.91075166091397
51799,46.07080498007892
51800,47.74843054105057
51801,48.62114532178664
51802,55.47045083220116
51803,56.57101051114064
51812,7.693570258845692
51813,12.035303163331621
51814,12.858621294347321
51815,14.30488663768397
51833,29.193877063736352
51834,30.059708217732908
51835,31.332113921051654
51836,34.13690363155314
51837,36.50500771217247
51838,38.16719791016218
51839,45.626023490916644
51840,30.724701592875316
51841,35.75745811768814
51842,35.84854040340095
51843,35.99677640042463
51844,38.999808278195005
51845,40.28935615393148
51846,41.33152837300885
51847,43.73042399328429
51848,44.640363839824474
51849,47.09474431169661
51850,46.39477445996878
51851,51.8704387730384
51864,30.073073853549907
51865,30.920821977557022
51866,32.36822357975331
51867,35.76540128434788
51868,35.273007969426075
51869,36.35948519633516
51870,39.8127309276391
51871,40.24604205837779
51872,42.1774161118331
51873,43.57279031343095
51874,45.585909746454355
51875,47.994342137978855
51891,13.326528116285077
51892,13.591597030365108
51893,19.15405893590619
51894,19.887402453382123
51921,17.7249417602256
51922,24.238971905152887
51923,24.401938155953378
51924,22.672191393315114
51925,27.238583983427525
51926,27.992111188078965
51927,30.748555160238624
51928,33.05542703723684
51929,36.11849697155875
51930,36.08238085892348
51931,39.63758255162931
51932,40.95408431684785
51937,36.98965235139079
51938,48.2143283273252
51939,45.68292733476302
51940,49.833859587489556
51941,51.173798646727384
51942,49.97034066139366
52202,33.33684183923117
52203,39.94456012879167
52204,44.718089354946315
52205,50.64576417386852
52206,14.45334000020391
52207,16.811029653828328
52208,21.930063266970706
52209,26.841676032804447
52333,27.89904521553052
52334,31.06462633168721
52335,36.44887025737912
52336,36.334926257573436
52359,33.99181336312243
52360,37.661246407388305
52361,39.88893262630193
52362,43.760099938555484
52363,48.242873029632904
52364,50.400692114460945
52365,53.29073626111406
52366,54.81528739126519
52367,55.48231945523144
52368,58.67985376219212
52369,59.25439562021919
52370,62.36847133729349
52377,5.487652662095488
52378,6.255334445206116
52379,7.636505964047956
52380,9.380099811034864
52381,11.326609885535271
52382,13.264635403783082
52383,15.219104168468201
52384,23.31747294598718
52385,25.15168280364422
52386,26.088862965691465
52387,28.422312042956264
52388,32.61168545537276
52413,59.58813952864908
52414,58.43829628184535
52415,57.27977890888635
52416,56.98168541031884
52417,60.05121121812593
52418,62.1427654528663
52419,65.03131314665433
52420,66.12163993273577
52421,66.28487539534356
52422,18.647518772785173
52423,19.177535740043524
52424,20.597652825966183
52425,21.810153896498836
52499,20.21956385755603
52500,24.257246633065307
52501,26.778908764148646
52502,30.41111273062184
52515,29.683879953274197
52516,39.82309639730946
52517,45.45371308611232
52518,50.05101073562177
52524,13.023064419771448
52525,18.24050073883419
52526,19.940261795046705
52527,25.16478890151085
52587,31.502195239364053
52588,32.16683649545357
52589,34.1788312654451
52590,37.4711947210861
52591,40.02328192563518
52592,41.941290278450936
52593,43.56617797165029
52594,45.05970538981233
52595,47.2557938385721
52614,28.28451266753018
52615,28.78162628404833
52616,30.16110537162741
52617,32.46554414243674
52657,3.63150184413054
52658,7.140956101468676
52659,10.840103144197585
52660,11.105356054152143
52661,45.317239149655
52662,47.74120892307021
52663,55.66755086268997
52664,60.695074052357214
52719,39.14031357302511
52720,38.48014844739584
52721,39.36797608442851
52722,41.607622120129676
52723,44.128124315087696
52724,45.631511065260135
52725,47.6810455536298
52726,49.11016219046332
52727,52.02983215724187
52728,54.057057382574605
52729,55.667212281803806
52730,57.30528955404993
52753,9.347013481483108
52754,10.303908576105577
52755,12.582745023679964
52756,15.044356252483784
52757,15.389625385561366
52758,17.7789857246767
52759,20.995277761384447
52760,20.453742996353864
52761,21.58562896749939
52762,29.81576991442736
52763,32.77947263849527
52764,33.63070955472407
52802,51.763012076021546
52803,58.94977681558885
52804,59.576719036938
52805,63.821429134996315
52806,66.05269851237831
52807,67.24433767632473
52808,68.62403089192141
52809,69.1343655067241
52810,66.24236843014091
52811,68.69668557960921
52812,70.83410429164076
52813,73.78641991954657
52861,24.463196732296055
52862,28.31820739730557
52863,30.982715647938452
52864,35.70395665723312
52865,40.70235996069996
52866,44.05059089451739
52867,45.40386409070236
52868,47.299637876553014
52869,50.86652733861787
52870,52.61741947183439
52871,53.9819611950365
52872,54.78254608976982
52913,10.505232777628708
52914,11.103314990305766
52915,13.714509749351631
52916,13.768013137825966
52917,16.636587310949672
52918,19.89064387500365
52919,19.603096459822932
52920,21.895981632840172
52921,27.701599579583316
52922,27.285824474873465
52923,15.756445406619267
52924,21.86535451869522
52925,22.589259733182402
52926,23.96190928075108
52927,29.56484169480502
52928,34.78294302724847
52929,37.32940479455788
52930,38.00590830825093
52931,43.751014797839865
52932,45.52396943589303
52933,48.107312386750294
52934,50.709535344040106
52955,24.09678395720037
52956,30.7289263356595
52957,30.32789498294651
52958,40.1308855649499
52959,45.844278982435256
52960,46.69009918676245
52961,48.45269455041568
52962,52.69281157064059
52963,51.896898513834834
52964,54.379104889002264
52965,56.719079498561904
52966,57.61195688337704
52998,32.891424129848644
52999,32.79944441169916
53000,36.743645804507615
53001,41.620360782298604
53002,30.69229032111795
53003,32.61559399849177
53004,38.73308207595698
53005,38.24815085282627
53006,42.54202687768242
53007,43.419762062287
53008,45.8441607495594
53009,47.87087925243447
53010,48.09802043576279
53011,50.91266877100094
53012,54.08767108494448
53013,57.71055352686363
53014,19.231576892824165
53015,24.068484457202896
53016,26.19007576845118
53017,27.840239514804505
53018,28.733618031732636
53019,32.16928439769806
53020,37.40531414179577
53021,37.50958000324018
53022,39.06893497246064
53023,45.81199103216249
53024,47.40032108887658
53025,46.97915993074421
53141,31.394057315124538
53142,32.741578109511146
53143,37.66370059589247
53144,38.80043950711003
53145,40.871737180174804
53150,2.547585224469369
53151,8.249282197901138
53152,10.239805018984843
53153,12.877958721014673
53154,14.819631031601565
53155,16.360896636943714
53156,18.52976208457966
53157,25.907507358681922
53158,27.901295656622306
53159,28.131024678239687
53160,31.988274120135966
53161,33.758813215214644
53162,24.281707300482275
53163,26.37109621104243
53164,30.208145915285154
53165,34.61675103782171
53166,24.760466943101026
53167,25.98901377820342
53168,24.712074266212575
53169,28.23138981052109
53170,31.02948251671778
53171,24.30539020913753
53172,29.2674781363074
53173,28.3896953935164
53174,28.826005668217114
53175,30.117671958413357
53176,29.403870264676947
53177,32.78616185273579
53178,38.122860875983335
53179,41.90973882904653
53180,43.128815746166396
53181,44.430129359305205
53182,49.40293656594718
53183,48.534375116757275
53184,52.74201206550287
53185,54.43058700418363
53186,57.725625407834826
53187,59.04521444917549
53193,33.08928385144759
53194,37.50466260992383
53195,39.44529645817146
53196,44.18206274859059
53197,46.09465955398566
53198,50.305896459877516
53199,53.47631563710242
53200,52.93041147783268
53244,28.998318665714347
53245,35.57808449142359
53246,34.13498829147036
53247,41.661322308147504
53248,45.47257621378805
53281,23.615610748776074
53282,24.281894031725304
53283,27.749754871576503
53284,30.218618131397314
53285,30.395523522872487
53291,39.53201227448639
53292,44.46874465997536
53293,45.277355677709416
53294,48.68519987538586
53295,51.006552876211295
53296,55.36893575331368
53297,56.75863397622958
53298,58.0877588128128
53299,60.78193583725106
53300,61.30666474914009
53301,61.68914930820596
53302,63.45691983527066
53318,42.30285940054506
53319,43.03412792619893
53320,51.2308636203972
53321,51.13950837850871
53322,54.629603911038025
53323,56.83956172858684
53324,57.96097309023567
53430,30.15313304147483
53431,33.58239435199932
53432,35.95770499054346
53433,40.98294697139968
53434,41.02645421842954
53435,43.580858024365284
53436,45.86988945611196
53437,44.774971759313544
53438,48.282220520588034
53439,48.372101388499665
53440,51.77680584811029
53441,53.39833423625525
53442,30.7730520916622
53443,36.23859577228974
53444,41.297298535648586
53445,40.09815179286599
53446,43.169158602170576
53447,44.32126390485831
53448,46.275766497872205
53449,48.21205418521547
53450,50.08046196044473
53451,54.36195015602395
53452,54.20180664193523
53453,54.21716750655535
53483,20.171914356591984
53484,28.211442036224575
53485,31.500469618017423
53486,30.84928556517992
53487,34.31382254652286
53488,38.78289587000951
53489,42.742271837446
53490,46.89565491221038
53491,49.285504211674095
53492,49.70778231304555
53493,53.23254505240591
53494,55.87249776664201
53527,44.23824718635918
53528,42.80233632376273
53529,46.290368107301276
53530,48.966666357119095
53531,51.88036361031616
53544,27.937007249092918
53545,32.808162327565846
53546,37.57550085573325
53547,44.55178398874278
53589,54.843746526179
53590,55.94096485484555
53591,59.11450559804613
53592,59.2538270152719
53593,61.00131140270112
53594,62.690908606668025
53595,64.47236117263328
53596,66.11444680922165
53597,66.29868693259418
53598,66.91943615046348
53599,68.75840452855832
53600,69.3458623969924
53651,44.291347065522274
53652,55.24868094047911
53653,53.049964323249824
53654,58.42148167232469
53655,55.46522139781594
53656,53.99961465443361
53657,50.47148748517618
53658,58.187594111132924
53659,58.6683739539182
53660,60.06710844407801
53661,60.29903932643471
53662,62.02300717036176
53663,60.310193093234034
53664,62.41189306547553
53665,65.24703123683784
53666,65.72515625312886
53667,25.05697670534421
53668,26.213308319580356
53669,27.110258487321076
53670,29.06042706448221
53671,31.309218592072906
53672,34.051249148201116
53673,36.18170067249941
53674,37.40225380124748
53675,41.59914807501474
53676,45.55706860605433
53677,45.83079603285059
53678,48.66485870352995
53703,31.84795516303606
53704,38.50649504064634
53705,44.40569801537716
53706,50.34477149881956
53707,57.65591176575501
53720,3.1114952606325477
53721,5.663163558108367
53722,6.132879788105759
53723,11.994895628925043
53724,13.623323565297616
53725,14.850118421246384
53726,21.38449387640742
53727,18.38306812249803
53728,20.971907652222317
53729,30.285939666557425
53730,32.63681322572932
53731,35.18236239439233
53732,16.718890732261734
53733,23.52995888496846
53734,24.09894477858091
53735,25.43003301029948
53736,31.05526955816944
53737,28.252928841844835
53738,29.9137370806399
53739,32.204051203238876
53740,32.65434923280905
53741,34.519842183577566
53742,35.838896246821804
53743,37.12315010009666
53794,12.940130728130038
53795,16.518193175310188
53796,17.682672646624727
53797,25.54238523548888
53798,22.48629858331764
53936,47.81025210465137
53937,54.67089302111478
53938,57.16674869990662
53939,60.76943663439577
53940,63.79511295550196
53941,64.29670246311636
53942,66.60253297062751
53943,66.98263394088772
53944,67.60495293415696
53945,70.27012285121799
53946,69.36415508918508
53947,73.62292356716254
53954,-0.1439574694862228
53955,0.3127846153758177
53956,0.7097588243162666
53957,4.299407719441823
53958,7.063234078604644
53971,25.975863380950056
53972,28.805427777794186
53973,30.877460730704655
53974,31.973682914715123
53975,34.64924122446816
54001,25.708916263232002
54002,30.144500356212497
54003,34.765932480419075
54004,39.53896666121539
54017,23.855096624230463
54018,28.921048373252223
54019,31.2930114497868
54020,29.744056673974967
54021,34.89126883224294
54022,35.33362097366521
54023,38.80491947414511
54024,41.50478805959657
54025,39.58980585236099
54089,39.58700893863539
54090,38.96756517865654
54091,45.7665917949737
54092,49.76410273174098
54093,51.78225038783318
54094,53.163345332008426
54095,59.328487376033735
54108,54.22970798053639
54109,52.302474825161944
54110,53.64847418585501
54111,56.69889508113677
54120,8.657839589448963
54121,8.383726583062922
54122,11.104574143713823
54123,14.183108564880186
54124,15.726334810044108
54125,19.463213397491266
54131,1.4619185099468963
54132,5.122833142220103
54133,5.30503152109803
54134,11.297398902176234
54135,13.127052333563963
54136,15.91236043942329
54137,18.985636745331306
54138,24.530429865034947
54139,25.747834664879107
54140,26.559550391639412
54162,26.177490871372562
54163,34.70734473055339
54164,33.46741644421606
54165,36.71165313423465
54178,0.2843649598149536
54179,2.232194169047665
54180,4.706718463773713
54181,8.644446363906678
54182,12.049779595239063
54183,14.416759532058954
54184,16.267814279294516
54185,18.79450911149367
54186,18.601910005625225
54187,23.772512150902678
54188,27.04180653434058
54189,29.770533035530374
54202,62.711499051061715
54203,64.41869633741256
54204,65.14768854921597
54205,65.96900283798185
54206,68.02030080122412
54207,70.85596909050186
54208,71.58224366820673
54209,73.99964325003921
54210,74.23722725749222
54246,4.026996912221149
54247,5.892601744178152
54248,8.069543716373325
54249,5.384872671818808
54250,11.577310657526956
54296,41.528716884803174
54297,40.63147579445458
54298,44.13779086592071
54299,47.2323563539462
54300,48.694442679687306
54301,53.53519097463955
54302,55.42847291928784
54303,57.75214589010509
54304,59.202506253408586
54305,60.85319099281381
54306,60.378636456404244
54307,62.15723246312566
54323,14.628976859666384
54324,14.266153620602614
54325,16.60159644217684
54326,18.156620004087397
54327,17.534427384231925
54328,17.84999915089516
54329,24.001743148405925
54330,25.780402124983596
54388,25.258699207785213
54389,32.8259624719736
54390,34.33542868495836
54391,40.64476939440953
54392,41.22888680607328
54475,2.379215728412174
54476,6.7466228723975545
54477,8.360598400438194
54478,10.764398379825094
54479,12.126286299360263
54480,15.136991930214005
54481,14.515802850753314
54482,16.975488545473734
54483,17.525720711326713
54484,18.4099253154088
54485,21.267541854968393
54486,22.60521306178729
54493,32.01697037437688
54494,32.90572551212334
54495,31.08443700082874
54496,32.97576286017412
54549,12.607991554960897
54550,14.535967169816601
54551,17.656804198323442
54552,23.699634761293108
54553,26.897301076996555
54554,27.100950232481686
54555,33.24076811667941
54556,30.093239518712704
54557,35.150973655986114
54558,34.919263702367196
54559,36.151808377799505
54564,2.0906840390386674
54565,4.889589493362977
54566,7.551390461993928
54567,10.295212734212962
54659,12.878306155188438
54660,18.135470643296845
54661,22.764033639386977
54662,22.560226276254436
54674,15.909124243455599
54675,22.419669579576436
54676,24.5001399348241
54677,24.452787971668066
54714,22.628341627504298
54715,24.767325464058153
54716,27.00230419032729
54717,34.50539495786008
54718,39.50084203198606
54728,31.228360111766516
54729,36.190190621648355
54730,38.73740419297074
54731,39.79356492783313
54732,42.06307994506178
54785,26.910755729075213
54786,33.52110869652508
54787,35.531791897663396
54788,33.95823506434011
54789,36.35824905284515
54790,39.812013761385565
54791,14.21209728689577
54792,16.508297025852116
54793,19.228349627228127
54794,20.303632825857495
54795,25.36953863081436
54796,26.874711897827964
54797,28.211098467080873
54798,34.49744052986272
54799,31.438654161865202
54800,35.81855292855307
54801,39.02284177495501
54802,38.77742585263702
54851,22.372712235480265
54852,26.649515526929697
54853,27.97497551903296
54854,30.466504771175288
54935,36.74015385416392
54936,42.23838595992767
54937,51.56196191042251
54938,53.171604864925214
54953,54.83097345670213
54954,59.114011954408156
54955,61.437960039274834
54956,63.24703411666233
54957,65.00411144588792
54958,66.30027569534188
54959,66.95778949236865
54960,67.5065864533638
54961,68.70460531692122
54962,69.29908587946792
54963,70.51170829593708
54964,70.37273865002945
55017,32.568545970615766
55018,38.177546334415425
55019,37.0296741221591
55020,37.70750032508243
55021,36.85742636422346
55022,43.967227614835906
55023,41.455599713311706
55024,44.70680318860141
55025,46.31287286699124
55026,47.74933141564495
55027,48.05972040348399
55028,51.95904139646218
55041,33.272681337758996
55042,37.14728681450081
55043,38.980539716161005
55044,40.987912630036064
55045,42.150224341897136
55046,43.83270404090541
55047,44.99875803421036
55048,46.637947986299615
55049,48.06660317024003
55050,50.04286117926889
55051,52.291501508959804
55052,52.15674879469269
55060,43.454327962846484
55061,43.809836759945775
55062,46.66143868236414
55063,52.41612015018001
55095,34.36156852869288
55096,40.38827847123605
55097,44.70204380876767
55098,51.72474229680902
55127,23.550615538740566
55128,22.272442056804707
55129,23.05563549200654
55130,28.814475348160745
55131,29.77638556747935
55132,33.328481295116575
55133,37.247468279275736
55134,39.80144151269038
55135,43.51398015168648
55136,45.50213867633131
55137,49.115053457194286
55138,51.13643491675731
55179,22.74516877628685
55180,31.455367617712398
55181,30.796051954290046
55182,34.83033338836939
55183,37.146043140444405
55184,34.56616275701145
55185,42.202091572818375
55186,41.97964239458699
55187,42.37569489055357
55188,45.53213466392525
55189,46.06496817529799
55190,47.8254494985665
55191,50.766986476797705
55192,50.57456996628576
55193,51.44286121998724
55194,53.68543312959171
55220,16.14868483276266
55221,20.670935906753357
55222,22.475600557495216
55223,27.84168804373847
55224,30.967465723415977
55225,32.16384322353373
55226,34.60471876464927
55227,34.90411011171695
55228,35.7897650568428
55229,38.59769194735252
55230,38.52382542165064
55231,41.312706516976945
55261,7.156947237927483
55262,10.938937409766465
55263,12.28093971046777
55264,14.149493454855268
55265,16.381837220910857
55266,18.900614613558012
55279,43.52169361684278
55280,47.578231731298835
55281,49.580765796919415
55282,53.22031420745233
55283,57.59652906427441
55284,57.943268288983504
55285,59.81985823935238
55286,62.47914764617389
55287,63.04212405144877
55288,64.86155130743887
55289,64.07678357145669
55290,66.59046374287372
55349,53.32621852159678
55350,49.5769006962415
55351,53.374845765808544
55352,55.79076201942381
55353,56.862178370899095
55354,58.20085983504042
55355,61.76441904968551
55356,62.09415979699527
55357,63.49648034486639
55358,65.81969108199964
55359,65.92761931408266
55360,68.0655551239011
55517,5.758827427000015
55518,14.189486979190269
55519,11.658916582467178
55520,13.64331237065015
55521,14.841559843103497
55522,17.65344768349448
55523,19.089907433902532
55524,20.89304635285582
55525,26.25711759405433
55548,23.760802427010283
55549,23.843751066292253
55550,25.083427358976035
55551,25.767446737048786
