Index,target
66,19.137577401064796
67,27.111498750256622
68,28.031300744554425
69,29.73941214452357
70,30.130460280628963
71,35.27739352922831
72,35.85133185670091
73,38.37047976179818
74,44.03728450238438
75,45.52741291195258
76,47.65669082498175
77,50.081834144504455
141,28.51475567448682
142,28.772641691852254
143,31.44916007161226
144,34.458036093027346
217,26.326833282427874
218,33.15026646581307
219,37.37976363944831
220,36.67900537298825
221,9.629659726756113
222,14.689478051580853
223,14.838515223353653
224,17.39693350977564
225,17.97757684861963
226,20.2645708153265
227,28.941443031334
228,29.973406599147985
229,33.7556520783627
230,33.10809444327451
231,37.480640488501265
232,37.10777674147113
233,39.71139217243875
234,43.748520319179384
235,47.11275568768172
236,48.920704459719495
237,52.7807502758908
238,56.40072360130867
239,59.329575438271135
240,59.909671876240346
241,64.55911805776236
242,62.98601699140605
243,65.64514066405174
244,67.75461134120872
423,17.77759332614917
424,21.524076996451985
425,28.016638781751446
426,30.8529821436257
427,31.840440751683563
428,35.06240617085883
429,35.12814685862075
430,36.61271280465415
431,38.692293357126054
432,39.227701391305665
433,39.159799236732916
434,41.22270026227249
447,15.080596189507514
448,19.845352647106132
449,20.698616557086893
450,24.524351475669697
519,25.43897163749788
520,36.390817832401616
521,36.17342990676302
522,35.5523916166464
554,21.630706367188694
555,28.693893851932977
556,37.527497220191044
557,41.106192904805674
558,47.385184781719246
559,11.769919560905404
560,15.457289502160705
561,16.507197820316442
562,19.588361347498264
563,23.403204629330023
585,28.019526946738196
586,30.11077948135082
587,31.68165503585371
588,33.289262377211855
589,34.037420590187914
590,34.91149385519588
591,36.4151395792236
592,37.94418497606747
593,36.21432893625127
594,40.6081626258856
595,41.807882226716416
596,43.44102525009807
606,22.531240739664323
607,24.70396198984232
608,27.989574109224403
609,31.057095017819044
610,33.14058546271331
611,33.37816646677028
612,37.63324269547064
613,36.973389046361696
614,39.77660579537267
615,41.47027729431896
616,42.946962002401726
617,43.400275944118945
618,30.48376516472332
619,34.111575086029035
620,37.60226927631839
621,44.319489155897976
622,42.27762603938422
623,44.28172914180785
624,47.597746452493396
625,54.65404612956037
626,53.71688909421406
638,45.11011692974416
639,45.22611080346618
640,50.49671707033972
641,55.71712532633169
713,48.246473359469
714,48.88576797738111
715,51.517223924047656
716,54.68652754930274
717,56.756811601940335
718,58.39431545435716
719,61.559832349509286
720,62.592423007020216
721,62.58709724263064
722,64.11048194586913
723,66.43597130692606
724,67.54688515083933
731,25.913156656198307
732,24.269628457712443
733,26.77894196991934
734,29.180115693424938
735,31.75688869790725
736,32.558126301809416
737,34.85156560951602
738,37.549628212978526
739,40.43397029547727
740,43.002209528432715
741,45.812178582988736
742,48.623845644556944
759,28.4865978409834
760,34.58191114244027
761,32.1596716751236
762,34.21346293872989
763,37.020558725411384
770,33.327276037853174
771,34.90610512712234
772,36.99579427735206
773,42.26096546612081
774,43.70053019618776
775,19.060890584639925
776,26.085216229496353
777,25.85370272341368
778,27.703755466189627
779,33.06099831754828
780,33.95416025364261
781,38.252906229997976
782,40.894095350942976
783,44.8788082892154
784,49.86953886876825
785,50.96643478090138
786,51.58454826946489
787,52.991727681703566
788,54.46027101057918
789,54.465682576830126
790,57.19568637095256
791,59.77648195379918
792,57.99503898357663
822,42.58681435826361
823,46.56201701212229
824,48.769190814451896
825,51.23447909087421
826,54.42242203882401
839,23.633289541306226
840,26.41691418420675
841,31.361228150639935
842,34.56708277877057
843,35.775715180371314
844,39.09659599660313
845,38.979721241161606
846,41.12736795824943
847,42.05756954773763
848,44.105105839447056
849,45.68913779904678
850,46.9560417677204
911,18.18476449125339
912,21.877675541515057
913,26.449936972277893
914,24.254260845563707
915,25.25672776810208
916,33.90592325609879
917,38.037626372713284
918,38.97219570217667
919,41.00389294531569
920,43.36750807206674
921,45.04272514420209
922,43.47142900686488
944,21.627152674248673
945,27.573109888870874
946,29.204164079428317
947,32.43958448832215
948,33.71550583140611
949,37.54351148980131
959,47.641533708203376
960,49.26290544511408
961,50.19142284631181
962,52.30223447754331
963,55.98497691199487
964,56.83444149570235
965,59.158451024492685
966,59.68288571951948
967,62.155650470485114
968,63.464589149078584
969,64.4865351416396
970,66.63361534446611
1097,25.386014749650386
1098,30.546988803147173
1099,33.911045867357544
1100,36.19359988240059
1101,40.07587120368554
1102,41.96997231463504
1103,44.674225048899096
1133,37.16307785317643
1134,45.07006352715296
1135,49.55582220157248
1136,53.59443454178309
1137,61.05970420194882
1138,62.990589981977806
1139,27.950040279913242
1140,31.859564070644815
1141,31.91272261277885
1142,35.58205445705301
1143,43.604478370759644
1156,32.51619193424213
1157,33.218496793734225
1158,36.08408414916112
1159,38.22511200387912
1271,31.210110104766848
1272,29.935084808394194
1273,32.97734290849812
1274,33.62202524954547
1275,37.31017319091991
1276,37.69803533782016
1277,43.383947008926484
1278,42.68169057924256
1279,44.795328160301686
1280,47.08410577079456
1281,49.38785103904348
1282,52.152212029853224
1294,58.58048852550091
1295,61.980914061548475
1296,61.17830843906842
1297,64.18602140313155
1298,66.08020075004661
1299,67.2986802388789
1300,68.29421531740034
1301,70.2961697482667
1302,72.91439145628192
1303,73.13710714191859
1304,74.49297497564112
1305,77.58660333700941
1318,9.01672283766287
1319,13.849434912123089
1320,11.835798058230043
1321,18.078837857255312
1322,16.610387853886536
1323,23.392492346698365
1324,26.71340689924455
1325,29.589895893163412
1326,28.725980856468137
1327,36.65842719479045
1328,37.02916638363007
1329,42.832538109926595
1443,21.326694271475933
1444,25.40943577927353
1445,31.116347171808776
1446,30.015271633549066
1447,32.13809381291904
1448,34.25803547650267
1449,35.48007043531873
1450,39.54193402202179
1451,40.66150005485764
1452,42.723539102560935
1453,47.837920812007695
1491,30.184551838421083
1492,35.158822141329026
1493,36.87927308277158
1494,43.62897683120154
1495,44.418296715850985
1496,46.536341796177076
1497,35.12538151261068
1498,42.623718871341914
1499,42.60111828403019
1500,44.185415592995
1501,43.47292278336407
1502,44.550386948170875
1540,40.58359938916882
1541,44.96401462897267
1542,45.13122656981905
1543,48.55276348851098
1544,50.55127188897868
1545,52.622176035428076
1546,56.47955037371004
1547,57.02179172591946
1548,60.15246795158863
1549,60.37849694727147
1550,63.9792646309787
1551,65.26213288147355
1682,43.48755101164802
1683,51.89830420154328
1684,54.081782292199875
1685,55.68778877543704
1686,55.991284391762605
1687,59.937034242959996
1688,63.137259293974715
1689,64.19487715325204
1690,65.63045453057627
1691,66.95140180052654
1692,68.53646963318731
1693,68.8600998307995
1788,-0.9023799282966035
1789,0.10985133633897101
1790,0.6857350377940824
1791,1.6398299034104917
1792,2.9093120686805647
1793,5.404120659152577
1794,8.220619995834861
1795,15.163048768503204
1796,14.658823294725524
1797,15.069716687346496
1798,16.9397981904088
1799,18.94538900099278
1823,18.196384102548397
1824,28.778501649110517
1825,30.205470258071447
1826,32.96501087121882
1827,35.66246754757839
1828,39.97971430664979
1829,43.95507188553877
1830,47.270926303712436
1831,51.36475849200929
1832,52.855881166886896
1833,53.09204754434756
1834,54.92861887197485
1835,20.737953623645197
1836,22.255022678289862
1837,27.826891348953456
1838,29.812430249950886
1839,33.950167507034585
1888,14.012014570566542
1889,16.256394320673753
1890,18.037395562886484
1891,19.88081762079154
1892,21.115297048596748
1893,25.79177745824107
1894,24.146644341208397
1895,31.783540763101016
1896,35.19710021879201
1897,42.21460297611405
1898,49.655256225875306
1899,53.230949436670805
1900,17.914563672744418
1901,28.63115803082868
1902,30.803116081041548
1903,35.82013157182683
1921,22.18733409284718
1922,26.093977052120596
1923,28.219743593219555
1924,29.359232277462276
1925,29.789006264020184
1926,32.6579195749563
1927,34.89148299557252
1928,36.61497383922912
1929,36.468086894755274
2057,16.74577562296086
2058,19.147117541468173
2059,20.997675990165412
2060,30.047283103384775
2061,27.478993948047915
2062,28.578922375274438
2063,29.688273412778585
2064,33.23511251374478
2065,38.102834574646195
2066,40.336476067438674
2067,44.304532031744955
2068,48.07405115211495
2139,50.020744931300406
2140,50.2441130037964
2141,54.867570897124644
2142,65.75432996967277
2218,23.68887273189544
2219,32.95972086194439
2220,31.526993596980507
2221,32.235393354344524
2222,34.8571974634864
2223,37.49209855582815
2224,39.21228090520157
2225,43.51437552071616
2226,43.08704728389173
2227,44.19816589262546
2255,36.118687090000975
2256,31.80470349719955
2257,35.320841637694016
2258,38.14082939174057
2259,37.15334864110431
2260,38.20826184784843
2261,41.744022302608144
2262,45.1833650185328
2263,43.384723848311374
2264,45.23140598025309
2265,48.32049014620868
2266,52.13995986029644
2271,30.351965580585265
2272,31.10810307957449
2273,32.88294680991904
2274,34.239266766816456
2287,22.004301607800144
2288,23.001805224210102
2289,26.68228353205332
2290,33.76124281211102
2336,13.551358558920867
2337,23.861216241004563
2338,26.50211956449717
2339,28.889689655463542
2340,33.3588078598993
2341,36.14635395174626
2342,40.06783933562813
2343,44.77021108510923
2344,44.161425036628025
2345,45.988079696667455
2346,47.99023547349966
2347,49.27715032689165
2413,19.644452536654516
2414,24.641391705647695
2415,23.459824565489285
2416,25.41979152411407
2417,28.34164185801471
2418,29.963665082701958
2419,32.903169259948335
2420,32.306303027592826
2437,40.08064385718048
2438,40.6824299822595
2439,50.06673834986323
2440,57.77555387344027
2479,36.84039748148786
2480,43.51734392618053
2481,42.00517070648954
2482,44.70123712354452
2483,16.687068449822018
2484,18.368967205669726
2485,25.883354146714808
2486,27.25391763430674
2487,28.215035574933893
2488,30.186094675718568
2489,35.581453400799084
2490,37.429656996463635
2491,37.334299706469196
2492,38.98876446186996
2493,41.11676447816875
2494,46.33929709688194
2535,42.115473552646314
2536,44.56247270143278
2537,49.27654307989964
2538,51.39980519898116
2539,57.20072339256574
2557,23.626152770606488
2558,25.511585112318482
2559,28.171348911896736
2560,32.1159256957929
2561,35.427693196829274
2562,37.8202070727196
2563,41.15159151382208
2564,46.60377894559648
2565,47.512047214083815
2566,47.90171345380844
2567,52.329483815544265
2568,54.50737873217779
2573,31.524501169334243
2574,33.977427404442125
2575,38.074435926930065
2576,43.13180679863029
2577,41.1879791814189
2578,45.56052205050482
2579,46.43416387709838
2580,49.68100586764619
2581,50.80590147059048
2582,54.8403242376706
2583,57.010761513185
2584,57.76633435998998
2585,14.051085210355886
2586,14.838097494158296
2587,17.320254662263604
2588,18.943195781367884
2589,38.523337220823
2590,43.496791970553694
2591,46.786918565282406
2592,49.50438539731881
2593,53.075233194863934
2594,23.73175785234803
2595,25.717205642391367
2596,32.46242417880378
2597,33.620909567229845
2598,39.038629905438725
2599,38.89418103456499
2600,37.25574779697377
2601,38.64916313182658
2602,42.6779463340302
2603,40.953485603516064
2604,43.80911503117919
2605,45.75587892054511
2606,11.309125645837822
2607,15.681764767044134
2608,15.03972885089039
2609,16.79579654678809
2610,17.763292089944127
2632,49.751155005442214
2633,48.38253940464124
2634,57.84309895050695
2635,55.21102363625424
2636,29.023893239108173
2637,32.90957430565082
2638,38.43136983660664
2639,41.87076289522769
2640,44.88448458043416
2641,47.969111409082224
2642,52.53120687152576
2643,53.419376574699996
2644,55.73588313573567
2645,56.684614527160285
2646,58.928372847658835
2647,60.760267989991114
2672,4.682585360567927
2673,7.499099596881833
2674,10.764072298481329
2675,14.419814143375353
2676,16.366405652014468
2677,21.04349143013576
2678,20.118506367801317
2679,26.578854404782994
2680,26.072762302363078
2830,30.437402098180907
2831,30.480535409697953
2832,32.68562362631146
2833,33.08516349197544
2834,35.87906413169873
2903,5.777677527120575
2904,5.720259070581223
2905,7.1493121414939385
2906,8.809807730842273
2955,37.43327718240146
2956,44.102530583264034
2957,43.59416604592232
2958,43.507227520395745
2959,45.29844285770206
2960,48.396513643089506
2961,49.56952501638176
2962,55.673365264755795
2963,57.161025712297494
2964,44.04516052529124
2965,47.96811416946554
2966,52.840965889779135
2967,53.688737530943705
2968,55.02215099636311
2969,56.11819571941136
2970,60.03436243518336
2971,59.818359970926096
2972,61.53019446554581
2973,62.628933418270485
2974,62.75904767841192
2975,62.770418733012434
3006,63.94645360274663
3007,68.96713400344248
3008,68.05344041281987
3009,71.34156048557824
3010,71.91232646914243
3011,72.28347455615408
3012,72.51524600957082
3013,73.53632257986315
3014,74.01028136771592
3031,33.97825480653745
3032,36.97673087006883
3033,45.15413455119017
3034,47.80611576612511
3035,48.248088569832206
3036,54.110199967052516
3037,57.08545702801951
3038,57.802155587930706
3167,16.57968128499428
3168,18.534317890313083
3169,24.5004177284114
3170,25.169901033075135
3175,28.82871713215406
3176,29.004533817220114
3177,32.21692325352602
3178,38.61420457480724
3179,39.82187526913477
3180,43.2921381729307
3181,45.48298215214933
3182,52.68175991281861
3183,53.64526771406621
3184,53.38738146968923
3185,56.72543331029411
3186,58.81065856079474
3192,25.10410804928019
3193,25.250588315303972
3194,29.723555389969068
3195,33.587431223157154
3196,33.814887669913176
3197,6.344356668391241
3198,9.67285990372432
3199,17.022395733843958
3200,17.04262106273492
3201,32.97977348028172
3202,37.543475933102314
3203,36.965869714310486
3204,43.86236131155598
3293,38.20615669168756
3294,42.29717076408853
3295,41.186005243865196
3296,46.501866629984924
3297,39.442219236674454
3298,44.29834143377977
3299,47.894251392566616
3300,48.20871066745263
3301,50.9978477568429
3302,54.36145095383821
3303,54.65360516085171
3304,54.08500356193902
3305,56.568673318571946
3306,59.47655437204105
3307,60.49502540140666
3308,61.46917770268765
3309,18.252558856649646
3310,21.882161664224107
3311,29.404531389805847
3312,33.3334461600376
3313,35.623527774005055
3334,22.052614887083813
3335,28.121337325276684
3336,29.401237419235628
3337,31.84965782895579
3338,34.03439634640976
3339,35.74797866546776
3340,37.322049986990244
3341,41.165739701212765
3342,42.30332358454559
3343,47.173890254094495
3344,48.621849945016265
3345,43.627626656981036
3346,48.78052349381308
3347,49.53892487135472
3348,49.702021334307034
3361,20.4411600105322
3362,22.158256549467417
3363,22.209326502593353
3364,33.77330322715133
3393,15.635141503383736
3394,16.55544125773379
3395,21.107802941530764
3396,25.1366249648495
3425,38.321256624683066
3426,42.20268218786411
3427,48.32537905438696
3428,53.82251293420532
3429,55.72008703801808
3430,56.96924324394604
3431,57.80388946271657
3432,60.99294179384047
3472,12.913307247367008
3473,18.13157266699908
3474,18.396323879034274
3475,19.56981646939111
3476,21.432843132499148
3477,31.483320780565183
3478,32.22433299161707
3479,33.99761075684284
3480,36.44607795346669
3481,39.77792297953825
3482,39.66819776478885
3483,41.202262211340255
3521,14.877203958251908
3522,12.467288315224788
3523,14.286669411878465
3524,19.4263975293253
3583,17.070537621740126
3584,18.80360370943372
3585,19.849871567233
3586,27.99172727688732
3587,29.083194318856105
3588,30.157129467288378
3589,33.41348924934047
3590,40.12270739542991
3591,42.112301986794684
3592,44.083955794202645
3593,42.34555902208369
3594,17.73575057844725
3595,24.492730897222543
3596,26.89610556007301
3597,33.54362337775069
3598,33.75321724503209
3599,1.9239494013048606
3600,3.453469723683281
3601,8.593934939257887
3602,10.56055812518861
3603,12.055224928817342
3604,16.197178783789347
3605,16.91500302124122
3606,22.154579477779997
3607,24.2582587609575
3608,24.812062965854604
3609,25.81086280717054
3610,27.09983847948532
3644,11.022431886247537
3645,14.294972107397752
3646,16.39519059006679
3647,16.45470107786458
3648,18.91853609520865
3649,20.623984203685104
3650,22.099614239873805
3651,27.902210741103325
3652,28.239143254912214
3653,31.128334889381907
3654,35.78872918946572
3655,35.91238408922086
3812,32.093378002816166
3813,34.92934200621411
3814,40.63659136661632
3815,46.9886656078169
3816,53.926441930923566
3817,58.290249120378654
3818,41.26517452631029
3819,40.10298628261458
3820,42.97162840772178
3821,46.62781900865293
3822,50.345166336124805
3823,53.49992021057864
3824,52.81640956775706
3825,54.79855952937679
3826,59.66720838953597
3827,61.44793778017624
3828,60.605063044259865
3829,63.21223757358644
3886,31.050959519157086
3887,35.11057257736867
3888,41.87078870682068
3889,44.48239726836984
4051,11.795016988007118
4052,17.114598138978796
4053,19.175765215862455
4054,20.889325318565824
4055,22.042415888371206
4056,22.487897145810148
4057,23.32788787582313
4058,25.477716039361653
4059,29.642890989398833
4060,30.33645003656956
4061,34.94605639002977
4062,33.97747245758025
4128,17.171394809763946
4129,19.99826065484907
4130,24.35778648277253
4131,22.012700525050757
4132,27.14222886272761
4133,28.889131119087274
4134,30.2409536964477
4135,35.19887248620789
4136,39.49860704246041
4137,40.83478614562546
4176,17.11751091556479
4177,21.53119353145608
4178,24.089634024620153
4179,30.637871714307646
4201,45.79125449361669
4202,47.986368607578825
4203,48.23011693810993
4204,51.99919453246201
4205,55.24531041696258
4206,60.82666084917708
4207,63.2257799573989
4228,51.99750612611552
4229,56.83947658179169
4230,58.007105552587234
4231,59.53513381888747
4232,60.694905180292324
4239,23.320053456882587
4240,27.795150314967866
4241,32.68974444890261
4242,34.87627498685399
4249,25.70427936874889
4250,26.189643032599538
4251,28.277857810688605
4252,34.20270380075074
4253,34.84829556360799
4254,37.269194946670865
4255,39.51279151472966
4256,44.57205618450846
4257,42.847959882239614
4258,44.28874913785278
4259,46.589088468312944
4260,49.112267364630114
4270,42.97439144146539
4271,44.22279125691209
4272,49.059727466473696
4273,51.234497445032105
4274,37.79861584583335
4275,42.839276571018495
4276,43.19306623783556
4277,45.77187980595802
4278,47.0137575039634
4279,49.04530597998669
4280,50.38151438994809
4281,55.20403595891282
4282,54.37971380436922
4283,56.19083104968028
4284,59.328437926865014
4285,60.78435736737506
4323,18.55524773117154
4324,23.142966206422436
4325,28.583494437862623
4326,33.33369652989038
4327,38.23750831585351
4328,40.523980538940855
4329,42.81811850954144
4330,45.097702589581836
4331,49.976829108993016
4332,52.26934546787373
4333,51.348002612741276
4362,11.184479268088484
4363,12.842775938083705
4364,14.868525531597191
4365,15.166394477864962
4366,14.072628353691414
4367,41.82515102220774
4368,40.035392174298124
4369,40.51087462139768
4370,45.26521258504149
4371,45.238828542927976
4399,45.99465400222467
4400,50.52040672809081
4401,54.59009252659599
4402,69.88450474827852
4403,70.27675835656893
4425,33.708944288326336
4426,38.89805156949022
4427,43.16421782358291
4428,41.71505256975206
4429,43.122869741947234
4430,47.063852419407354
4431,48.44788511903137
4432,49.479848964115355
4433,49.88210849492514
4434,53.48340639018467
4435,53.40391654227566
4484,14.406244403056604
4485,17.858591146135613
4486,22.536573187317945
4487,28.736533932936023
4545,16.96337278661085
4546,22.39371139728736
4547,26.846606067833747
4548,29.695658587779537
4549,33.16885702697461
4550,39.133097729265856
4551,39.20498337799689
4552,40.24237580155427
4553,42.378586767156484
4554,45.43318156002014
4555,48.09488400896022
4561,11.61269510317594
4562,14.99689169635219
4563,17.95629873941062
4564,18.594737150988088
4698,23.854751233858934
4699,27.745370758918273
4700,31.960561929087604
4701,34.158974129432124
4702,35.09833268884554
4703,36.873056352887886
4704,39.01614997617535
4705,41.23221380940987
4706,42.23088113447722
4707,43.787329962910256
4708,45.647442455598785
4785,15.790057541637317
4786,22.56584745131714
4787,31.085845646852256
4788,36.674240369391235
4828,28.98339601098093
4829,34.717575594263515
4830,38.04974236589353
4831,40.80958646915773
4832,45.39207751129809
4837,5.031699477688096
4838,6.455229233628099
4839,8.782542545683514
4840,29.797417910110102
4891,19.01700057273305
4892,21.05376733359357
4893,22.666003628271696
4894,24.86988069123969
4956,64.04345935917989
4957,69.98785871194661
4958,71.74945123651776
4959,72.78431527108795
4997,17.92642214676646
4998,20.74247953254997
4999,25.170863305145502
5000,26.26938395118886
5001,27.657626338919876
5002,30.921123626199392
5003,33.29930678167969
5004,35.37083285327174
5005,38.70813853008628
5006,41.00257258224305
5007,42.446021680737616
5008,46.95315407339443
5045,1.922464162518544
5046,4.599820082788935
5047,8.751421656012907
5048,12.222146014552822
5085,11.444962187169347
5086,10.76577789126372
5087,13.141516498753681
5088,18.809468292443803
5089,19.504563273978793
5090,24.936584861724736
5091,25.43756883711455
5092,25.28118651653958
5093,28.57027406831274
5094,29.64767045383181
5095,30.68196445558754
5096,32.87310906090446
5097,16.744874029307475
5098,24.063490726367572
5099,25.53649421153869
5100,27.68309394645856
5101,30.821588608820786
5102,32.45362753853942
5103,34.043904180053666
5104,41.80749813122515
5257,5.644150427629183
5258,7.851930532174301
5259,11.576507635867136
5260,10.690937460315055
5261,14.737575413974936
5262,15.736800600340878
5263,21.494688803552528
5264,22.93877445482257
5265,23.990914777812737
5266,25.710997090859518
5267,31.009426718628248
5268,32.66671541714714
5372,48.039876660662244
5373,48.96494648143631
5374,52.99362996084399
5375,55.64734513043174
5376,59.56816338080727
5377,59.81319522552819
5378,61.29711840856424
5379,62.998067955362146
5380,64.52861163614706
5381,66.00423115922298
5382,67.87964709446025
5383,70.45527746978782
5419,21.01455318984684
5420,24.541004782661513
5421,29.367643717339387
5422,33.16089061371093
5423,37.198746542947106
5424,38.05430167490394
5425,44.50950631283529
5426,48.74721170472887
5427,50.0294048579401
5428,53.097472398869286
5429,52.79095454400026
5438,45.91677063551658
5439,46.33580120036597
5440,55.23859795292252
5441,57.02707422824296
5454,47.62871944789266
5455,44.69440935390678
5456,47.29700176566865
5457,50.30403281090718
5458,56.812328907992736
5459,60.28205736615982
5460,68.6178016379107
5461,72.88892752195578
5494,14.426233710456398
5495,15.814584650102521
5496,23.742233564351036
5497,23.969740530448227
5498,26.882497585095173
5499,32.153476589389015
5500,36.63257345182689
5501,36.49445006094972
5629,4.5780535212459625
5630,7.555871237251581
5631,8.141988428151791
5632,10.142974730674004
5633,32.96651209850976
5634,36.37629672992805
5635,39.54250199368353
5636,41.84372692260507
5637,41.793051068152145
5638,42.590875381338805
5639,44.38075327934726
5640,47.62522274150201
5641,48.69861016974292
5642,51.45954570028399
5643,51.74360872184899
5644,53.07080938095795
5645,9.175536487595146
5646,13.905717480291669
5647,13.031076291018245
5648,18.74067465021187
5649,19.821928577796527
5650,24.975491075636906
5651,29.713509661689553
5652,27.143703926768076
5653,28.589483401250156
5666,40.45237607152843
5667,44.242572400406445
5668,45.100204825072666
5669,48.871258772920264
5670,50.40236581197065
5671,52.52312813416575
5672,54.286458691794074
5673,54.29235182412017
5674,57.8003647101257
5675,57.97077543949658
5676,60.77753326490702
5677,59.6983707942444
5732,23.29603294901871
5733,30.613775759448796
5734,29.473352692479494
5735,33.10933142610122
5736,35.66104525519591
5737,37.83639752237215
5738,38.683793802565255
5739,40.437718158726355
5740,42.938039823178194
5741,43.305588935448135
5742,44.294445822654204
5743,44.409926977097435
5863,45.96041969351845
5864,49.66357465856241
5865,52.41650963493747
5866,55.27159989164337
5867,56.955797437439
5868,57.91110886103757
5869,60.653797877261034
5870,61.07072712826491
5871,63.19962661866042
5872,64.53821413119651
5873,64.4794697306649
5874,66.62475343177994
5907,37.0429811624611
5908,41.539918247462744
5909,47.09106411473175
5910,49.073645231186475
5911,51.22887413486847
5912,53.338902008015666
5913,54.373271229372136
5914,55.4086994935919
5915,57.02811239000077
5916,59.97326353917253
5917,60.16457690878477
5918,62.13231685601183
5940,27.223704649668626
5941,29.118692227517467
5942,30.662124077438925
5943,32.25900110259745
5944,14.071953695964504
5945,18.103982515749053
5946,19.096181049283356
5947,21.85537717753281
5948,21.885094302681154
5949,32.173943235555186
5950,34.09984191163414
5951,36.52932182676642
5952,40.35892994443097
5953,42.762475750863004
5954,44.41967921245507
5955,46.45547116987822
5980,28.61494302972713
5981,32.78412393830487
5982,35.56377211434617
5983,39.48901635984757
5984,42.590186522517286
5985,32.15414995899294
5986,32.77105540965048
5987,35.045182201562774
5988,40.275912050925875
5989,41.3897759229323
5990,42.27133649714576
5991,45.058508480104244
5992,48.502954113129434
5993,48.53977226799431
5994,51.56894440093253
5995,54.13217169594944
5996,56.52649443679672
6001,34.70961776884422
6002,34.787335732564955
6003,39.19587460069989
6004,46.60073973396053
6005,59.7869880456635
6006,58.75204680981406
6007,66.72035579628249
6008,71.11539612888596
6021,34.82216841476519
6022,38.58788455343121
6023,49.9903661360171
6024,54.38434467204257
6025,56.94980637465401
6026,57.573227178502464
6027,59.52690049409527
6028,61.082847618342264
6029,62.3310163351891
6030,63.849234838638345
6031,64.51603136725471
6032,65.59243174392296
6122,37.40314677128764
6123,38.55046775920397
6124,42.786141246872845
6125,46.557509616636814
6261,38.30012131633474
6262,43.837374843425046
6263,48.22354545794072
6264,50.33483261412423
6265,52.40954035415561
6266,54.477812254956255
6267,56.09731456981342
6268,56.18277723277595
6269,58.95082799631263
6270,60.88227396925596
6271,62.87427276454223
6272,64.48272797066869
6313,39.78319950955084
6314,43.64909021734422
6315,46.75064764243708
6316,48.39157872034693
6317,50.43438017285259
6318,49.973041076134756
6319,53.27747734988679
6320,55.912701025408346
6321,2.9957887097301326
6322,5.404810311610394
6323,10.958692821921288
6324,13.898619595530107
6325,15.83094002872612
6326,17.252521140370522
6327,17.99889447767604
6328,23.593608197097467
6329,24.178395092533485
6330,31.28870906579599
6331,32.18285908777263
6332,31.627918456366984
6348,3.2644295818003015
6349,6.4451202939254495
6350,7.114030860124771
6351,10.19704624160318
6352,12.105040438207386
6353,15.574160879516699
6354,17.128692525151042
6355,24.214605975110594
6356,22.493756959287385
6357,24.37545353065534
6388,26.456781451379356
6389,27.47109804399481
6390,28.70589434892993
6391,31.77811623715446
6392,33.08101989458956
6393,34.21078844894493
6394,36.33536374750269
6395,40.85327427957895
6396,41.55514950264312
6397,43.18054608808053
6398,45.52879738340983
6399,45.178085087369475
6462,10.718293532068303
6463,20.183333370770804
6464,26.389809796152925
6465,31.043326934132825
6486,14.462413407199463
6487,18.069633592136384
6488,19.339990896807485
6489,19.872807707111708
6490,23.053750401102526
6491,26.855946853701333
6492,29.05163230849942
6493,31.67168581843912
6494,37.47713069065616
6495,39.59398177476543
6496,40.958212181915805
6497,40.379553610403335
6538,30.25983074896039
6539,29.63220369458323
6540,34.02436331798883
6541,36.601115400255104
6558,36.524773770751715
6559,42.5443898522783
6560,44.48249699215335
6561,48.78168692658873
6562,12.490512220092102
6563,15.350209427780191
6564,17.42951896270103
6565,23.89454195182318
6566,26.464652940017547
6567,27.27827099689295
6568,27.55816211837248
6569,28.98003477681394
6570,35.06475610339683
6571,37.45820275378402
6572,41.676366479718865
6573,41.24180422374641
6574,27.97801469429109
6575,31.348023561020973
6576,38.64969176677992
6577,39.62753016104431
6578,45.68316866847995
6579,34.954462910956394
6580,33.93930966532578
6581,34.43425970289219
6582,35.47220484180171
6603,27.409010245326222
6604,29.726447365940047
6605,30.779001436444982
6606,32.445750979694864
6607,34.25916168736167
6608,36.860984365556405
6609,38.45757907692753
6610,41.86322257840973
6611,43.91171271918416
6612,43.50819402640905
6613,47.08525834901083
6614,51.483622583415034
6643,6.59875347417441
6644,11.925137329259874
6645,11.671498133942132
6646,15.649834124167995
6647,17.653905785570014
6648,17.382849098872192
6649,18.7093029515252
6650,21.598670086634083
6651,19.564410975881287
6652,25.03705463586561
6653,27.048872582427034
6654,27.427158328129845
6663,26.229306516428693
6664,31.241846847652923
6665,36.01764289010371
6666,36.12851470174742
6667,38.46610047755728
6668,39.95973878957945
6669,42.38513167919574
6670,44.22693317637241
6671,45.034481330070825
6672,45.005027644784406
6673,45.1700170256612
6674,51.0173485673286
6675,23.51539850238579
6676,26.5860533165148
6677,28.12071147062676
6678,33.71937577627775
6753,50.70053399625963
6754,52.373824564489134
6755,55.16258764378491
6756,59.731007037330414
6757,35.52503366623295
6758,42.866658495156074
6759,47.104548370232884
6760,51.360998697058065
6768,42.86102462006665
6769,50.18962034306363
6770,55.190321787569076
6771,56.762131949837084
6772,61.95911149357891
6773,61.12414410656167
6774,65.12068962748809
6775,64.48745513025469
6776,65.07020430510563
6777,66.79132493188537
6778,67.68577709463524
6779,68.84313320499916
6788,9.798764312294306
6789,11.561091152877701
6790,13.095038794153846
6791,14.346945522951556
6792,14.790164963350193
6793,17.41904478991221
6794,18.220014302698285
6795,19.89194603647928
6796,22.487114521109667
6797,30.16847238483142
6798,34.35062480593702
6799,39.26539284395075
6842,36.64778029884839
6843,41.46381969502663
6844,43.93452215033857
6845,48.368378990712806
6846,49.99108339373094
6895,31.349099578916274
6896,35.66480388565462
6897,37.62041613373016
6898,44.24053653680048
6899,45.698953647841265
6900,48.499144179572504
6901,49.44280799408128
6902,50.249201117948566
6903,52.43424209980893
6904,54.62849189175476
6905,54.857217537288236
6906,56.91917903347125
6907,58.55230950114624
6908,58.62633487306026
6909,60.918731788479434
6910,61.3775374519872
6956,33.90494083470322
6957,39.589659082312025
6958,43.84815315799688
6959,46.350088080118084
6960,47.28930860089181
6961,52.962262742915854
6962,51.88226567484513
6963,53.43471687287744
6972,19.89618473875932
6973,25.083207867924123
6974,27.37315236128052
6975,29.009763889415648
6976,32.45731038284757
6977,33.43371928702024
6978,35.07256420591492
6979,38.73436303423869
6980,42.46407453815721
6981,45.04858043842075
6982,48.30721603874098
6983,50.46058964098216
7052,36.088762139553864
7053,37.258478897963876
7054,41.850349094499016
7055,46.41444514388781
7084,-0.026096743443627068
7085,0.649485899617524
7086,1.7878118876860085
7087,3.1522019439574183
7088,8.32276136411529
7089,12.513411471055672
7090,13.561884915517478
7091,17.029643933538757
7092,18.85550316640696
7093,19.872109012084465
7094,22.526488133450425
7095,23.258417630982105
7096,30.059291821590257
7097,36.42753552291352
7098,37.825939030990405
7099,48.383054453049894
7100,57.63833065919511
7101,35.82184276005234
7102,38.67196640509159
7103,38.858779262284514
7104,41.408101657823224
7121,18.066594058340815
7122,25.373355741874715
7123,28.203334157194156
7124,40.076164318310184
7134,51.68824516465051
7135,42.856901339535476
7136,46.19096281223957
7137,53.0389482645958
7199,23.185886586052906
7200,26.13288720433042
7201,34.994490934009974
7202,35.36006003770706
7203,37.892091577785806
7204,39.03613940982424
7205,43.53006091721118
7206,44.88482163750602
7207,45.926840401922576
7208,47.83609493463584
7209,49.0372745861915
7210,49.97799022897343
7279,17.061340011006816
7280,15.631529345017166
7281,23.93458790064596
7282,26.269279637117496
7287,21.352813671006356
7288,20.846719665696956
7289,23.1758691897353
7290,29.777933699045025
7291,30.88168699560169
7292,33.626070457214034
7293,37.864797385530125
7294,41.29232844861035
7295,41.73573671023793
7296,44.53896229537277
7297,49.73808066092385
7298,54.19100316748262
7371,3.7146157247183735
7372,6.410354707858537
7373,7.7779452589496385
7374,13.664361113042933
7375,15.271663647657027
7376,17.37816220531695
7377,20.022773254491113
7378,21.314266946428802
7379,24.54100869552787
7380,24.711578508639324
7381,26.01293589531942
7382,26.723744958554597
7510,41.299351083356534
7511,44.11143791619167
7512,47.21741486516848
7513,50.24424927460515
7514,50.8503228461875
7551,-0.3025905115166673
7552,0.38880345252997994
7553,1.6172377565100358
7554,3.980485750836808
7590,24.34776948421988
7591,27.633633495029787
7592,31.92024932343657
7593,32.74827418711117
7594,44.142906523567774
7595,42.64588900213427
7596,42.008567436212154
7597,46.054982635993944
7629,26.91998835106243
7630,27.681762011397623
7631,29.99847393738026
7632,31.36868160079193
7633,34.97326990782702
7634,41.44974675306012
7639,31.119419901555684
7640,35.986370850581466
7641,42.86282910469953
7642,48.627131737175475
7643,49.287069591801576
7644,49.06930267919671
7645,51.2495809695252
7646,55.320397474958575
7647,57.2487304416115
7648,8.591426001029355
7649,11.671160084455655
7650,6.869321650001192
7651,11.682658540655142
7652,14.43869284737718
7653,15.65515116668192
7654,16.26378463839314
7655,23.454603463011644
7656,23.962569810591365
7657,25.31564218653916
7658,27.67725437050669
7659,29.193522066489578
7690,14.212615538339996
7691,17.741619115242173
7692,18.994990191052846
7693,24.920857018000856
7694,25.607932637553393
7695,27.746654354610918
7696,30.07640102427218
7697,31.476753163856234
7698,32.33553486270058
7699,35.14550894889642
7700,36.82709590195576
7701,37.635199669681185
7734,10.186226592256812
7735,13.917380711431903
7736,16.79607436806374
7737,24.89128796491882
7738,26.51232443981893
7739,26.285276697322054
7740,27.09801202114293
7749,4.437474091802425
7750,6.828795085259136
7751,7.52326175951462
7752,10.390996205365289
7753,11.247560934822449
7754,12.98105884255698
7783,23.831196623610218
7784,28.16951382127319
7785,32.780743456623014
7786,32.80800711643013
7787,34.23531029474871
7788,7.278284726461344
7789,9.814608986368222
7790,11.946115819886277
7791,12.885241379029074
7810,38.66086023144746
7811,46.73988530467983
7812,47.354561913781815
7813,51.30557560560717
7814,54.39091152142322
7815,56.31127775513535
7816,58.908226399487766
7817,60.58428787077376
7818,61.37063913726485
7842,33.666403460605814
7843,39.82250228845117
7844,39.32138844337675
7845,43.289380366749405
7878,29.073447570122507
7879,29.998615596614332
7880,31.237000185777998
7881,30.64146142246594
7882,32.12092476718526
7883,31.808172814502445
7884,36.70658808577592
7885,42.69980987514234
7886,43.675919208865125
7887,46.438493649110434
7888,47.23238824860068
7889,50.94283186584667
7895,27.45628935008371
7896,28.548162487027952
7897,26.69803602989283
7898,28.96379509751735
7899,32.37217339547057
7912,13.47806476529134
7913,18.298628969173308
7914,20.981587422190252
7915,21.87269618545693
7916,27.50932771634346
7917,29.97204726287448
7918,31.415761221030607
7919,34.175320942504705
7920,36.817758165485614
7921,38.230898866387186
7922,38.59251941202513
7923,39.39136410965633
7957,30.866782742655513
7958,36.208989678812415
7959,37.54131342843594
7960,40.78120752663696
7961,41.68756422956953
7962,45.80999019738201
7963,49.307203711966956
7964,53.37795190709178
7965,56.103428783706214
7966,59.537658143687146
7967,63.54425067259932
7968,44.336448040551915
7969,46.216768190128086
7970,51.41675537684881
7971,52.76042490302662
7972,55.24740932610511
7973,23.197368033773664
7974,31.320299813408177
7975,31.83274028932397
7976,34.576461941176305
7983,6.683602000157818
7984,6.11346190011582
7985,9.849474055216861
7986,12.301631557419325
8027,48.501326779085844
8028,54.91995056373421
8029,50.639385776035745
8030,54.171876901826124
8031,54.7063750912534
8032,57.54188340006406
8033,58.20448045283198
8034,57.436764180863605
8035,59.49955525191732
8036,60.73511150662849
8037,60.9410006782901
8038,62.06514677664553
8101,22.02783184389881
8102,31.955766590636703
8103,29.75203966518733
8104,32.4046279941289
8105,5.313478384544068
8106,5.882245838436648
8107,6.451995161883704
8108,9.365876075973537
8126,41.30930559047199
8127,43.77618614959255
8128,48.73915248471918
8129,53.03505810233127
8139,34.4462687008975
8140,31.73660312470495
8141,35.00844888710037
8142,34.521604761558464
8143,40.04678307608292
8144,37.69678664383411
8145,39.778178402552
8146,15.153643279723939
8147,14.786871386286018
8148,17.285265101146987
8149,18.861212637247785
8150,7.7998913733707225
8151,9.292152404915484
8152,11.289415457379592
8153,12.939415291080447
8154,14.72211267711844
8162,44.66995027276364
8163,49.5558381753875
8164,45.19946233685567
8165,48.41146195452017
8166,49.54506741810013
8167,52.6492175505689
8168,53.24891248240041
8169,54.488501165395135
8170,54.60281006692914
8171,56.672591192605594
8172,59.602083380182656
8173,59.58088243016272
8203,22.705539388072353
8204,25.294677977088575
8205,26.361911513156862
8206,33.72700933974372
8207,35.71946143810621
8208,41.48667019717467
8209,44.19697999816812
8210,45.61675806029976
8211,49.45748507293979
8212,50.46804761700401
8213,54.5193497812162
8214,55.75599231471507
8215,4.5101351958309115
8216,6.871690943130563
8217,13.149698427045983
8218,14.60059392253028
8219,20.27697144431978
8220,20.501115621112376
8221,21.684239024889642
8222,20.672030555238806
8223,23.321597471935934
8224,26.540867398770214
8225,29.60720491809706
8226,32.229282073998135
8305,14.445989212298295
8306,18.584200836001624
8307,19.32485108616073
8308,24.387619261459044
8309,26.159823414832058
8310,29.397223830648755
8343,13.899260839853355
8344,13.161480447837762
8345,12.056281735727303
8346,11.8390227503663
8468,26.312473989849423
8469,29.932174663295612
8470,34.52522636247683
8471,32.653712412850254
8472,24.743470610779454
8473,30.11590612076042
8474,36.390388380715024
8475,35.742989935470646
8476,37.34311066696158
8477,45.493336322257875
8478,48.667798078022464
8479,50.257579497707766
8480,51.916977221720146
8481,53.11455725709892
8482,58.18491414045691
8483,59.939572857934785
8536,24.261763751241645
8537,31.5235685434902
8538,38.02850682036126
8539,38.39433916786984
8540,6.253510366512274
8541,10.628646201443443
8542,10.779335764392517
8543,12.252926874928152
8544,14.27114842161544
8545,22.295261750638787
8546,25.383724491203715
8547,23.660966011692175
8548,27.518798864753403
8549,26.971237941818288
8550,30.852655366202598
8551,30.95490439652494
8564,32.767825386725356
8565,37.880353148788686
8566,41.19616044365279
8567,46.145040575030436
8568,50.88063853751886
8569,54.097203960306416
8570,57.105936253023074
8571,59.34977160579458
8572,62.20391283051025
8573,63.16857892852829
8574,64.21133310144104
8575,65.32637283584094
8604,15.233638973620247
8605,19.56750289839057
8606,23.650976543991003
8607,24.537029762787768
8624,17.16558516446751
8625,18.708752222135107
8626,21.582876440375035
8627,22.849435444017985
8677,21.451464581308716
8678,28.963130440001958
8679,27.976154736329498
8680,30.097699311270944
8681,31.829814378998
8682,34.170346617503725
8683,35.831607993465525
8684,37.6235006709551
8685,37.4238417397758
8686,38.6601477079787
8687,40.26336258002472
8688,43.21705691815444
8732,54.51562582761841
8733,59.65305386661137
8734,61.320075484471616
8735,65.38410851711066
8768,35.38246869673765
8769,37.465317420141695
8770,41.53970732656135
8771,43.5783995671635
8772,48.79587580833656
8773,51.50009917136463
8774,52.64430819478987
8775,28.027323428013595
8776,27.44083674965368
8777,28.746768136364675
8778,28.57606477325741
8840,23.732845514787265
8841,29.865581032695168
8842,31.07472107597028
8843,33.05599139377508
8844,36.26887069600116
8845,40.0217053728255
8846,40.88864727111509
8847,44.90759677147428
8848,45.21129769351547
8849,48.67841956568602
8850,48.11339840412201
8851,51.19277403651843
8852,33.52932252692327
8853,38.30996850645007
8854,51.81386386305131
8855,59.80118677926454
8868,50.203519727326146
8869,52.363751084089884
8870,54.920778219403196
8871,59.70073863823261
8872,61.61596281792169
8873,63.3336240687048
8874,66.81662529305122
8875,67.34593566870672
8876,68.37241354096795
8877,68.71840254856701
8878,70.00030704132635
8879,70.58780163129053
8898,31.111964526078598
8899,26.531978433016125
8900,30.068522506160004
8901,32.79716989937613
8902,34.363381524113755
8903,36.230680920727245
8904,38.95372208688317
8905,42.176798991571275
8906,43.502722670888694
8907,47.5433078823701
8908,46.751828416362606
8965,31.188616029103688
8966,30.874794581306528
8967,32.8375572002512
8968,35.09148893735923
9070,29.766094386530618
9071,34.487836752636404
9072,37.39849966964972
9073,42.944034440067234
9074,42.81768712801024
9087,30.277555547683793
9088,36.160176836762695
9089,41.97141523601911
9090,43.73807657164192
9091,14.300349717076225
9092,18.041466944548716
9093,18.20754466250124
9094,21.000607299462214
9095,22.843404668240797
9096,24.22803994414326
9097,25.055283825909445
9155,23.902474537956248
9156,26.5601829033459
9157,30.54160103621396
9158,32.10561321760284
9159,36.98277709116843
9160,41.0635543739335
9161,41.600855625659285
9162,44.16463038311909
9163,47.37683388042975
9164,51.74070119074152
9165,52.22393378330712
9166,56.10960449612442
9167,31.68434016512208
9168,36.72820413226115
9169,39.89573096925242
9170,43.42688598025138
9171,47.79529427898537
9172,49.130700612645214
9173,53.37095431805425
9195,11.459519454737897
9196,12.840750286939947
9197,16.221935394302307
9198,18.639819671276797
9282,24.62119037108645
9283,24.17050454487365
9284,30.62029898668788
9285,32.05379665452636
9286,32.96885422100336
9287,35.587363731632756
9288,38.15111436646226
9313,15.239195546137832
9314,19.453419290873786
9315,20.445536489346416
9316,24.126290911390168
9359,36.27214232031764
9360,44.24142044343066
9361,49.49189877656596
9362,51.39527157432477
9363,35.710830600156655
9364,40.27361282129423
9365,48.70016444104767
9366,63.30567685149568
9367,63.11616910198268
9368,32.69093413753111
9369,36.35367546603366
9370,44.439276170561584
9371,43.444295119360035
9372,47.109574847716544
9373,48.721749896153504
9374,52.15987603609004
9375,55.66698307233862
9376,55.62142112540546
9377,58.644267559651375
9378,58.66325082036967
9379,61.35053293521489
9380,22.59866219083374
9381,27.57102466512032
9382,26.374686411056082
9383,28.908234750636883
9384,30.276443793895222
9385,32.39664264216527
9386,33.57196251045655
9387,35.09674585003287
9388,37.62477259401522
9389,38.41885492458572
9390,39.287306487087115
9391,41.81035514218309
9392,26.364985900176862
9393,27.27424916089752
9394,30.660028887615205
9395,30.82120636030165
9396,33.91148862956185
9397,36.74240320266038
9398,38.85349494616213
9399,37.3691546097034
9400,42.01090692405418
9401,43.61723481561398
9402,48.063404184639786
9403,50.025632951540956
9502,22.73364988868627
9503,18.41407993049662
9504,26.018837043283796
9505,27.036006947530804
9506,27.852957455976846
9507,28.71639341831717
9508,31.611873201004002
9509,29.30209364597053
9510,30.64399196837566
9511,30.481410153810643
9512,33.72609945311109
9513,33.533725916219666
9514,35.15027683102538
9515,35.81856648751748
9516,36.724378629817195
9517,39.677264855422386
9518,42.05314071548596
9519,42.6162424227776
9520,42.281532191633005
9521,43.729912734655805
9522,45.171508156764695
9543,56.46007880678656
9544,56.79620198733759
9545,58.50031461035824
9546,61.395798637951884
9547,62.0616304640979
9548,62.90986036245754
9549,65.58196464198237
9550,64.42695187452021
9551,65.42068329488055
9552,65.65265053358083
9553,67.72544928574483
9554,67.10447245693835
9724,28.72831194430222
9725,27.462438014766086
9726,30.964968797136862
9727,30.971634534475257
9728,33.148577572518796
9729,33.12954021746445
9730,37.099220812132195
9731,26.044014079431193
9732,38.50288446138479
9733,39.60769389981774
9734,43.02742956824921
9735,46.17404438279099
9778,25.798384861699176
9779,29.872858706114783
9780,34.23612485040362
9781,35.45180615260547
9826,31.496800755963864
9827,34.369148495380635
9828,33.25867697604657
9829,32.810330082988884
9830,35.54652216882969
9831,37.701535656963834
9832,40.30651201292368
9833,42.65583277869706
9834,42.2386821341107
9835,43.17442157776974
9836,44.79459005175974
9837,46.4041867634646
9850,25.909717628261394
9851,30.842105328883765
9852,39.3075159422784
9853,39.10206780384552
9854,40.099827544491156
9855,44.43284028675124
9856,47.75650326681152
9857,50.4412993999938
9858,50.38873386069083
9859,24.150736942598456
9860,26.970227582632017
9861,28.861386725734917
9862,32.32429754679518
9863,34.640878803093656
9945,38.1625290011122
9946,47.35867656585586
9947,48.52807834893342
9948,52.080193618268645
9949,55.170074150533075
9950,56.675037608714966
9951,58.35523639147466
9952,60.45467827390846
9953,61.18359855651854
9954,63.389612913875276
9955,65.2725576176526
10058,15.187077078960646
10059,21.935653000968994
10060,22.366129516581577
10061,22.039947731221694
10062,27.75415967803752
10063,28.967539800976173
10064,30.269714102956243
10065,35.03710554281543
10066,35.307004878958075
10067,37.3751962990833
10068,40.23755665681466
10069,38.56633589263549
10070,42.5594606017015
10071,38.7252432170687
10072,44.889952033331845
10073,47.66371939517396
10074,52.336420125688676
10145,17.97358870536351
10146,22.752426260166047
10147,24.97867395945409
10148,25.58743623975623
10149,27.94662034945042
10186,43.47822227665159
10187,41.245610398759446
10188,49.90956206885289
10189,52.543881977462135
10190,49.77427421092165
10191,54.86505139371963
10192,55.63208761097833
10193,59.82498761281718
10194,60.58171445029281
10206,25.36979732167739
10207,26.06538252501638
10208,29.398123655308144
10209,32.26499826200244
10210,35.05498066231005
10211,37.66064461224836
10212,39.65980929365269
10213,42.48139975522515
10214,45.64742001970907
10215,47.11804172525055
10239,31.025583022517086
10240,33.38316537595877
10241,38.18157500074045
10242,38.04564552871995
10271,12.46540410912003
10272,15.668653640897146
10273,17.552552577676526
10274,19.56471013275933
10275,20.459384168976552
10276,28.297756728252104
10277,31.932940621608157
10278,33.81032978591614
10279,37.35506395134926
10280,38.011750871802384
10281,41.23517530196439
10282,41.462742584114196
10283,13.128482839384443
10284,16.00246807772118
10285,19.254543795068926
10286,24.89085402493109
10310,32.42690506057234
10311,32.45526869727184
10312,33.818226089586084
10313,37.76223602971378
10314,42.48233764792991
10315,44.743307884403144
10316,45.34849027575949
10317,47.26474604185342
10318,46.12429233369985
10319,50.84171585195606
10320,54.09077595438193
10321,51.99798337190399
10322,25.205288642686455
10323,32.96614645125184
10324,38.81708924228834
10325,41.26888729961536
10326,43.8863314167475
10327,35.51085538139639
10328,36.783612749849055
10329,44.907553993480015
10330,43.78684606820886
10331,46.345483422505055
10332,48.6444419512089
10333,51.364156983470735
10334,56.86697908625657
10335,55.971168312753704
10413,27.595114634280527
10414,35.08399271979344
10415,36.73045851132801
10416,47.59461944726988
10477,26.58040699897271
10478,28.566546155272437
10479,31.942556756527406
10480,36.4152808992824
10481,39.95373303434346
10545,19.020915417535228
10546,25.53505605232391
10547,26.60306119330775
10548,29.196181427874446
10549,30.723331176832264
10550,34.11960242579199
10551,39.18881513638886
10552,42.141961019246274
10553,43.496833958616186
10554,43.793034526186695
10555,46.659677070662546
10556,49.182624364998794
10634,41.352782753805826
10635,41.44796347732077
10636,47.50671358080134
10637,50.36345749946731
10638,42.24763672620091
10639,45.40447141879483
10640,48.427810097247544
10641,51.90151758173601
10677,17.85091620649645
10678,19.651394377832947
10679,25.85477147262145
10680,25.669329319728377
10681,26.99832528889215
10682,32.646424678332515
10683,30.618146615984536
10684,34.947330625239495
10685,32.73693093327969
10686,37.974459059744675
10687,38.561516916238965
10688,40.24071933927918
10689,45.57234948084223
10690,51.28445236356783
10691,54.88072482649211
10692,58.63826200614751
10699,16.873001194410296
10700,25.84244394454934
10701,33.991613469667215
10702,28.96601719595074
10703,30.91583255836716
10704,34.8099721958458
10705,36.71472180847813
10706,43.36708795008595
10707,42.57656261228267
10708,43.989571400709316
10709,46.685072026039876
10710,48.11955175237391
10772,29.43442670474109
10773,34.55582811104708
10774,38.535933626806774
10775,43.82086856270177
10776,46.10294867258674
10777,49.49394123865934
10778,51.45910027028811
10779,54.73271195158781
10780,54.90501027154957
10781,59.73295446200932
10782,60.66476240243117
10783,62.181497827477806
10793,13.35054449426701
10794,17.243124719397795
10795,20.40772457153065
10796,24.1121215696437
10797,26.096726736440548
10824,47.877981315485115
10825,46.69939319007488
10826,48.16792069010357
10827,50.66019896055293
10828,54.07176681449796
10829,58.54352267500667
10830,59.261745046962055
10883,8.218425583786473
10884,11.193836505193643
10885,11.627296424650844
10886,15.137199261130416
10934,26.929579553536144
10935,27.10494337177631
10936,27.0977925479556
10937,30.255253162602983
10938,31.75382689357763
10939,33.63209253605393
10940,34.36496611488976
10941,36.50737442391716
10942,37.37106115399164
10943,36.81196000838708
10944,42.20817075457356
10945,43.83218750228595
11128,23.449923393087406
11129,27.06222111941083
11130,29.904872394398406
11131,32.63614558292241
11132,36.499476097983
11133,38.102810938854375
11134,42.26264006276255
11135,46.30458703350539
11136,48.82577644098994
11137,48.684344155680435
11138,50.947809369349066
11139,51.70548899319134
11189,27.153336063926986
11190,36.12679863154967
11191,36.40856185068601
11192,38.046784992922206
11193,40.77285525614893
11194,43.435336074994005
11195,45.2792938984575
11196,45.93030434205034
11197,45.85176723846041
11198,46.27751032611484
11199,48.01716652153037
11200,48.618336117121245
11236,5.117612057047979
11237,10.292547105305228
11238,14.267074038578867
11239,16.467332070549634
11240,18.518796969173465
11261,9.552963077942218
11262,10.554797149237547
11263,14.458589262621786
11264,20.47671915520811
11361,45.97406773768255
11362,48.278773366519594
11363,50.707908973744416
11364,53.00031726754587
11412,8.145567102917502
11413,13.257192271260392
11414,13.597800560683268
11415,14.964547171042861
11416,18.474009226870322
11417,22.7985109375851
11418,24.401873542039574
11419,24.49076924628876
11420,29.175710313428986
11421,34.392769941841706
11422,40.36422215970622
11423,41.407418781147236
11424,6.094971269760867
11425,8.744013523211141
11426,13.453693288257874
11427,17.64900885331593
11428,22.1488734325139
11429,37.7428754871807
11430,42.91682231375229
11431,43.079377008994925
11432,47.61427743890211
11466,13.67240338768215
11467,15.237754093785306
11468,20.54304165519881
11469,20.650395698657185
11470,25.62490456537458
11471,25.56493197875606
11472,27.28248161705801
11473,31.764310948194883
11474,31.976559607728
11475,34.49669149828297
11476,35.661671622535145
11494,27.518364612351526
11495,31.87922798062455
11496,31.905833255696034
11497,36.254400159045026
11539,31.387473020010702
11540,32.991380015653235
11541,39.11064555927728
11542,39.71286657551139
11543,43.34321480526896
11641,0.15481552680369845
11642,2.149588794650093
11643,3.1632959013781075
11644,5.021653586441813
11645,8.276984215663612
11646,9.814347374840645
11647,11.057301564395178
11648,12.776848953366107
11649,13.39127634330603
11650,17.869503074439677
11651,23.672074408274767
11652,25.794996300368215
11757,36.61184381900967
11758,34.278172142091854
11759,41.164269618513934
11760,40.91131778399228
11761,45.777498879377106
11762,51.648617996231636
11763,58.481239121732656
11814,38.941774681968276
11815,37.739468050309824
11816,42.17361487550653
11817,46.81618883159034
11818,50.319901143495514
11819,48.852814552401114
11820,25.54341378298694
11821,33.22135401889556
11822,39.430442073158964
11823,43.36954305503968
11833,5.15715058227947
11834,5.726709284846561
11835,6.642528411161589
11836,8.710880344958507
11837,11.547594235336344
11838,12.543678901464896
11839,16.62780766670587
11840,17.87949471917157
11841,19.913717863687925
11842,22.390069061774888
11843,26.85955599270227
11844,36.93034825827625
11995,0.8395672672064004
11996,1.4608546447450623
11997,2.168000781900019
11998,3.4568146978333747
12009,34.77375914309873
12010,38.70120501245721
12011,45.8831562672135
12012,46.76360786084625
12013,49.523239830102526
12014,50.53933176958379
12015,52.19142952696735
12016,54.49101250375506
12017,56.30448523535421
12018,58.85972502167216
12019,59.072742431505226
12020,61.060430352717376
12032,40.41994257189739
12033,43.959849111431105
12034,44.54041090582445
12035,46.87956246524748
12036,50.31322786246467
12047,26.11593803843978
12048,28.915895057416694
12049,32.61878302314168
12050,40.255354681524764
12051,45.13020183324428
12106,54.39501278657121
12107,55.16168738808752
12108,61.14695189215517
12109,62.50518672054921
12110,64.29974509826856
12111,66.21151396041586
12112,68.28406159907556
12113,71.25214385948392
12114,72.02642642079515
12115,73.55464186232194
12116,31.251317329910144
12117,38.01327187825897
12118,39.63060123871926
12119,40.9520849428597
12120,44.22846127424367
12121,45.95030615445172
12122,49.55095872694613
12123,51.132524157818445
12124,52.419349427076774
12125,53.38458987770155
12126,54.41577203045271
12127,57.857169499667414
12132,53.01641933617812
12133,53.574777344044655
12134,54.94454929580377
12135,62.14758742146982
12186,26.23429285164471
12187,28.30389477227269
12188,30.27185936461079
12189,31.522783489583908
12190,33.01319128703447
12191,35.98171603796832
12192,35.82805406256539
12193,37.286178809189835
12194,38.873866940521765
12195,41.31782904717417
12196,40.71886809093195
12197,41.604447421598216
12210,31.63847048516363
12211,31.077702943398826
12212,34.56200810546107
12213,34.4618730048738
12233,9.77822513903554
12234,12.359760069028141
12235,14.461794027144988
12236,18.891336219175205
12237,24.134229305675866
12238,24.67304704861469
12239,26.020580749021345
12240,27.24167585479099
12241,28.959587825883514
12242,28.782109721578543
12243,29.778359432991376
12244,30.920172458785
12245,37.369559732385135
12246,46.86172441758332
12247,45.798961598217744
12248,45.546913076889176
12249,50.77978200657479
12250,51.53940277349401
12251,51.78296843667189
12252,55.42762260224356
12253,57.352227541250215
12254,56.82588030702419
12255,57.894654148294414
12256,60.054234115960476
12269,42.89356872691105
12270,45.72261442022232
12271,49.370138039055774
12272,54.42704506200837
12273,55.15791992388966
12274,57.04346399053007
12275,60.630713238211705
12276,60.813255844434394
12277,63.79709656147613
12278,62.89801929948054
12279,66.10987038475427
12280,66.04306113761331
12307,15.909503235820068
12308,18.903740601350968
12309,20.011351100562088
12310,25.760249673648353
12311,29.203762848536318
12312,33.54959082227686
12313,33.9357148693413
12314,38.22815606627257
12315,41.34463227954683
12316,41.573428556488174
12317,43.25343334397749
12318,43.611085868237545
12363,18.647922460737185
12364,19.851812037272506
12365,21.418319118758422
12366,25.659513587970203
12367,27.730391955250795
12391,38.265562649754685
12392,40.61957148487878
12393,43.972538252523734
12394,45.50304857535834
12395,47.392992229074025
12396,48.708014712597645
12397,48.463122566585426
12425,39.99147653610438
12426,45.63559188096449
12427,46.5157277243135
12428,53.48378226048942
12429,56.669032714511964
12430,61.239555344140655
12431,60.05500775185605
12432,62.25360408702256
12441,23.29630375548387
12442,27.637838736197264
12443,29.570446184075376
12444,31.429116566923383
12445,34.55502562960665
12446,36.17786263865059
12447,39.637517680387106
12448,43.788240604961565
12449,47.116538016448494
12450,47.45883160665803
12451,52.35460200960967
12452,56.21677995523583
12514,7.021645756061216
12515,9.75312291796353
12516,10.65927811656789
12517,12.640612902313949
12518,12.883765063228207
12519,48.47937412680042
12520,46.591352758587206
12521,48.85213027325272
12522,51.61620931053489
12523,53.9033864297655
12524,56.2111600442686
12525,59.142157059346765
12526,60.80397491395048
12527,62.20097258859103
12528,63.949469320701795
12667,30.107057615360358
12668,34.82675390939196
12669,40.861132923621916
12670,43.14660608146074
12671,46.20148695785255
12672,48.83116029754188
12673,50.516461295336136
12674,55.489547914761474
12675,55.46185247097889
12676,58.083494196991126
12677,59.77185651642113
12678,60.68742884398607
12711,36.92550432978256
12712,34.7985702112808
12713,39.088005378064146
12714,44.54777551994884
12715,47.88807623199685
12716,35.90657943237579
12717,34.4849125432386
12718,37.69333109984287
12719,39.10712881099114
12720,43.42220413292163
12721,45.793176841908284
12722,49.93594500810137
12723,51.130700190455165
12724,52.96224534750941
12725,55.424974814468875
12726,55.57026766322195
12727,57.55793317314104
12733,14.487625923240005
12734,16.126271944743774
12735,19.15071327215981
12736,19.53433948452136
12737,23.220000540781573
12738,22.916861197003698
12739,28.887340531264638
12740,31.422080258338855
12741,32.22302994196823
12754,30.91596960578815
12755,32.28495136444651
12756,31.834010871992408
12757,35.461366467164716
12777,3.772680080478585
12778,8.932167435216908
12779,11.360551723586017
12780,11.706330578955559
12781,15.81098861607816
12782,14.652018826674762
12783,17.776748409616115
12784,17.154364155263643
12785,24.087189054356152
12786,25.628242287088742
12800,35.85480715131324
12801,37.40495066546771
12802,42.916716551286136
12803,46.88840464273083
12804,47.530465570273904
12805,50.33865889356514
12806,52.263437144861804
12807,52.359299833396385
12808,57.7171881410754
12809,57.81613233342206
12826,17.900449987496714
12827,16.15795446146152
12828,16.706727374625657
12829,21.072479891894048
12853,5.863213519339664
12854,16.034156015133714
12855,20.769224390388374
12856,22.84858145031061
12857,24.93005024415016
12858,38.71010539317454
12859,47.32916769247462
12860,44.51568627229069
12861,46.77035540176277
12862,49.4741972913651
12863,49.962507851314804
12864,54.84897461633793
12865,56.47938016008728
12866,57.800494706452795
12867,60.100573104342665
12868,60.37166840492984
12875,26.229176993268705
12876,29.784779809732704
12877,30.518349974379298
12878,36.39029038392651
12879,41.58118717999453
12880,44.6164965653525
12881,46.691864826883645
12882,51.656519330635376
12883,54.11355990561685
12884,59.93917331878746
12916,23.87942055778454
12917,27.51980903021391
12918,25.57082628183059
12919,30.867239560256447
12920,33.153284061027954
12933,14.819535472992355
12934,16.299427002230054
12935,18.40844718253034
12936,21.084398555985217
12937,25.348288084035122
12938,27.943867435118335
12939,29.683548380243373
12940,31.84437712775221
12941,33.86438752481351
12942,36.223332599870446
12943,36.39525300981054
13020,30.774653663383475
13021,35.43128351796258
13022,38.3616777783114
13023,42.2237071735383
13024,48.36670833602861
13025,51.82087724882485
13026,51.68869472346993
13027,54.15369497983539
13028,54.69005093707205
13029,55.90495158016529
13030,55.5714206299516
13031,48.19609060221354
13032,56.27642564659939
13033,55.951403751783815
13034,58.309904874335224
13039,13.2971804658156
13040,17.512640496084966
13041,22.923676082502976
13042,24.35955110301385
13043,23.89405543515103
13044,25.705132148828902
13065,14.674901753489047
13066,19.026775094472892
13067,21.196452293346592
13068,21.757778600166613
13069,23.607271918847875
13070,24.053128677403006
13071,34.87497163163332
13072,35.91580520339631
13073,36.892909637160294
13074,36.25254355171086
13075,39.67910054574348
13076,40.44728982197984
13077,11.956533372174992
13078,13.434484303783096
13079,16.22727240066094
13080,23.117424135358682
13081,25.601399979212363
13134,11.725323507965737
13135,14.949258796277435
13136,19.051745166467068
13137,25.140578900462625
13162,23.760005977965147
13163,26.4590463436552
13164,30.116482660345994
13165,31.75842856818284
13166,33.74589812648857
13167,41.23295294552193
13168,43.4379824457934
13169,45.59404475903078
13170,48.39605419751459
13171,51.12912243831164
13172,50.859284390216374
13173,52.18354588185526
13195,39.38029770791593
13196,36.53000097257898
13197,39.95163556644922
13198,41.331924069244394
13199,43.79160716819857
13200,45.67787612496597
13201,46.20390965783146
13202,48.11641604602098
13203,49.3698743415724
13204,50.81427728583294
13205,50.31077556322753
13206,52.649970952017014
13219,19.701878910062952
13220,20.17750463888561
13221,22.71276268846158
13222,29.89617060820881
13223,30.394140374073924
13224,33.78827445972985
13225,41.64053231297404
13226,43.97646497710762
13227,47.64107887708746
13252,21.231116120870713
13253,17.87370198051737
13254,20.58605439897462
13255,24.04221756464996
13256,34.94635800132244
13257,33.39176404710014
13258,38.79340079966128
13259,50.13207763032694
13260,52.28891808697157
13261,57.560917641144
13262,60.70259675189764
13263,62.256132313363125
13294,34.59789096829669
13295,35.680761326787255
13296,38.83036933729356
13297,40.63070704658023
13298,43.164401054292
13299,44.054993849830204
13300,46.99828322012443
13301,47.80125101000607
13302,49.144230917319156
13303,51.80985616352193
13304,51.73490228672398
13305,52.591516615110294
13332,45.142212933297515
13333,44.09368204618633
13334,46.74855388565786
13335,50.01831403148767
13336,53.14537239161959
13337,54.596028718663746
13338,54.91724478628947
13339,55.9475643811286
13340,59.47387860619218
13341,61.0222924869532
13342,62.52479214473537
13343,63.08287593203493
13344,2.3642025107605655
13345,3.58590255724072
13346,7.436166400568081
13347,11.179068164847168
13348,16.056960412700093
13349,17.33357603729259
13507,8.826284387331864
13508,13.854875484651194
13509,22.81554916202868
13510,24.953556636610806
13564,51.654278643024675
13565,47.5314582827844
13566,51.57274505031118
13567,54.0683276057619
13568,55.50892659091118
13569,57.58283120186101
13570,58.54466055360178
13571,61.46024408327637
13572,63.12543877620201
13573,63.6116402610806
13574,64.52304408506431
13575,67.79275904469861
13674,10.402091754857977
13675,9.895015722208152
13676,12.75102823760405
13677,13.593212550846557
13720,12.104915542182745
13721,12.712213151569406
13722,15.705750638047846
13723,17.59664954747233
13724,19.28490013937355
13725,23.02529983251384
13726,25.139481250814395
13727,40.94029295732839
13728,40.076663226005806
13729,29.67788008342288
13730,31.61100853806394
13731,38.964171164049425
13732,41.339994105998265
13750,32.62902386822133
13751,39.69326571052233
13752,40.219307594768274
13753,43.9694108553287
13754,51.29926098703182
13755,50.085813975564584
13756,53.31872415147175
13757,53.80425254222791
13758,58.670052636285995
13759,60.48540775640511
13760,57.56680019590043
13761,58.611962349409694
13867,24.61128801073924
13868,28.109522213997117
13869,32.7463639919605
13870,36.65554431298637
13871,38.49442837011239
13872,42.85107391716074
13873,46.874047728872725
13874,44.68951236315507
13875,49.50006071562094
13876,50.0930873227849
13877,55.869405635116
13878,59.49986957143874
13896,37.36224309934429
13897,36.88693864235246
13898,46.05536356016636
13899,48.08544448297728
13918,28.548573751943525
13919,31.746837465749454
13920,40.624201576216755
13921,41.059681283439055
13922,38.92786022898529
13923,41.39237177612529
13924,45.111419746446565
13925,47.14239862185862
13926,49.41665840615186
13927,53.377671992450104
13928,56.511972888353895
13929,59.17197519509709
13946,13.401195902560039
13947,18.964609212846657
13948,17.449841398304194
13949,19.634741189134942
13950,20.628570872469876
13951,26.188586353565103
13952,28.026630272670836
14097,17.703184560944777
14098,21.72567978633733
14099,28.894319877746465
14100,30.270489006035653
14219,23.344948421783666
14220,24.269517822932258
14221,29.79916142791065
14222,31.426292524463445
14325,48.73428372565641
14326,49.48118488684842
14327,54.244534248606904
14328,57.48058279682407
14329,59.58777944160285
14330,61.78111415953681
14331,64.40394762311908
14332,66.09701936105256
14333,66.17103658378619
14384,11.557794883547531
14385,14.645508731101684
14386,18.541892962766426
14387,19.670619951091957
14388,23.25187513096243
14389,29.618805946381343
14390,31.609682314946635
14391,32.30751093392694
14392,36.39672255585628
14393,36.90548100578493
14394,42.33151738269624
14395,41.70980517790923
14396,30.550825884136056
14397,39.17814099776785
14398,46.85653451436934
14399,50.429536637609765
14400,5.158621177267476
14401,8.74876656870968
14402,13.458399729380748
14403,15.787255628577055
14404,19.874966358621176
14405,21.94171957040599
14406,21.290425784571006
14407,29.118815547827406
14408,33.01200256228348
14409,33.334425736903675
14410,34.74574643863538
14468,20.027696241337583
14469,26.937756754003356
14470,29.09278136602028
14471,31.86764546266724
14472,33.98481824428815
14473,35.42261472913846
14474,37.32664169408557
14475,41.85980330298713
14476,42.34547499786491
14477,43.94387086107363
14478,44.46623535915327
14479,45.94189879678343
14498,-0.07563743550446436
14499,0.4808689007011282
14500,0.833541319739747
14501,3.814009940937766
14502,5.668998420066582
14503,8.106652294579277
14504,9.405622002590187
14505,11.691814159453774
14506,13.673927037457977
14507,15.218677623891198
14508,16.21828869828148
14509,18.083194876226422
14510,9.678753186497714
14511,11.060192063049257
14512,14.961773370262273
14513,16.522259010412117
14514,15.944106564071381
14515,20.557808668906027
14516,25.220320790921097
14517,29.35351285246735
14518,25.53524913867201
14519,26.577122987360006
14520,27.029584402147076
14521,29.011458614584367
14535,7.462390795637771
14536,9.457886252170407
14537,13.188524736390969
14538,18.149230622691146
14539,28.7022189853707
14540,28.12719870234276
14541,31.673954173335627
14542,36.199447518912585
14543,38.48779612184033
14544,40.41994580196115
14545,42.2784171611698
14546,46.6713485884891
14547,25.161560760766267
14548,31.796843927904185
14549,29.395645165407647
14550,33.7068183524304
14551,35.42616529409471
14552,40.90433498280951
14553,45.832434980708754
14554,50.97139203862043
14555,52.6486459380875
14556,56.02620624070257
14557,58.4225181965695
14558,61.53666718588002
14563,55.74516888064119
14564,56.59332362991561
14565,56.09974664425029
14566,60.47844868329153
14567,62.51314939638779
14568,65.15837205449972
14591,25.373916804975664
14592,26.57582746252414
14593,37.31481895317307
14594,44.65150849899032
14602,39.42744995580506
14603,44.843918063988205
14604,45.21509558901358
14605,48.19304591002324
14639,14.777084707006972
14640,15.43128866723587
14641,15.494617746884757
14642,21.790325783245716
14663,12.163432042070498
14664,16.16344100045981
14665,19.9435414735358
14666,17.738467433607994
14667,24.57918240513033
14668,25.629212126115394
14669,33.73822879568472
14670,33.896337703771856
14671,38.11629509529349
14672,40.68281734730561
14673,41.27162090129895
14674,43.768265600286384
14675,57.945792340551755
14676,52.76248574840659
14677,55.7426158129266
14678,57.53483088602605
14679,58.29538947564759
14680,60.29207442998918
14681,60.10607371105949
14682,60.162658665713245
14694,40.00178896798323
14695,40.33761865767567
14696,43.10885499680441
14697,46.27519315338251
14794,21.61249438012444
14795,23.148992420489247
14796,37.9975266077824
14797,34.428146282923635
14831,3.641839836309373
14832,4.927221186330176
14833,9.236255948876858
14834,11.308134196396447
14835,14.669303081000054
14836,16.739278033999465
14837,19.631541113441116
14838,24.45872873689059
14839,25.97672667518711
14861,39.87872293934959
14862,34.56437726259908
14863,36.22150549228979
14864,38.87919542050489
14865,40.31854794728572
14866,41.515516708814765
14867,45.00965401912344
14868,47.35644302730229
14869,48.144531612502476
14870,48.91109621366488
14871,50.85561645639673
14872,52.407301957940014
14873,35.516052230027746
14874,44.64860798215031
14875,49.033280942821385
14876,48.226530356666515
14877,7.902907507535565
14878,9.797316530687585
14879,11.835655805348937
14880,13.19976593781364
14881,15.805181699754781
14882,20.22826506063575
14977,-0.44551844030256826
14978,1.48839945511104
14979,3.682569934574915
14980,7.988751966474814
14981,12.125026830065806
14982,12.997601069687132
14983,15.407566148862449
14984,17.159337798423223
14985,20.13291007051529
14986,21.047986668425757
14987,25.975250668211274
14988,29.0791968132986
15001,43.15582185559629
15002,47.022211306225934
15003,51.1889020916955
15004,53.8353433908851
15005,55.2975776618833
15006,55.67702015551745
15007,59.24938367425669
15008,59.99888497868932
15009,60.47826582173926
15010,63.92539039034035
15011,34.01668198113579
15012,37.95298664714507
15013,41.96203901891192
15014,47.22990411360217
15015,49.29629847458233
15016,51.63686203077416
15017,53.90263431954805
15018,54.95744470417801
15019,55.92066345076073
15020,57.132506334964994
15021,59.87968883098621
15022,59.33279574996314
15039,22.873451719120556
15040,27.032961258105342
15041,31.15729119128037
15042,35.897517110127275
15043,38.03646756721339
15044,41.60654099042591
15045,43.98766949313033
15120,59.442486062037204
15121,61.74755203420904
15122,68.89906416582262
15123,66.66953810061383
15136,35.489441360389094
15137,41.89886840626088
15138,40.41829917184587
15139,44.441061030395936
15140,43.51667310010718
15141,46.29773475946145
15186,9.321705588651826
15187,10.488403093729096
15188,8.921841650194933
15189,16.29141732647578
15190,17.155509034340223
15191,17.874170539780604
15192,24.511111020523746
15193,25.836836613553967
15194,28.717736265841218
15216,33.56915468144598
15217,37.00137881324505
15218,43.614764934595016
15219,48.97205704224417
15220,28.68489170108801
15221,31.361411235821095
15222,35.081058451263104
15223,34.507500533264185
15224,35.022825994469535
15225,37.4461960380729
15226,38.74519837213136
15227,41.34011288618901
15228,42.12306063477727
15229,43.78593428921218
15230,43.58191915994448
15231,46.37992232893417
15232,19.238942475829656
15233,25.314282111916324
15234,29.883944904411777
15235,28.187334610622777
15236,30.733088181857955
15237,31.89573909601284
15238,36.164677369229665
15239,39.58826058826708
15240,43.940129321252215
15241,48.311064466761785
15242,50.361515018791195
15243,53.804954209039245
15260,26.13308923312991
15261,28.412525962657757
15262,32.54480200333901
15263,33.50830034246395
15264,38.932131207758005
15265,41.87435811106703
15266,42.31556909372543
15267,43.78873858218581
15268,45.83646361942291
15269,48.85390596833061
15270,52.5411889338148
15271,53.530186481178596
15281,11.758882300386068
15282,18.725260141760337
15283,19.086405420769214
15284,25.049357086345356
15285,26.04122931729489
15286,27.043677775777173
15287,31.096850780429527
15288,31.530234671943695
15289,33.04498515199969
15290,35.5067525196456
15291,39.69428405168148
15292,40.32907558393575
15574,31.645857045027405
15575,36.21415319048474
15576,34.660661469102166
15577,35.800858114642715
15578,37.0321424714112
15579,41.40448288185415
15580,42.03660932287611
15581,42.81020602719164
15582,45.91314306076754
15583,46.311846392172356
15584,50.490219242785166
15585,50.680437948594474
15606,19.06852709096748
15607,26.60456412344324
15608,28.56622764324945
15609,32.77082881292647
15654,9.531013095125783
15655,11.376576741611652
15656,15.216056477191767
15657,16.82012288460226
15711,44.439667723337095
15712,44.78253915083106
15713,44.89983630720756
15714,48.09736894983045
15715,49.29904903308346
15716,51.76942151951707
15717,50.82703148316279
15718,54.29875280075691
15719,54.57846826006612
15720,57.1269032076721
15721,16.957938227198674
15722,21.250592177082208
15723,21.83492465167177
15724,28.291357811869002
15725,35.07959059322208
15726,72.9327653745824
15727,72.4038470470512
15728,74.48361776418622
15729,81.96202602262993
15730,84.28886833911456
15731,85.57652437574801
15732,86.62079779300774
15733,87.83980978466046
15734,88.84383458313323
15735,89.95848895957226
15736,90.56328198430725
15737,91.12977166513548
15762,29.162126709135247
15763,34.31526576705226
15764,34.88981050082747
15765,36.42758268261847
15766,40.3162151891925
15767,44.5856722791481
15768,45.363893057521324
15769,46.6115388012129
15791,32.91480929176274
15792,35.79133016256789
15793,37.66038476192155
15794,42.2594844577157
15795,45.49481736124112
15796,47.923917042262715
15797,48.98601728173794
15798,49.95115989479832
15799,52.74228746110424
15800,52.821840262766685
15801,54.436861252176584
15802,54.769079874307735
15815,18.520537153850736
15816,19.66193330463949
15817,20.065752758692618
15818,26.238218120183813
15819,27.737819322772108
15820,28.668019451948346
15821,30.44581419839985
15822,31.683476220989295
15823,36.14961521776996
15824,36.4754226979766
15825,38.19083975018176
15826,40.8862713744386
15882,1.8794242099635834
15883,6.177951412819118
15884,10.676996054574035
15885,14.474234737523794
15943,40.248729949469954
15944,36.35271499370037
15945,40.68811601892238
15946,47.36760170963694
15947,51.659788672395464
15948,0.40894575724073534
15949,1.655220311117191
15950,3.8607594632548405
15951,6.017424982200433
15952,7.770450522581999
15953,10.895702775857558
15954,11.996805958279221
15955,13.162669792589826
15956,13.921974158308899
15957,14.111103484835905
15958,18.615581032573388
15959,20.301533178963304
15960,29.08845632023392
15961,29.66776634437686
15962,31.455838348999247
15963,33.045698081183126
15964,36.33671085549214
15965,38.51514673346757
15966,40.174500724839625
15967,43.29613842235204
15968,43.86309087546083
15969,47.195013283701094
15970,49.809436045404446
15971,1.221790715137488
15972,3.0435582903345546
15973,5.601433017220383
15974,10.945312976130186
15975,13.610399074025441
15976,15.317056833091021
15977,18.744835908691925
15978,19.847704999279337
15979,20.705023021050003
15980,21.2680262560723
15981,26.340297823098947
15982,28.15813869407932
16004,27.469935605656485
16005,27.59647057597828
16006,30.15416529539805
16007,35.35951876042201
16008,34.16252282018971
16009,33.553850066773485
16010,36.93271640787393
16011,44.922707789568165
16012,45.9992588939137
16013,47.54645207450117
16018,12.764329537803437
16019,16.454376407057516
16020,19.275415592607633
16021,27.50386699775878
16061,64.54903342989839
16062,66.36796142943261
16063,68.519432330933
16064,69.01237401135266
16065,69.54020559024445
16066,70.33895093481509
16067,71.08121121148129
16068,71.9595813331734
16069,72.14197643155472
16070,72.68610018368406
16071,73.796293232175
16072,74.69559565050561
16073,9.8416768780739
16074,10.085818159117224
16075,11.046463354350717
16076,11.389047947097886
16133,8.502272278528006
16134,7.820540761017196
16135,5.950667851506105
16136,9.477900254726665
16137,16.402661007360855
16150,36.181558931527505
16151,40.72168777821919
16152,41.22638591249749
16153,45.47581228076046
16154,47.440631128177216
16155,49.5399999808976
16156,52.120867410178796
16157,55.78991359663899
16158,56.13867054136475
16159,58.172298445826314
16222,31.752907726416066
16223,35.76285169019717
16224,38.93106659525915
16225,43.46015814230692
16234,34.2382309878841
16235,39.09997404199008
16236,39.91919759079813
16237,42.758641858706575
16238,48.24886525833181
16239,48.91249131118219
16240,49.30946510690255
16246,24.907570892234162
16247,32.18257223926213
16248,32.67832422654453
16249,38.45179435984743
16250,43.18457421332877
16271,48.185447522937565
16272,47.137328661149525
16273,53.276195876793984
16274,56.04197455706994
16275,58.254975180638496
16276,60.62375156139889
16277,62.9894399645317
16278,63.83712899458517
16279,65.59367329563979
16280,64.74870784855244
16281,68.2705606397822
16282,68.09598283403264
16354,32.2470903991492
16355,35.27028065741782
16356,39.22972007294502
16357,41.964904441929065
16358,46.08575474069764
16359,45.78088506547834
16360,15.239202540754782
16361,16.92580656367013
16362,19.57313719962904
16363,19.76030484607075
16364,24.86369869193807
16365,26.324435160293945
16366,26.872462255112943
16383,18.705642145525292
16384,22.590929534053416
16385,26.319657480521098
16386,27.812870938115058
16387,30.5139020517378
16388,31.28465201929966
16389,34.63846093485238
16390,34.43708388972666
16391,39.448651878593324
16392,44.31119452034147
16393,46.72409628029482
16394,53.18183429563675
16395,54.25495059417174
16396,56.14545655400588
16397,59.41758060093689
16398,60.56955278852646
16399,61.8223308303112
16484,16.320610857716645
16485,17.723763886653007
16486,19.10239316867864
16487,18.878899181334106
16488,20.014800093524784
16489,25.059432357917597
16490,25.600134598640018
16503,-0.41360898994436995
16504,-0.02426972519651506
16505,0.7746974278619141
16506,2.6263873270464884
16521,15.297317053910408
16522,16.048188895771254
16523,19.216209222757918
16524,20.674243220308774
16525,21.320665725630075
16526,21.931738922846836
16527,28.664654265759925
16528,30.607188840376477
16529,34.12005642895601
16530,34.742423297662484
16531,35.5338030985906
16532,39.689195772178216
16538,21.59447436549081
16539,23.3779197071563
16540,29.30425365024997
16541,32.80491535402485
16542,34.31099682094343
16543,35.129474988942945
16584,-0.42695332746588366
16585,0.05631166652781647
16586,1.0805553327202777
16587,2.1229638024393114
16588,4.842088879150905
16589,9.403739087271632
16590,12.131479463761345
16591,16.588708881870655
16592,19.71585921665466
16630,31.266185344443883
16631,31.84156337759341
16632,35.59431605788094
16633,37.23191614455127
16634,37.46071482820162
16635,41.52304340239883
16636,43.026489065665864
16637,44.46584119454748
16638,46.76107086413023
16639,49.98098341529806
16640,49.410720643412894
16641,50.99396243179868
16676,37.876093359063574
16677,43.46723162195635
16678,45.416918046349245
16679,47.5885529176429
16680,49.9537217177899
16681,51.650585514288686
16682,53.44721599742684
16683,55.472245244781845
16684,57.02888761295546
16685,59.59625119791583
16686,62.995913132085775
16687,65.38658198751878
16712,45.16298481066867
16713,44.49433454217324
16714,47.14348136301645
16715,52.051460081729054
16716,51.68139407100751
16717,54.89957186494184
16718,57.07648344486389
16719,59.05396574412745
16720,57.98774842955513
16721,60.222841033993525
16722,62.246618757268536
16723,62.26324106230734
16743,52.45608630227583
16744,53.5014802206528
16745,55.296030823659564
16746,56.080217855487994
16839,14.107418617835306
16840,15.934944526036892
16841,17.42756357619948
16842,18.424005968664147
16843,19.023627889376655
16844,26.39536084333278
16845,28.61097416218106
16846,31.607716829392658
16847,33.801207501055124
16848,37.01309382675892
16849,39.74570095493382
16850,41.99735123456484
16855,40.27399427448096
16856,41.93582349678375
16857,45.284937459836385
16858,47.672963203426505
16859,52.52530515484249
16860,54.145750142204335
16861,57.2114768286692
16862,60.38261434919009
16863,61.54562729002141
16864,62.54019849309149
16865,64.04092339459248
16880,45.92458762203115
16881,49.71906268826694
16882,52.18094353107281
16883,54.69706558227437
16884,56.19762458131102
16885,56.635239383311024
17000,13.62623736817858
17001,19.330982018412463
17002,21.687418414844455
17003,24.67682312526336
17004,26.453183103915098
17005,27.275849491415403
17006,34.24972316591534
17007,38.57801101774783
17008,38.013555314268764
17009,45.74411460156304
17010,51.62450161059402
17011,51.28036500305429
17072,49.04142539726563
17073,59.79994597474761
17074,62.994060098498245
17075,68.13411399871241
17076,45.0189237423518
17077,47.1791099116753
17078,49.035519974519055
17079,49.485931194317814
17162,17.481002693293163
17163,22.50239363111376
17164,21.92751453959057
17165,23.069187767752243
17166,28.911626576058026
17167,35.48036986323584
17168,35.82240686557866
17169,39.05535346151852
17236,12.318926469914873
17237,10.27083909305422
17238,13.993436994008647
17239,18.335655959967806
17240,16.246875913522484
17241,19.21788531894296
17242,21.700629360738393
17243,26.34753273233697
17244,25.092472928485115
17245,25.110364061831614
17246,27.61272776349591
17247,31.14500080248721
17248,32.666855292916324
17249,34.713815035857806
17250,37.999589647120196
17251,40.78840810225771
17252,42.93120211390323
17253,41.789735320804304
17258,41.709573690780935
17259,44.793908084565444
17260,50.67101750632142
17261,53.16787570417081
17262,57.64711529272674
17300,24.987464021603596
17301,24.514631452091507
17302,30.126461010642835
17303,27.272441586577205
17304,33.167181799691775
17305,37.18344196575232
17306,39.53108224561577
17307,42.12394583016987
17308,45.58567730936195
17309,47.02070527909095
17310,49.74775368479224
17311,49.13743023560929
17324,19.685735219945773
17325,25.55772759571069
17326,26.70053888377688
17327,29.330344789953607
17328,30.881386277353815
17329,31.303730045276293
17330,34.27261898491678
17331,35.938527783743815
17332,41.563482576465674
17333,43.26748420987792
17334,44.01196973664536
17355,5.78723085057783
17356,11.191084708610957
17357,15.83967717595457
17358,15.117105966004111
17359,18.55524435361153
17360,24.04999455200585
17361,25.618195361631095
17362,26.61274867413326
17363,27.279360995179225
17364,27.54898573448458
17365,29.662431577200415
17366,30.610188541469444
17371,5.333919000672846
17372,15.447008327141013
17373,16.98817799403544
17374,20.728209805403413
17541,20.956456471737717
17542,25.46407457798373
17543,31.916278384692646
17544,33.50661839352743
17545,35.83800916389019
17546,38.35925569483315
17547,40.98230248157581
17548,41.01819735362966
17549,46.939236688748515
17550,47.621292082096815
17551,49.87572483886117
17552,49.75760128106196
17557,18.897848274922048
17558,24.42948409117122
17559,28.120902119938883
17560,29.18300748870519
17561,33.94128523914574
17562,35.715900401506
17563,37.54053694294069
17564,39.08454759354765
17565,40.79201388895719
17566,43.22256734157524
17567,45.82400059628728
17568,47.293702814256534
17653,10.797538539395958
17654,13.497235888285319
17655,16.613404907946883
17656,17.90415565219822
17657,18.430260984400288
17658,19.98867763849375
17659,25.04038730062695
17660,26.70026424355422
17661,28.228858545677895
17662,30.690161697739008
17663,34.67480183673563
17664,40.00582884682702
17681,30.09538279779112
17682,31.884868524476065
17683,34.31447197305866
17684,36.28388898717494
17685,39.107288369919594
17722,12.009524910962176
17723,17.973650767649286
17724,19.678305034470373
17725,20.536197266687687
17726,26.991559672374777
17727,28.083710312646048
17728,30.241590128076517
17729,34.52993343478004
17730,29.13942069475353
17731,32.8802756491815
17732,33.38466590114476
17733,35.25299056751624
17765,2.4887738123840433
17766,8.28395302406117
17767,10.231805177557158
17768,14.408030881655256
17769,18.43602149358558
17770,18.782808244866327
17771,23.932404984389983
17772,29.309722233626765
17773,30.832434199514243
17774,37.34370810057947
17775,36.09841522941684
17776,38.4953520646519
17797,29.089567033709383
17798,33.50549388280844
17799,34.660076881328
17800,40.68425026355245
17847,29.248827114453945
17848,32.51344141253848
17849,35.43829121236066
17850,38.90712861033258
17851,41.27778135216544
17852,46.152320461981546
17853,49.08405756564696
17854,55.38557305504924
17855,57.78896169691958
17882,26.281083161789436
17883,26.82478102968368
17884,31.30488554050052
17885,33.9685610398262
17886,40.71027899429552
17936,5.910539350845378
17937,15.421102871626113
17938,20.035969607963036
17939,21.390282255941134
17940,25.531610528675373
17951,29.380247513270497
17952,33.80676353128517
17953,35.62476941169357
17954,38.26148354811808
17955,42.00567168489374
17956,42.1403231449628
17957,42.156486431674466
17958,44.13703025002015
17959,44.2415041928725
17960,46.57371103067894
17961,46.34167123115526
17987,31.720097382946236
17988,34.84759890887894
17989,38.789258617951525
17990,42.90842861913993
17991,45.90922760810551
17997,32.273020188495
17998,36.50461058215025
17999,38.71368107006857
18000,42.201092156169764
18001,42.49638712041925
18002,46.78249108977391
18003,50.391931982287765
18004,51.200395804451695
18005,50.140092664819996
18006,53.861090761878195
18007,54.654461833328796
18008,56.4708471380885
18096,18.68622450425232
18097,21.026701759791248
18098,25.70602034186455
18099,27.257377186211944
18100,28.56503629503756
18101,29.12623203085674
18102,0.6761124955144797
18103,2.505395068408965
18104,5.183946469539166
18105,6.417475756846613
18106,7.9150400668083725
18107,11.978370178988676
18108,14.123236357445503
18109,15.673572617969828
18110,20.042879993042607
18111,20.55171643923496
18112,27.956721267566913
18113,29.240237482226185
18124,15.647372489877174
18125,21.182242419452212
18126,20.226576079561298
18127,25.675510510301976
18128,27.026797297274566
18129,30.081673265590368
18130,32.50366596112649
18131,35.77247501641431
18132,39.31095673580585
18133,41.1125530327248
18134,45.22507587141633
18135,47.49541496339459
18184,3.2272529865243307
18185,7.120462625822019
18186,6.214547606899629
18187,6.4604391813289865
18188,10.99943986314319
18189,12.650996838593633
18190,15.787773430129592
18191,26.327053120902065
18192,29.354329290243232
18193,29.81600922400275
18194,29.359722550801607
18195,37.05614470286775
18221,34.34302752626315
18222,37.42145281537896
18223,39.800046130154236
18224,47.42965406171253
18321,18.571541432368136
18322,23.394091884856447
18323,28.652956719800066
18324,27.354500521310452
18325,30.82932010711835
18326,32.59640805301842
18327,34.328413698375485
18328,35.04470115918395
18329,39.160640503680824
18330,39.146908572568954
18331,39.89799383306975
18332,42.02391841902459
18391,33.340244648762074
18392,33.2957344075601
18393,34.20329248995791
18394,38.6370517427167
18395,37.82797047654697
18396,39.294103061203245
18397,18.93719891608323
18398,24.98901913584457
18399,26.859768663739832
18400,27.253687916811025
18401,27.688384885282733
18402,32.288146973326086
18403,33.739035720434366
18404,40.934764697712744
18405,45.755234820757615
18406,44.29058171883593
18407,45.4931467880235
18408,50.21647711011287
18479,-0.3730120466404604
18480,1.4524570655731253
18481,5.297529365276884
18482,8.183356373986292
18483,8.994627910993259
18484,13.4216566563069
18485,16.28296300438595
18486,19.739900723989557
18487,20.480252504927748
18488,22.401563941383486
18489,27.140715340153182
18490,29.530569643670198
18566,10.118157166843815
18567,16.65558428760558
18568,21.041063817439664
18569,25.266607669684056
18570,30.371397339621442
18571,32.737123535541365
18572,33.03839623077079
18573,36.29787611257274
18574,37.91773424346525
18575,39.6624088894204
18576,44.70408278750544
18577,47.91611749549287
18578,49.13946452570917
18579,51.84192902086489
18580,53.82910328338488
18581,55.529720852549275
18653,40.03802421264204
18654,45.09632872400336
18655,46.700176542783275
18656,54.47496860878056
18657,56.000069109515245
18658,58.61484821052975
18659,61.82867594641408
18660,64.02157133702816
18661,65.20308591267445
18662,66.31984034837556
18663,66.61145277140771
18664,68.64341463018025
18665,24.447217525201022
18666,29.35722660972032
18667,30.503750123718067
18668,33.27343916201195
18669,7.916187427296294
18670,9.658753741145075
18671,12.354838977493849
18672,13.979064432757227
18673,15.604366434820552
18674,17.814148334016924
18757,20.208922364786496
18758,26.01320928439745
18759,33.97641129601069
18760,31.719819922681648
18761,33.83334836799215
18780,17.962396778789625
18781,21.334161216085572
18782,26.029845687044872
18783,29.53087163406272
18816,13.736668677223031
18817,23.90302389511105
18818,19.323139784858594
18819,27.287710818898862
18841,36.68356900956756
18842,36.10947494902924
18843,37.60852272924636
18844,41.43003962403414
18845,41.67808146789421
18846,40.67074149033649
18873,33.703195052020035
18874,43.571129728087826
18875,46.44387097299545
18876,51.88000961777619
18947,26.973899573446506
18948,26.909903681214647
18949,27.80609813344641
18950,29.749300849745712
18951,30.123307848339053
18952,31.2449564668186
18953,32.809883962787936
18954,34.282360392785705
18955,37.371305507569545
18956,38.19587434370027
18957,39.61965815601542
18958,41.40864150029365
18979,37.949221075782226
18980,42.98936604647252
18981,41.70705914806329
18982,43.41416243606525
18983,42.69937903945689
18984,42.911228855713766
18985,45.07628086006353
18986,47.31934536344009
18987,49.691673081456905
18988,50.98509067769827
18989,52.2791532429606
18990,54.668398988892214
18991,15.576728867016817
18992,21.69897724880912
18993,22.25576943931792
18994,26.030028511481234
18995,26.22463093535347
18996,26.971252246688383
18997,29.00400954749511
18998,34.119254259246375
18999,37.64066261433894
19000,39.99861549580545
19001,42.25188168164586
19002,46.91727228830638
19003,49.17985015856909
19004,50.567403082774796
19005,53.290947215130835
19006,54.409723222103395
19007,57.0351254903144
19008,56.77023355315715
19105,2.8666220632033603
19106,6.2403832394343315
19107,4.969645229459892
19108,8.815967095297465
19109,11.310477679272147
19110,12.980278499401727
19111,17.183744122453152
19112,23.713799374140724
19113,24.69681164490161
19114,24.947215235709272
19115,27.58434854450169
19116,27.33297833431011
19259,51.15937688521238
19260,48.418782407729445
19261,51.24379667075894
19262,54.213448627395394
19263,55.522216551947146
19264,56.571638465779465
19265,57.65461211881491
19266,58.30776382384334
19278,34.2844485092233
19279,34.54917336549405
19280,35.956629184851025
19281,40.01087480178372
19312,23.539605193232095
19313,27.106604108073793
19314,28.428857420043382
19315,31.349263929221113
19350,48.54572982729235
19351,51.520095216850706
19352,52.14717027463539
19353,53.474596033627115
19368,27.4247660330334
19369,30.15605006466528
19370,33.2321154413907
19371,35.007773228427375
19372,37.576679972918505
19373,39.79724356423908
19374,40.94498101661786
19375,42.69527347413306
19376,43.09607311112381
19377,45.47637502189662
19378,47.03029555538893
19379,49.176186126613686
19397,17.767274950994025
19398,17.885679325441846
19399,18.586527498877633
19400,20.349032623697365
19430,21.447421149859824
19431,22.64093235975929
19432,26.205025346821063
19433,33.205776527191894
19434,33.35150796625188
19435,32.09215923964463
19436,34.71758603532001
19437,33.93996028934897
19438,36.898138113484826
19439,37.78669221185751
19440,40.77094224886704
19441,39.02750096419885
19454,18.59135062703565
19455,22.232329647643436
19456,27.319938921265535
19457,28.807142969219033
19458,31.327012497285182
19459,31.78111260872307
19460,37.3346987497566
19461,36.10164390610997
19462,40.36530589700476
19463,44.00071266461839
19501,29.118873471141317
19502,32.16371500501702
19503,36.64112874338861
19504,40.07852947560028
19505,39.763213556230085
19506,43.701701219299544
19507,44.71287574127892
19508,46.54945942559361
19509,48.137435713079924
19510,50.4608188903053
19511,50.971760068571484
19512,52.88991133690204
19566,0.9780089984013742
19567,3.27141471699134
19568,5.763030423362836
19569,9.370953640981618
19570,13.050286685647476
19571,15.652119794451655
19572,16.922691585206028
19573,18.011154127596186
19574,18.624977872955277
19575,22.459434300752648
19576,24.009128962214128
19577,25.53020779902428
19590,7.05954821413139
19591,7.325498863397095
19592,8.166287663261256
19593,10.113619354457379
19687,15.135790073535793
19688,17.642439981533617
19689,19.02393301873138
19690,24.18886438179307
19691,26.096736830179424
19692,28.41137881941485
19693,31.239355747562875
19694,34.23251345434465
19695,36.260797050749225
19696,41.72108524604346
19697,46.50604528436307
19698,49.02501725854029
19759,47.75984259743891
19760,42.781276304501084
19761,46.23155140538899
19762,48.96337055847233
19775,48.03591513988485
19776,49.775237974625185
19777,55.04004335418503
19778,52.736342421084565
19914,6.487102416764358
19915,7.916410348461092
19916,11.234055274419566
19917,16.585501908066895
19926,24.652824137486693
19927,33.08639493578549
19928,37.64937973748097
19929,37.569627762889155
19930,40.96577821817117
19931,44.826991192606755
19932,50.31438314637377
19933,51.73424672617223
19934,54.09658703029017
19935,56.10439110247649
19936,58.002203666578616
19937,58.673031330269566
20000,24.925975389680207
20001,31.507126964552597
20002,33.511809298112944
20003,37.72638999502269
20004,39.17632930653556
20005,42.13047501651354
20006,43.440500475474614
20007,47.3153005649661
20008,47.699848456008546
20009,51.15890980990904
20010,52.11118051993068
20011,52.40734016572559
20012,6.783178894174371
20013,6.780763698000451
20014,12.495247775440076
20015,13.843457011410964
20016,15.590471622484774
20017,18.940944133890937
20018,18.304625000283544
20019,23.13114946947221
20020,25.121531414525577
20021,26.234759586113952
20068,22.51686849831741
20069,31.017088623313427
20070,30.380590532936584
20071,34.926473537884206
20072,35.76830134860249
20073,35.91094742835768
20095,14.464195873129896
20096,19.894915012031728
20097,28.59849376564042
20098,30.247485426798967
20147,39.17646601013075
20148,48.49458946155618
20149,45.78746133471671
20150,47.40327662109391
20151,51.350857170461246
20164,24.057911000097192
20165,22.31999927927795
20166,22.709263115129414
20167,26.488389155550735
20168,27.747541766253004
20169,28.922028817828185
20170,30.169320649583767
20171,33.31701135848408
20172,33.421288342324885
20173,35.73396837206925
20174,39.686989191054245
20175,38.108473590933976
20245,4.616137814532897
20246,7.399347392385408
20247,10.579208088354246
20248,13.32301825034281
20249,13.480847306505424
20250,14.670765585859094
20251,16.12391867216711
20252,16.155227604544088
20253,18.118970077858922
20254,20.834645012722135
20255,22.140431404915436
20256,22.476663733879732
20285,19.0830100413783
20286,22.680631830133457
20287,24.37568722466974
20288,28.24981675899021
20289,27.947733022057648
20310,9.015279579097221
20311,11.77982651852379
20312,14.015413581324495
20313,14.877795551893302
20343,4.627364695378741
20344,5.482095735663284
20345,5.718049934088201
20346,7.429739236875343
20437,0.6306202571161144
20438,1.0891340609688995
20439,1.4229645249244698
20440,2.0607004640907634
20441,8.637514485271412
20442,10.347773441446044
20447,-0.13516069459661822
20448,0.5592926578069352
20449,1.8923626769731183
20450,5.39769291303409
20507,9.967894352897986
20508,10.582984697872945
20509,11.147363779316604
20510,11.893625244112172
20557,31.482595940339014
20558,32.19462021736895
20559,32.557126002509676
20560,41.70436815624361
20561,41.700764889166436
20562,47.053030543761864
20563,50.74401617259825
20611,45.311712028386395
20612,40.85886728083921
20613,46.53032345061225
20614,47.350025245388295
20615,48.369124252362916
20616,49.16868372575758
20738,21.100376367564273
20739,24.83984943668355
20740,26.324850534826904
20741,25.148302956931307
20762,20.267434389241846
20763,26.607004002583455
20764,26.763596418729925
20765,26.86816458521439
20766,30.371273752339256
20767,30.9703693111491
20768,31.81292846899524
20769,34.27338543722243
20770,36.40046819628209
20771,39.01046493367824
20772,42.62143216558443
20773,44.76747808422005
20790,48.674200906137344
20791,53.41677809541535
20792,57.29436245720828
20793,59.346284178028014
20888,11.196889154800925
20889,15.780082184616026
20890,18.807003036982575
20891,21.430858590118884
20892,48.49382968603704
20893,53.252346641064
20894,57.918748758887396
20895,58.78906829633451
20900,16.090677700933963
20901,18.08835912315867
20902,22.13878897786669
20903,27.669692595620496
20904,27.38170173000041
20905,29.414867583298673
20906,38.228414326124245
20907,32.79161006160665
20908,36.365043228060394
20909,38.36290521509164
20953,12.57657507661934
20954,13.750948664282246
20955,18.527252081561258
20956,21.268910730583645
20957,24.665144080330304
20982,28.290343072295627
20983,35.065570560111446
20984,35.661993878541956
20985,38.87971122973151
20990,20.033588246471624
20991,26.191503536890234
20992,26.572848589111608
20993,29.08449302962571
20999,51.463126082850636
21000,49.122244023909175
21001,51.50735583687484
21002,57.28108801973949
21007,20.677233885671072
21008,23.452576621363896
21009,26.042376535384683
21010,28.620217857421736
21047,30.105660333896235
21048,29.413938845163628
21049,32.058818989552584
21050,36.12350402912378
21051,36.67119751897076
21052,37.07904495766787
21053,37.31137884261743
21054,3.759307460001982
21055,6.745618810387562
21056,8.825112972476493
21057,11.275413534595256
21058,15.132162704485278
21059,17.062194725999895
21060,19.7018116031607
21061,21.50389118377542
21089,43.397887180160055
21090,46.362139436669516
21091,49.303299895149756
21092,54.55614843436058
21093,55.51310811547175
21094,59.40453850473466
21095,59.750118543494
21122,10.020977989368744
21123,18.154718143350937
21124,17.342238482816402
21125,16.895059047421178
21126,17.803480517397045
21127,24.717116310915102
21128,25.046306440632254
21129,25.615864458908455
21130,26.152216932311404
21131,26.890127672351465
21132,28.075583520933616
21133,29.440967646994064
21189,25.40215164889124
21190,27.554775996149043
21191,29.841816123295974
21192,42.39603572276682
21193,43.516006739139215
21194,44.89773871532756
21195,47.985056125558465
21196,49.33063358842721
21197,48.995579037297006
21198,50.05724337025024
21199,52.80099780327874
21200,52.76989152822526
21234,26.356820472352492
21235,29.65797878833511
21236,33.05573022743516
21237,37.39182069385448
21238,38.50111685145966
21239,40.52547076509708
21240,42.94703784592636
21241,44.852449369306605
21242,48.014602063230264
21243,51.229889216516064
21244,52.81414615016986
21245,54.59638932479329
21246,26.767592036371166
21247,25.321516421178877
21248,25.83560010389932
21249,26.712034424183578
21250,29.190388979002346
21251,29.245883160353724
21252,30.35564601169838
21253,31.424549125560496
21254,33.71388967672316
21321,39.170146118973626
21322,37.96855253145591
21323,42.11167498057419
21324,45.52416345489015
21325,50.34430182786507
21326,50.437732437818646
21327,52.667193273860526
21328,55.047783918444836
21329,54.790945969083126
21330,55.68939278817347
21331,56.63555612262794
21332,57.46687145549947
21421,28.692490201209115
21422,28.537769967665767
21423,34.383963428468185
21424,34.59876149207182
21469,21.003196380462956
21470,22.2212801157528
21471,27.720741591136527
21472,30.258411786951314
21473,31.89654965440442
21474,35.357740409108665
21475,37.63791285320736
21476,43.79796506720649
21477,46.43066074738745
21478,50.326230424167754
21491,24.87239625937591
21492,28.584419223236047
21493,30.94731837894018
21494,34.536899610242656
21495,34.97084325477016
21496,39.13502453990796
21497,41.69359545866788
21498,45.22892834400399
21499,50.55121891821861
21500,51.93379783201684
21501,55.151574614015466
21502,54.8658106084203
21553,39.038275560307596
21554,39.48834886584979
21555,43.7153083199467
21556,46.875592648654646
21557,49.98083065995676
21558,52.45234573960568
21559,53.308901641070285
21560,56.656830852457375
21605,62.953946940615246
21606,64.7971659806618
21607,64.43630361505473
21608,66.74370284745405
21609,70.39429539703346
21610,71.8902383169342
21611,73.48597817799983
21686,23.828707006707035
21687,29.39190522207697
21688,29.91695277682968
21689,33.666695958169264
21690,30.719548620119365
21691,35.374580627307544
21692,39.7682572512779
21693,45.368796707562076
21694,45.94181466032659
21695,48.984506851765545
21696,52.8683986667679
21697,52.697427586090264
21698,54.1110722780849
21699,56.53449105841759
21700,58.93966353775238
21701,60.11693057738517
21735,12.630068038385774
21736,12.182056371983531
21737,19.83546961288682
21738,23.671979477186564
21739,24.95541871859043
21740,25.381494542873373
21741,26.67973471107548
21742,27.99838205333677
21743,29.783706443497678
21744,33.53246901343986
21745,35.11409644717518
21746,37.00057520448895
21840,27.801506040740957
21841,29.369932884330264
21842,32.48916564844843
21843,36.03936865029305
21844,39.24937814284451
21845,42.36737192402527
21875,7.922346839009723
21876,9.543304053099662
21877,12.243899854633767
21878,15.89828247742152
21879,15.355792798160556
21880,17.76245393398754
21891,17.050333239180997
21892,21.90047596735024
21893,25.27518332506752
21894,29.088347077527068
21934,27.637621675038353
21935,29.547452512686327
21936,32.96849673367359
21937,34.84492326574463
21938,38.978473623020335
21939,39.54830249458693
21940,41.226739621996785
21941,42.11595648234025
21942,44.50471814864017
21943,46.24739035562865
21944,48.95261397636659
21945,51.41936472100805
22029,62.1679773789706
22030,67.16436672306814
22031,69.74332599628437
22032,70.75330245924425
22033,71.79498735150983
22034,72.32986551111107
22208,38.35109301220329
22209,35.476706166315964
22210,36.10754795298679
22211,38.89021042334937
22212,41.85750116173154
22213,44.16421088313086
22214,47.91816421080652
22215,49.649010360986665
22216,48.78392602808575
22217,54.96191905659304
22218,19.411732563133455
22219,21.08648150392291
22220,23.84486546869481
22221,28.6501356024884
22222,32.20733229708626
22223,33.55668289201244
22224,36.31069769320758
22225,40.71062896749647
22226,42.369067473345396
22227,41.50044967781041
22244,30.77468553202197
22245,42.01406548428074
22246,39.56198849962252
22247,42.87562849601777
22248,36.890236882091536
22249,43.84189054860954
22250,44.83206198991602
22251,46.1924089390478
22252,51.64888586777334
22253,55.00532825633905
22254,56.15932138340425
22255,59.327482901793324
22256,60.494237071263264
22257,62.02453078744272
22258,65.13950184249776
22259,64.25547201245506
22296,0.0069827770717432215
22297,0.4945667313064451
22298,0.9697966279645349
22299,4.065403043262449
22300,5.1601438280189775
22301,8.16957093204879
22302,10.004871431943677
22430,36.52726937692038
22431,46.0214342101074
22432,47.14327931677038
22433,48.683952702168085
22450,8.375101909449857
22451,10.610675887456464
22452,9.762407334952341
22453,14.685402071634458
22454,17.434127709165917
22455,25.39684956973487
22456,25.433190237845118
22457,26.860099177459045
22458,28.243818922201203
22459,29.88473516029097
22460,32.80201843583644
22484,43.75871171203341
22485,45.00132195423048
22486,45.73486301106322
22487,50.30487361304564
22488,51.85808168648227
22489,54.09631268608336
22494,19.584422693711687
22495,20.702520812986958
22496,21.513811967936714
22497,29.70080290424192
22498,33.32915834625734
22499,36.70598575229607
22500,37.824101572534325
22501,39.5627344341118
22502,42.130832945711425
22503,43.92203998086058
22504,45.79612807049954
22505,45.836053562146944
22518,11.357524802810646
22519,15.158659010944358
22520,17.412604339459875
22521,21.786014812293274
22522,26.046567151896166
22523,27.36128846507112
22524,30.22412062019933
22525,32.88512303491535
22526,34.977810209682865
22527,37.82863753643596
22528,39.55980103196455
22529,40.70427454861915
22681,8.101387419308443
22682,8.240066687530378
22683,14.044337389043111
22684,19.75338418370696
22685,23.746982852664797
22686,2.6876593299906593
22687,4.523009697196838
22688,6.3910065667443945
22689,8.162135178107787
22690,8.214474387906733
22691,12.629886156550967
22692,13.470484036206479
22693,16.82012550240016
22694,19.345691986749525
22695,20.889428262353587
22696,29.87326294223367
22723,32.11525888914883
22724,36.70702025550241
22725,41.66174353061586
22726,51.25271364547702
22727,54.206244740506094
22770,40.87712077840449
22771,44.86289491070196
22772,47.96406822832991
22773,48.77021628706158
22774,53.35605831598236
22775,58.19586799856774
22780,26.280552305831424
22781,28.086890096695463
22782,34.28716197621459
22783,36.41415630540183
22784,37.921147241692374
22785,41.236507692729816
22786,42.02645976433268
22787,45.92559706442103
22788,50.37545001116806
22789,51.84181878754239
22790,52.603340480493934
22791,52.877231441855095
22792,47.06923465159504
22793,47.41664387308077
22794,51.90421577396152
22795,50.68276632157197
22796,53.71704604614902
22797,56.68156380106101
22798,57.19866665775177
22799,58.18710454331403
22800,60.318572617491675
22801,63.97176903516966
22802,65.40222274866211
22803,68.26433041358455
22839,29.3444957304141
22840,32.29872944450285
22841,32.371709807689896
22842,34.88294313860998
22843,35.51622135815943
22844,38.51437942341521
22845,41.82696499962805
22846,43.89177169133357
22847,45.11961193000434
22848,46.656396939566356
22849,48.07205516236349
22857,20.433123725345425
22858,24.99218640497022
22859,28.55225212489005
22860,30.47062593302764
22874,18.387578168071027
22875,28.73752532943765
22876,32.427322011980536
22877,33.316245952225394
22878,40.650099194466314
22879,36.61743432971154
22888,43.848150598430365
22889,49.47854510155388
22890,56.93780669623097
22891,57.51152752978979
22892,59.93110829014658
22893,63.56193875702836
22894,67.0027430457481
22895,69.67982421770729
22896,71.0217525086506
22912,44.54676450672247
22913,54.99904460830705
22914,56.53943131116541
22915,60.8995425535201
22916,63.040593479415605
22917,65.6981851540241
22918,66.69167500553006
22919,68.86595919375695
22920,70.21672840229134
22921,71.37712441088713
22922,72.11340032193908
22923,73.81702194794715
22964,36.281928594854335
22965,41.04828930015508
22966,41.15061934449169
22967,42.307514028519456
22968,43.248412194617124
22985,35.47618513323074
22986,39.72497925234666
22987,40.82916055935608
22988,49.558770132242564
23022,18.491066957244886
23023,23.598336250982044
23024,21.689093144794402
23025,32.63364844839315
23026,35.68024589675439
23027,43.79472175815788
23028,41.01114584447771
23029,44.74437650538982
23030,44.99609919831927
23031,47.691901057466396
23032,51.780874577556766
23033,54.49770368289198
23034,54.5605274102146
23035,58.818462395135434
23036,58.70437419435774
23037,59.03418310614963
23038,60.686105675336826
23112,12.004967630508398
23113,11.397515019130212
23114,13.564796411558108
23115,17.47954443763128
23144,22.868706455227322
23145,29.265096681523268
23146,30.375549479479666
23147,31.634864793963786
23148,36.40919121901491
23149,39.92565382992566
23150,44.72327687244901
23151,49.30155832657634
23152,51.06854409765036
23153,53.43901233133747
23154,57.72566508647158
23155,62.21718379518154
23178,31.998130244152176
23179,36.71117126129221
23180,45.601516345711865
23181,47.96169287493659
23182,48.70204242136792
23183,8.240057058393212
23184,8.877238821671002
23185,10.437015046548767
23186,12.19862507527987
23187,14.363785532075246
23188,14.56550100845937
23189,11.921581211839134
23190,17.124058020404124
23191,16.143452614955358
23192,18.29743312184934
23193,18.63130648576702
23194,19.530738730085172
23195,26.939634798518373
23196,28.789449662217947
23197,31.984970549694804
23198,37.008341511033045
23199,39.41126309333212
23200,38.12805457846968
23224,18.94371929275354
23225,26.009316444314095
23226,26.18181058209392
23227,27.807648630313324
23261,35.74370909140018
23262,40.730967342346524
23263,46.6110534011462
23264,47.48450477422355
23265,51.588378487872966
23266,53.57159667276563
23267,54.76121477430646
23268,56.97350329752583
23269,58.188461955344245
23270,60.635615355957476
23271,62.42602967848249
23272,63.13250328360676
23301,2.513739450168973
23302,5.835671586987295
23303,9.908383001391075
23304,10.454840178688157
23305,15.432769830356563
23306,16.04141043092592
23307,18.05704819633676
23308,19.298190904066477
23309,20.437994721674716
23310,26.604020759345453
23311,29.908814815017895
23312,31.37638430918841
23313,35.75709534565141
23314,42.89685941700107
23315,42.642621026301775
23316,48.19107867803629
23317,48.696509682893016
23318,51.77661317814368
23319,53.8572773346325
23320,54.51510217929851
23321,55.82246435626981
23322,56.178174442204984
23323,57.64602781945925
23336,56.707032094566706
23337,58.94154726511568
23338,59.13847095553837
23339,61.74077292688398
23340,61.25043303948752
23341,63.93609887785805
23342,66.09008213719305
23343,69.44823836099023
23344,68.43731352872145
23345,71.43107592781716
23346,72.00503248830141
23347,73.6128351377129
23360,10.971144374035752
23361,14.87759658733847
23362,14.22382320214026
23363,18.15319378556432
23364,19.22428586121563
23365,20.07130514122598
23366,24.10756292620055
23367,25.303446094919224
23368,36.04812002035672
23369,38.420529636712246
23370,41.229841107028726
23381,11.518405753656182
23382,14.527039393383191
23383,25.57604478737941
23384,29.27104863109892
23385,26.943848802679096
23386,31.102175004787025
23387,30.12671536122548
23388,35.639329004574634
23389,33.051751634909934
23390,38.85042104860996
23391,40.31406109284186
23392,40.64576072115846
23442,48.60828759340599
23443,58.30250369282398
23444,61.33657138732961
23445,63.632998333584936
23506,19.294355463633053
23507,18.930264473952494
23508,21.821066078784245
23509,25.67692361889109
23510,27.267190977375634
23511,27.205130694207256
23512,28.418460605641634
23513,35.68547846375484
23514,32.12365999055742
23515,37.11029622716759
23516,40.088719284114106
23517,47.47489886540731
23552,17.128645743254552
23553,20.336743487371187
23554,24.576044270499345
23555,25.890740039346788
23556,27.732199802033996
23557,30.56738427773294
23558,30.27984797838787
23559,32.79817594685561
23560,34.90075337029365
23561,39.49399407795945
23562,40.66626247040815
23563,43.93095484183822
23564,56.59443388913584
23565,51.266986939469085
23566,54.477678684382624
23567,53.224064043112165
23568,56.93690885858193
23569,59.2308668925138
23570,62.31016113992446
23571,63.00649287879623
23572,65.84898135671433
23573,67.4670466051229
23574,68.61046318837994
23575,68.84821299819511
23604,15.960915549390544
23605,18.298490168042896
23606,19.72242395363803
23607,21.569725911409023
23608,28.78070881908369
23609,28.099576566420087
23614,31.471647370126306
23615,35.54756693322741
23616,38.773425904474514
23617,40.816355601139136
23618,45.76948112718806
23619,46.64728820114987
23620,48.33362247864336
23621,50.75325293947423
23622,55.91517508278814
23623,58.18411931674529
23624,58.763263154967134
23625,60.62104367304969
23655,48.08461657513944
23656,45.51597649626197
23657,46.786161055456304
23658,48.36934327004727
23659,50.71205924387905
23660,51.74113357977546
23661,52.88400882638363
23662,55.22999576347774
23663,56.1928605409127
23664,57.59225562695586
23665,58.25547102591679
23666,59.56560903625098
23667,23.973967332839468
23668,20.926876875526297
23669,22.871590900560005
23670,27.525232119351823
23671,28.914640207479973
23672,33.08828281203746
23673,36.91882439769889
23686,33.68478329095863
23687,34.61950252719298
23688,37.309028741810415
23689,35.62186716481222
23690,37.14693551107723
23691,38.647542280579756
23692,41.97662193578127
23693,45.91434000074474
23694,44.56630359427697
23695,48.08220634654069
23696,47.4237099180507
23697,51.308121667775204
23711,51.31830577415857
23712,56.648022628061206
23713,57.237950957003804
23714,59.48568875919321
23715,61.58462908512033
23716,64.80691361178364
23717,65.2684431216161
23718,68.16883353732537
23719,67.37382184456386
23720,69.4587964046634
23721,70.04384054379288
23722,68.1210272264771
23809,39.00479456574807
23810,48.24310520010058
23811,46.988694809119785
23812,50.1015485446007
23813,57.65674941365774
23814,48.78496611656822
23815,54.567623524837295
23816,55.75213049488668
23817,61.355212080444446
23818,60.60950471657638
23845,33.894682550415325
23846,37.76640106246485
23847,41.20073048208551
23848,43.16362650316479
23849,44.67834002406468
23850,46.77170415400543
23851,48.96402878446828
23852,51.48601005393219
23853,54.97773472185852
23854,56.63300665878307
23855,56.010016184759984
23856,59.22474069154444
23890,23.863940117751255
23891,26.57162427714698
23892,29.700675833286837
23893,37.143557129694486
23894,37.0202934493271
23895,41.879742904389715
23896,50.79917387005293
23897,50.2166136302235
23898,54.276551209830814
23899,56.24385223691075
23900,59.684760719028006
23901,61.221235794448646
23946,44.13032985349154
23947,41.330791516430445
23948,42.88740211438012
23949,45.2975658041221
23950,46.390207378564114
23951,46.792537030438105
23952,48.89819978142716
23953,51.27760110810331
23954,53.68868342373775
23955,53.9631474465521
23956,54.86459736368778
23957,54.45878124449905
23958,17.568964334514643
23959,19.215819348067203
23960,23.18624810423647
23961,26.51867164021463
23962,28.1748443175073
23963,35.054012702246425
23964,38.311216330062194
23965,39.764503571612835
23978,20.618988943871376
23979,23.163109276228496
23980,28.039910025529093
23981,29.393774786122705
23982,32.73324023786448
23983,37.211367172712066
23988,23.380400752551246
23989,31.108025092973055
23990,34.09973763296534
23991,36.75464532087946
23992,37.15653840224677
23993,38.87302180469276
23994,39.98355531525272
23995,42.47840969808701
23996,45.169576246567495
23997,44.752499018521895
23998,45.9751979424656
23999,45.63796460770461
24034,16.48167315439603
24035,24.96078322426794
24036,28.48181011097936
24037,33.28271079304471
24047,26.31561604902276
24048,26.858666723040358
24049,31.434579057621953
24050,31.763813278941676
24051,33.7311709924634
24052,37.42239092314452
24053,34.296182716688236
24054,35.57009198477533
24055,40.22320582317651
24056,41.80026036823716
24057,42.66591484011692
24058,45.35057327333278
24147,18.978231611625567
24148,25.91753056884287
24149,27.17989593036922
24150,31.9712875651612
24151,35.408182967757135
24152,39.08101224930477
24153,37.73528676744118
24154,41.606176010364386
24155,44.954109879983385
24172,24.54297512389218
24173,27.818366640535057
24174,30.174357812598068
24175,31.717292976878227
24176,32.727391574947774
24177,39.08819383113353
24178,37.77890382616193
24179,38.98882652143199
24180,42.65306061423379
24181,44.52674507087339
24182,47.10471749428352
24183,49.69634151174496
24184,21.571391690221272
24185,26.602870966005632
24186,36.898929024865915
24187,31.784360853717008
24188,37.22619990504222
24189,42.81584822102069
24190,41.815452145591564
24191,45.29710882343955
24192,50.33259004928514
24193,51.21066309900474
24194,55.5827872155075
24195,54.92699034713778
24201,7.389619519494137
24202,9.789177500681332
24203,12.006951489654734
24204,17.59576407665137
24224,30.731694657448546
24225,36.58296397615028
24226,39.631407527096165
24227,43.512795397441046
24228,46.31229240583878
24229,47.094362196741315
24230,49.27358313252873
24231,51.594755359238455
24232,51.54775265757226
24233,52.87284365928498
24248,9.410939382869826
24249,18.116883821481697
24250,13.827151904393443
24251,17.116002162703253
24252,26.952600490686496
24253,27.913195537997822
24254,35.44867058704513
24255,29.81491192574887
24256,32.63867016897019
24257,36.94027764406693
24258,41.30533666862094
24259,42.78274085971343
24260,48.136868047320824
24261,49.221535789865484
24262,51.43670994990903
24263,53.14526802469747
24264,55.29193800697794
24265,56.48654360873395
24266,59.25498453482546
24303,11.918536857502671
24304,14.223569261440998
24305,17.645573805979783
24306,18.518016882519653
24307,21.421398700418926
24308,21.557177455561263
24309,29.011669685941055
24310,30.057816387717708
24311,37.075230107019784
24312,36.86913562064349
24313,40.97052167080904
24314,42.246062388398826
24315,39.18706303234982
24316,43.32158707731379
24317,47.23963595498896
24318,53.856202796369715
24319,59.13693113632406
24320,58.813232394391754
24321,61.53412719960287
24322,16.230011901080868
24323,20.900995455630554
24324,24.200372220240673
24325,28.621307960842497
24326,29.763844303245413
24327,30.288457032347488
24328,38.08866719879997
24329,36.81066922886994
24330,31.05886189806722
24331,35.79882841542791
24332,37.74103408530439
24333,42.208121229492086
24334,44.506674626734764
24370,16.256828981546654
24371,19.426819875185735
24372,20.35371585058793
24373,24.69062258725452
24392,30.616114149167142
24393,36.171022465007304
24394,38.15947270558591
24395,41.56028587594878
24436,25.928087487120276
24437,35.56772282209287
24438,31.26730235427845
24439,40.164541830856095
24456,29.20367048492968
24457,33.30832134273649
24458,40.47031545145767
24459,42.578175989626466
24492,25.354356298228094
24493,32.566910402670494
24494,33.63563662655597
24495,38.30225022185158
24496,42.20225427632812
24657,52.483193998647835
24658,56.35529392252114
24659,58.7429883609048
24660,60.83159043759499
24750,17.111662479112134
24751,20.68130515783955
24752,20.859787728267182
24753,25.576924851941172
24754,23.056619013847893
24755,24.67658663757873
24756,27.04815016435765
24829,14.57882691204824
24830,18.378577477381015
24831,19.57225553717624
24832,24.69891471565778
24833,18.12102004326466
24834,23.112709047409005
24835,23.035780227159854
24836,26.152582679155252
24837,27.733463777842445
24838,29.473003256836733
24839,30.953391476999954
24840,31.54842182264917
24841,34.50536849262102
24939,30.834542893145002
24940,33.05945540871832
24941,36.17860727136692
24942,40.78479693261725
24943,40.615367575223424
24944,41.24900471052849
24945,43.41263167158311
24946,46.49478096923911
24947,45.7001639001086
24948,47.98538432773462
24949,51.4937944708977
24950,50.22409592702003
24989,26.796667280315692
24990,31.480097077537373
24991,33.13540474029284
24992,37.34730287008165
24993,38.26294007728156
24994,40.2047781834768
24995,42.596217263637136
24996,47.001641886678684
24997,49.22546802636965
24998,50.844184881924825
24999,54.033437534859175
25000,54.03889243438601
25076,59.6999756876504
25077,59.97733665533026
25078,61.27627047512272
25079,62.126898800642195
25080,63.65312568571349
25081,64.90421263744129
25082,66.67217939971097
25083,67.36088787725217
25084,67.5944784575223
25085,68.27148746161026
25086,69.14085529436437
25087,69.9366135778103
25144,45.32260300398124
25145,45.785814787675015
25146,51.552103172572714
25147,53.19261121494213
25148,57.11294239548902
25149,58.22171325332829
25150,60.362317884293255
25151,61.56269727630469
25152,64.39598760053943
25153,65.5445018658282
25154,66.57318898148196
25155,67.25879763372741
25182,31.493194909749874
25183,34.66599888056575
25184,36.010052726028135
25185,35.96449010983666
25186,37.07008301968592
25187,38.455096837065454
25200,29.25475985710544
25201,40.05037197441439
25202,45.47223754313414
25203,50.414594953905926
25204,51.51562715758567
25205,53.57014745112888
25206,15.314916456166088
25207,15.128453703744869
25208,18.41447619391948
25209,18.441071146961754
25210,18.454296700349037
25211,26.620751089138892
25212,27.429112268379438
25213,27.610009194250797
25214,33.58977995780768
25215,32.4958043271597
25216,37.33999944543003
25217,41.847951309110535
25218,12.248686067210885
25219,16.081028536553585
25220,15.817610595318596
25221,17.72478193796419
25222,21.792567153148834
25223,19.89414094759037
25224,25.740259636891
25225,27.5477534281449
25226,28.23998322446259
25279,-0.002439399081329915
25280,0.7971042158609575
25281,2.6746288780780083
25282,4.877180569576421
25283,10.54285650534745
25284,11.655582684142464
25285,16.29842618655353
25286,17.764251998716016
25403,27.124786311160953
25404,26.571569739403497
25405,28.31733378801959
25406,30.656751401750505
25407,32.540594868465114
25565,24.369733534356957
25566,31.30734292611694
25567,31.396737467924606
25568,34.579797450427904
25569,37.055326881323296
25570,38.85369983499693
25571,39.22719448072468
25707,14.269991877540816
25708,17.792995227928003
25709,22.069064241964515
25710,23.220885036294195
25827,13.259726509885475
25828,15.211250948167605
25829,18.252655191724088
25830,18.53988289706979
25831,19.29856498435287
25832,20.024781886487187
25892,26.512678999053605
25893,29.96312078548606
25894,34.434925896074276
25895,38.78228689021444
25896,23.527324408791653
25897,24.318322612847684
25898,26.605336531821145
25899,29.0860438164194
25900,31.40325516248578
25901,34.75322869098197
25902,36.564217963714235
25903,39.23590345783509
25904,42.44984252032439
25905,46.20212025642808
25906,47.94393263570172
25907,49.747502411277594
25949,40.12018155792084
25950,38.066844081004604
25951,40.85196425262015
25952,42.31521952879887
25974,12.744750601352532
25975,15.873850642000034
25976,18.622401661601874
25977,21.77274106085069
26011,29.496636156735164
26012,34.75092076477532
26013,39.99794792242256
26014,48.87637292720059
26113,2.882887606581523
26114,4.823004727136882
26115,6.078429964533022
26116,8.263636871490565
26117,12.251182019013196
26118,14.818893275298057
26119,14.03583286809058
26120,17.12383667723906
26121,19.493676132635073
26122,19.82127597034412
26123,25.39030960095622
26124,27.462505208002355
26140,37.44753002209177
26141,42.49349445546194
26142,44.08378213414154
26143,54.15118303977618
26144,54.42226718754427
26145,55.431249892857494
26146,56.7468744281322
26147,60.525082382283905
26148,61.64174865348559
26149,63.42660014922552
26150,62.84613718824079
26241,44.48768208958302
26242,49.11029464140704
26243,49.661022617780574
26244,53.722405938101616
26245,57.64557429956251
26246,59.744508029714616
26247,60.07686857315309
26248,61.89128958172572
26249,61.79217341899657
26250,65.0743828612205
26251,66.13899099614908
26252,65.02235194739868
26289,17.27545559422914
26290,22.060008807015485
26291,23.00834575470657
26292,27.551510942651138
26293,28.170772286617332
26294,30.50752995208439
26295,31.044290326789735
26296,36.35038335606813
26297,36.99783359009784
26298,36.226949970812505
26299,38.23133588415257
26300,37.79525819023961
26315,31.287337493906417
26316,34.41022730020528
26317,38.25625462038264
26318,43.44482312964924
26319,44.787590237289876
26320,45.36445441389288
26321,49.60998618437623
26322,49.07608091713352
26323,51.823862656884764
26324,54.519179624034116
26325,55.75316515554854
26326,59.091743916331666
26455,31.972097288868415
26456,35.043748061917064
26457,37.28606915062254
26458,43.64956534553319
26459,24.276348387339397
26460,24.901392578947377
26461,27.3484291849978
26462,28.142713303833897
26463,32.4296067338399
26508,19.27631049760786
26509,22.67437854869615
26510,23.013917768951384
26511,25.826132300741033
26512,25.756942194556235
26513,29.689407562509682
26514,30.397629627475016
26515,34.21179648161438
26516,38.1391608955951
26517,36.56314304505143
26518,40.50171334524927
26519,39.904936065671315
26520,24.076777061900305
26521,30.051497283700122
26522,31.601854349788773
26523,33.03650839565634
26524,33.6648118776266
26525,37.52372343451909
26526,39.635061889325826
26527,41.48355232226086
26528,43.41763575663198
26529,46.30151517386417
26530,50.01739580453958
26531,51.94796180875816
26564,15.056254230245536
26565,20.736099791921813
26566,24.86508219087237
26567,24.990494353293165
26568,26.071587038679116
26569,27.81294848808521
26570,28.97691582769176
26571,33.01756936307553
26572,35.18962627785447
26573,38.463635111946516
26574,40.42897219572954
26575,41.75111484530098
26576,18.594912716385444
26577,34.865729359701305
26578,34.06409253644873
26579,38.456914456919016
26580,36.759443957109546
26581,42.869576888841195
26582,48.071129086878436
26583,46.625431339543574
26584,16.12350099730103
26585,17.080240321190608
26586,19.00018737449163
26587,21.048967597585598
26629,16.432431949658284
26630,15.453523910832171
26631,16.72725319265934
26632,18.746774284963088
26633,20.811508134582343
26634,26.262621520546432
26635,27.304313151975954
26636,31.629916864667017
26641,32.64914247028243
26642,40.79303694121399
26643,39.76089542837081
26644,44.033804892427135
26645,47.61745197147102
26704,18.38571776590436
26705,20.1400464914288
26706,23.204775278000028
26707,38.1334208117338
26708,39.87893238925834
26739,60.271799519391976
26740,63.392618054132654
26741,62.99391838740246
26742,66.98017953271251
26779,19.83626588597539
26780,23.922304658445327
26781,27.920495193223395
26782,32.61924745837555
26783,34.57396919196287
26784,38.96990367474342
26785,41.60147193218819
26786,43.690895062976345
26787,45.011354389139065
26788,44.82118004844033
26789,49.5619267735956
26790,51.53762476769185
26819,49.42144571807915
26820,58.39950244910738
26821,61.83688424801787
26822,62.95495402186218
26839,38.15451322786491
26840,39.640682978357916
26841,39.39067537889734
26842,40.31181376342453
26851,23.862329560089947
26852,26.828885678144918
26853,29.090051187010527
26854,35.29309708067122
26855,34.96572602607323
26856,37.53793432904783
26857,38.22700222378798
26858,42.3199471945754
26859,44.72446861933445
26860,46.37431242670256
26861,51.168381913392935
26862,53.4358575065999
26863,27.991615830301537
26864,30.381185517262878
26865,35.773786632023146
26866,33.78856185631113
26909,4.057751762788845
26910,8.760136841624792
26911,10.278298013635535
26912,9.467193085701535
26913,12.971199527400271
26914,16.117982682758203
26915,15.296440914807786
26916,24.941378638459394
26917,26.360760648358106
26918,30.564485663234905
26919,34.415471185766386
26920,39.08437026829219
27006,32.134643041232756
27007,32.705948109149865
27008,39.14746650346591
27009,41.05973297834644
27028,15.744610946429212
27029,21.535715128467086
27030,27.856854411618396
27031,28.567076063872292
27047,29.902490198774693
27048,33.42704523580116
27049,36.08780754757114
27050,40.70293395996112
27051,42.96774747117731
27052,46.77719192696602
27053,48.93206600418371
27054,51.878270787874115
27125,54.996193573304986
27126,61.84929132824852
27127,59.68118203446109
27128,62.66113709280213
27129,13.659101750577426
27130,16.42128162772727
27131,24.71627053846196
27132,25.086108155659392
27133,27.242136998334697
27134,29.25735303295176
27135,29.796445960014847
27136,34.628108763423946
27137,36.871125679785266
27138,42.48120000676692
27139,44.50775998004669
27140,45.71242030668098
27177,35.090635108854336
27178,36.6746126792714
27179,40.61988120159034
27180,41.952144845228645
27181,42.06805432312162
27182,43.906906949961446
27183,46.36590590473793
27184,47.26295842152575
27185,49.470940503088606
27186,51.24161329405752
27187,53.06813016377064
27188,55.012632787644094
27189,24.71728598750123
27190,30.018496991473484
27191,30.338286852594617
27192,31.477809163049457
27193,33.75063815254807
27253,18.639527058272524
27254,16.670576581461678
27255,19.807638109633757
27256,24.580108896966532
27257,25.492891062234303
27258,25.416938153696844
27259,28.51918753829611
27260,28.847339019563957
27261,23.10749596012104
27262,29.651485489566035
27263,35.71891915142515
27264,34.678522638203965
27285,41.14531803043354
27286,43.89635789200429
27287,44.462119658975695
27288,46.06452300575388
27289,47.645104322253296
27290,52.026424381842354
27291,54.48267323819582
27292,55.173754353001506
27293,55.962747371614576
27294,56.97748967328442
27295,56.66142354659658
27296,60.09749705920883
27349,23.053716941458323
27350,22.86966184298952
27351,26.72662599396947
27352,28.16423552764943
27353,36.739205812740195
27378,34.40800743977722
27379,38.592140241656125
27380,43.77640303530125
27381,48.12521513116566
27382,49.250461935826
27383,51.48556293140247
27384,54.61709634537565
27385,56.59945109149445
27386,57.852871885127335
27387,62.29373893242981
27388,62.392682958166475
27393,39.99703047470863
27394,45.79137274208823
27395,42.931493993219604
27396,45.41248741775737
27397,45.936272239491096
27398,47.911609112114895
27399,48.52785859828601
27400,50.1440143896491
27401,52.23331671974133
27402,53.01791732162215
27403,53.60619340725517
27404,53.592529422905855
27425,28.12595836427047
27426,30.207919877156183
27427,34.47095841812896
27428,36.38216181878942
27429,39.50074868623288
27430,42.91262921168898
27431,43.16150507635238
27432,43.29037713761915
27433,22.439715969866832
27434,31.24316455888245
27435,31.360754686732346
27436,32.781554716047935
27437,36.02872960598674
27438,37.90872263483165
27439,38.186616952048574
27440,41.17171744845401
27441,44.021587912977274
27442,38.62654940810954
27443,47.25936507252321
27444,45.628325008339495
27445,50.538634743894036
27446,51.09688699398587
27447,52.20635805233377
27448,53.72516853101651
27449,56.586965809411126
27450,57.426249045943266
27451,58.47789440463259
27452,61.45422578732818
27453,62.6949702759482
27454,7.150649367652576
27455,10.097875541010565
27456,9.829018182300468
27457,10.698104258823204
27458,11.705711286787682
27459,13.033127898401201
27470,27.092593082564917
27471,27.507957272923967
27472,29.151172220727233
27473,32.88115828041584
27474,35.61726033682956
27475,35.75391073922942
27482,41.497594992398405
27483,56.405048322699365
27484,60.095747723939226
27485,59.73524488379294
27486,60.77672624183609
27487,63.18762581172598
27488,64.44369354013318
27489,65.38468984580108
27490,66.30178841157976
27491,67.20370394946227
27492,68.42616363976691
27493,68.2222024992847
27500,45.23537635132053
27501,52.16741751215014
27502,54.78425827117932
27503,58.02360532408505
27504,61.854942506923706
27578,28.702650564340303
27579,32.6970415087934
27580,41.83035002347114
27581,42.931787874489736
27582,44.47680030699421
27583,46.16147279349827
27584,48.04520682074726
27589,54.71542758217204
27590,56.31664431792995
27591,60.55521277414051
27592,61.191288627270644
27593,63.17627449429894
27594,63.0190177386643
27595,66.21088857812015
27596,67.07845928247976
27597,67.2852492273581
27598,68.02530545981841
27599,68.5253962458862
27600,70.85683359009839
27719,22.31346547220387
27720,24.424239024340533
27721,28.628081931364587
27722,30.409515245747304
27723,30.520359049504574
27724,34.346897465551386
27725,35.371836193517815
27726,38.36319166958053
27727,40.51657229597659
27728,41.90578039928771
27729,43.620177269040845
27730,47.37432077626446
27795,43.23311617956099
27796,46.652783131568526
27797,53.05938452885944
27798,55.66403923832265
27799,55.46794915906621
27800,57.80120746117088
27801,60.99207235958344
27802,61.81638497869562
27803,62.848383754474796
27804,64.43543597589063
27805,65.27526542056
27806,67.17958974030243
27807,23.41523759222508
27808,26.88994094651562
27809,31.212485621992077
27810,34.62928700908993
27811,36.686339854192155
27812,39.97446541419692
27813,42.17704481668865
27814,43.67411495132727
27815,49.353578738934594
27816,50.65275696353888
27817,52.56249674039461
27818,53.74085068671091
27848,13.472786201238108
27849,17.605570504068268
27850,19.530285219101028
27851,27.716934467159717
27852,36.27110880000126
27863,44.83197671967284
27864,49.21274256950841
27865,55.329926076416434
27866,57.242397728284026
27867,58.393085146765
27868,59.97329170799685
27869,64.19893891738324
27870,65.29829679755342
27871,67.65127877446601
27872,68.79582457302668
27873,70.08929303401385
27874,71.28659912843105
27898,20.106777978739746
27899,29.899227334902598
27900,28.687981510642036
27901,34.18534120864649
27902,31.346278733230314
27903,33.96385551077272
27904,36.63758338942139
27905,40.88145867438326
27906,41.746752874705756
27907,45.0149534911397
27908,46.27224343526817
27909,47.48950259170989
27933,7.269614939640316
27934,10.961270473804959
27935,14.698519421827326
27936,16.88112032005046
27937,17.7214663681058
27938,21.93669722826869
27939,21.78141967584476
27940,27.45350875920337
27941,29.934894862075797
27942,33.18250167156872
27943,34.79558453001874
27944,36.52618426824492
27945,42.36286440000187
27946,52.521162235557114
27947,53.28491020633773
27948,60.34618397365227
27949,41.873232182033405
27950,46.13827208423237
27951,49.39085345820146
27952,52.77217420911737
27977,68.00429028745633
27978,65.8642310978111
27979,67.97490336118136
27980,71.4821103367787
27981,71.36086298987372
27982,72.5531638221705
27983,73.9956484584647
27984,76.42693636997183
27985,76.85946306239558
28002,41.40733150876152
28003,37.688933364223416
28004,40.835772015623405
28005,44.98126276234987
28006,46.7866344413065
28007,52.55610387526963
28008,52.034162908167524
28009,55.089121834367134
28010,56.62742819814374
28011,59.75334678835777
28012,60.346607455325916
28013,63.50527089073407
28037,39.78246911327894
28038,39.79677840414414
28039,46.81258623551032
28040,51.7588839707529
28041,56.22795929619336
28076,30.519753239529027
28077,34.81699580781133
28078,47.02787533618285
28079,48.86070461926676
28080,50.519682607864155
28081,52.8565343095198
28082,52.90161881593002
28083,55.93904952782759
28084,54.00983885748939
28085,56.7195953812614
28086,58.81230297659785
28087,60.11281579693779
28124,36.47022168223548
28125,35.465825502795056
28126,37.67378448341985
28127,39.63251864540849
28128,43.303699869574636
28129,46.15074541036588
28130,47.69007729031812
28131,52.409520101883786
28132,53.465891605655486
28133,54.30056725129265
28134,57.19900883602382
28135,58.3652024145875
28169,28.324307814561422
28170,32.42857489905133
28171,35.718029476146356
28172,38.63496749498218
28173,41.704475907342605
28174,20.728398169817744
28175,25.87473320874819
28176,35.09938827401976
28177,34.626066592836764
28178,39.51118329032134
28179,42.34292101932793
28180,43.34350658693867
28329,19.152700531732222
28330,26.067416534463494
28331,26.266711548738495
28332,29.96716452617787
28371,52.55227953729194
28372,57.64706691008511
28373,62.409420155718415
28374,63.55544319542489
28375,63.936180048387165
28376,65.4462698745675
28377,67.16887511349367
28378,72.05538831076558
28379,70.02809062794805
28380,70.65031158478543
28381,71.37351049701365
28382,72.84207439120625
28399,49.57610319108308
28400,48.92912932547972
28401,53.51841552492748
28402,57.02205599279147
28403,60.03583123184299
28404,61.576289953549
28405,64.60924038655268
28488,50.5318192681714
28489,55.93603133355721
28490,59.39344250564762
28491,61.37717278641658
28594,27.641467915455614
28595,32.75695125146674
28596,32.29760462672204
28597,33.319505181386894
28598,35.9714076321865
28599,38.77932844221208
28600,41.029566277798274
28601,41.1833800159927
28602,44.70528535332762
28603,49.228263879368896
28604,52.20185561451409
28605,51.97154362756437
28618,23.619615218887343
28619,25.04592834008261
28620,27.006472022662425
28621,28.923746924583185
28622,29.206771239294756
28623,0.1424897832325002
28624,1.5768628149526396
28625,3.6070916501638983
28626,6.010462859805106
28627,8.944037878318559
28628,12.460345967921858
28629,15.193532517111134
28630,16.63802639809907
28631,17.745555999896382
28632,19.189275084039853
28633,27.71423819691119
28682,13.06940772880884
28683,11.861879460685524
28684,15.88258030638298
28685,16.665644722563307
28686,17.57113595049029
28687,21.324553469019868
28688,26.276222920868914
28689,30.78884073476459
28690,33.086871757664184
28691,34.327715225979084
28692,42.47869241310495
28693,43.94459840892937
28711,6.317945291888949
28712,8.262857076750759
28713,9.459270310693498
28714,11.832240930259749
28737,18.034023154743984
28738,23.606822197884853
28739,24.57830281822408
28740,24.934092897051187
28741,1.0004276970182562
28742,3.061427692647442
28743,5.949050114854954
28744,10.010989702530361
28745,43.32115395784656
28746,46.390969075940056
28747,48.82979768986871
28748,52.89579180700668
28749,56.78985479303103
28750,57.04863899431468
28751,59.98948593125611
28752,60.87190278235254
28753,61.92764356248882
28754,63.391985517243555
28755,63.6687531389752
28756,66.63987767588867
28761,26.31715211265587
28762,32.331906273043096
28763,32.399148480791176
28764,33.388067887721654
28765,35.14263837768669
28766,38.46827336755949
28767,42.27560946937046
28768,43.82404117779288
28769,46.63193137277059
28770,48.0022018044938
28771,51.583605211595845
28772,53.599785335961634
28825,20.276627513121745
28826,22.371859819441365
28827,22.4014842681219
28828,29.959824339520047
28829,35.96474289863441
28834,27.046487765216327
28835,32.29528795438891
28836,36.53869040510582
28837,40.314897729649296
28838,45.850581294846876
28839,47.02717200444327
28840,51.40222553635878
28841,53.63646876296478
28842,56.95430402448499
28843,60.14859779800262
28844,27.530878885849383
28845,32.01935286397912
28846,33.057499991715524
28847,35.72160853525051
28848,41.059446208529636
28849,41.32357714532641
28850,43.530932875919255
28851,46.38662534591888
28852,48.44540670436677
28853,52.024732587759104
28854,54.21165206183641
28855,56.77785156843284
28901,23.726281611521447
28902,20.53686271572798
28903,22.80575795973152
28904,23.04256883937526
28905,29.61064631128725
28906,31.480832626861357
28907,33.145173240380586
28908,36.9308947756219
28909,34.96390326841851
28910,41.90584280913396
28911,44.11022679023004
28912,46.22052241792764
28913,22.875245598529304
28914,24.973695730712475
28915,26.259433181418917
28916,27.528305896351213
28917,29.250495890505128
28918,31.286805966429593
28919,31.80624826534584
28961,35.9360832944674
28962,36.665041528861266
28963,39.09472338031527
28964,40.962485818886286
28965,42.525487108402004
28966,46.115404334441045
28967,46.720429830220965
29047,22.226224504076047
29048,27.240865388693464
29049,25.960435679318913
29050,26.163348339767335
29051,28.891510072302403
29052,33.09424346191877
29053,36.887088935455324
29054,39.86792351251452
29055,40.39252219476026
29068,16.619329964490298
29069,19.376820845303914
29070,21.417626162934063
29071,23.380843524660285
29072,27.272375415114183
29073,31.053069988033943
29074,30.779174113153175
29075,31.17294131585213
29076,32.93919757251893
29077,34.27459291389032
29078,35.445020520936595
29079,36.811676813970486
29221,10.562112228765297
29222,13.892840136338668
29223,14.0928961816289
29224,15.576579999963494
29225,17.540264753713668
29226,18.441141612037466
29227,23.975189564888208
29228,27.319306998975733
29229,30.21636042054594
29230,33.228856209039265
29231,35.47926744897215
29232,43.424380326634214
29341,10.307702553992387
29342,12.326533662019072
29343,16.873188761994214
29344,15.88472609722223
29345,20.917769531681333
29346,19.70481887725082
29347,20.419303994938065
29348,26.958513575731022
29349,28.492462439219146
29350,29.28600869671753
29351,31.78527661213629
29352,31.617476767151153
29384,53.26512375580758
29385,51.442053806729355
29386,54.322488079784385
29387,59.09532094614875
29388,59.604477519864574
29389,61.40056114917052
29390,62.95803300212206
29391,63.692291969338484
29392,64.45287384216434
29393,66.02797816481136
29394,65.49478665177456
29395,68.80871526982698
29417,55.43909269259384
29418,61.15100965640342
29419,60.55308066892698
29420,63.61775216518126
29463,32.2737564809208
29464,35.90935940098893
29465,38.58740362549713
29466,41.812624077696775
29467,44.608577788559245
29468,50.583343848581315
29469,49.67211257372825
29470,52.35617576699171
29471,54.0736200360759
29472,56.24099805003512
29473,56.45431012225155
29474,57.916965354853055
29475,26.056782869041
29476,28.415599643879734
29477,30.132225602612337
29478,31.769372263954565
29479,33.847198196866664
29480,35.5251812998262
29518,62.301976108956524
29519,63.23353472008662
29520,66.55273092962958
29521,67.28495617775606
29522,69.42230665603415
29523,70.36512363214916
29524,71.43651913493784
29525,72.01169448190515
29526,73.36763944789476
29527,73.50921028269457
29528,74.4237671285844
29529,75.70023716371199
29557,32.03997530918119
29558,37.26741463644793
29559,40.97759591414391
29560,45.716866694663395
29561,47.82203761973559
29574,23.41566901902058
29575,37.42663173536694
29576,37.091906610387305
29577,41.935740120306214
29619,45.876285668117184
29620,44.81796568256711
29621,48.2209402684612
29622,51.706812499036474
29623,44.96595959787667
29624,42.77804227911198
29625,45.50603843356653
29626,47.58082145174509
29627,51.93762572672893
29628,55.0501640908036
29629,55.794411983568246
29630,55.91858237493879
29635,18.326031609042374
29636,23.67050521691859
29637,22.39631291614909
29638,27.449722768181473
29639,30.695065030459233
29640,32.252297247335314
29641,32.71785854126425
29642,36.09292286578855
29643,38.62270737226354
29644,41.9669895204034
29645,45.799007635378636
29646,50.81992777227797
29687,55.391866868621456
29688,53.27631408012639
29689,56.8155864453709
29690,57.687481582502805
29691,64.78201770021596
29704,24.071551697150884
29705,26.12337308053833
29706,32.43157321828874
29707,33.21936505766914
29708,37.535440555553876
29709,36.258081469890726
29710,38.14566133995018
29711,42.25845164906988
29724,9.722233418587415
29725,12.367608206011349
29726,13.91728824681543
29727,16.49902197559417
29728,19.10262587243196
29729,23.53432255158994
29730,28.240636848934052
29731,30.749705941726262
29732,32.64526966006826
29733,37.39106445434893
29734,41.44321548556687
29735,42.873922730224855
29736,19.05818773206838
29737,21.542423143794363
29738,25.567894263846963
29739,23.358202855455428
29740,27.791871932367563
29741,30.239046886500578
29742,32.482994813122666
29743,33.433100276120676
29744,37.36746343564509
29745,40.65097178767765
29746,43.62199172558158
29747,45.42326068435485
29796,36.09399399137746
29797,42.539518920857056
29798,46.49951514149756
29799,49.990287766649665
29800,52.364998010829666
29801,54.93538241691777
29802,57.631534565092295
29803,59.60348055836177
29804,60.3415304106775
29805,61.47925562509189
29806,62.63466107111247
29807,62.63926237192004
29817,0.9047513100291177
29818,1.4500655123721777
29819,2.771120920853788
29820,6.169674809882164
29826,38.50109230867203
29827,38.406301328327444
29828,42.777335166911115
29829,52.77802276400198
29868,0.3158223041861183
29869,0.8050644907800306
29870,1.5777893867064765
29871,2.8704819372358656
29913,20.153066155986647
29914,18.49295929218053
29915,21.727747827742903
29916,21.741363439801425
29917,31.607355587906778
29918,30.88694385916564
29919,36.06215937902544
29920,35.818600138433496
29921,37.014986887897784
29922,39.378069836331015
29923,42.78237188291814
29924,44.80663888762694
29998,27.104870782381333
29999,28.9166659368918
30000,33.122650109183816
30001,35.521616177488184
30028,8.100114210407707
30029,10.88664373327619
30030,17.361652363956058
30031,17.142131109394004
30056,4.947639451716803
30057,6.3640670034139415
30058,6.073612820892851
30059,10.88863329688135
30060,12.622671236490142
30061,12.060580621932221
30062,14.745109299372611
30063,19.982151164450237
30064,16.904531394528444
30065,26.262242465861892
30066,29.923146692494583
30145,25.96804711995389
30146,28.269871853057555
30147,31.61769889675902
30148,33.92144014340276
30149,36.93800645305716
30150,40.35106033368483
30151,44.42096373068103
30152,45.652373187619304
30153,48.73661976180878
30154,48.33351379689863
30240,24.688114072760882
30241,32.210402557753135
30242,30.27015494931213
30243,31.726032952623125
30244,34.845263537056404
30245,39.4924602086671
30246,39.498676048652435
30247,43.65943527626207
30248,43.9984237243151
30249,47.97836995895834
30250,51.409811188625284
30251,52.99133367991946
30252,18.983555295092465
30253,25.714833976539957
30254,28.48536488038945
30255,31.876404866055758
30256,34.44603754906041
30292,11.54115398050507
30293,13.585785471031043
30294,18.296094787276736
30295,19.332124782763636
30415,20.44681851813311
30416,24.617884717777223
30417,27.47989243707422
30418,30.40116178593407
30435,12.939800969031294
30436,16.854849161165422
30437,18.182431897076476
30438,19.70683814169082
30439,22.55792171106553
30440,26.297650395190935
30441,27.297335955019175
30442,28.656291894897386
30443,32.11537008709897
30444,33.304376093110825
30445,38.91470439201293
30446,37.40435205462341
30452,62.107940448985616
30453,63.151382631571316
30454,66.44390075211614
30455,69.23336712864632
30456,69.75465609609002
30457,71.35636271914088
30458,71.6000032563112
30476,-0.681526776496428
30477,0.507163536493596
30478,2.051966067825908
30479,4.751306985545073
30480,7.526136244872726
30481,9.578001923667276
30482,10.367722767366038
30483,14.058726340331589
30484,15.788933448670072
30485,15.31781308649488
30486,15.340307666417802
30487,20.94314936630842
30500,34.22844792410007
30501,41.54567849507223
30502,44.00759200187209
30503,45.676951052979135
30504,47.563511446669736
30505,50.2947678730156
30506,52.07542692363506
30507,52.94481534842705
30508,55.004294357004056
30509,56.85758971282512
30510,58.62823879319367
30511,59.62700016704536
30517,22.22429248551234
30518,25.92851371591689
30519,31.15486928754745
30520,41.07432630050986
30590,29.85143999242067
30591,37.00564204735726
30592,42.700196080688144
30593,44.09689476364639
30594,28.960598504648367
30595,29.79775017746102
30596,35.48687224245274
30597,39.19798470368932
30608,34.57089470685022
30609,36.42653541906793
30610,40.83140274441028
30611,45.15238568831864
30612,49.696925415748474
30613,52.14876705913221
30614,55.055902014617736
30615,56.805551444055865
30616,57.62268806774207
30617,60.28709899127909
30618,62.36592599221362
30619,63.96733688488131
30655,23.998929289866112
30656,33.899793871365226
30657,30.738906380210878
30658,46.93438616408142
30769,4.915605492152839
30770,8.26330995493654
30771,9.658939493235604
30772,10.511297689720067
30773,16.637368884690165
30774,18.611161522123997
30775,26.009838135580253
30776,27.482902051078202
30777,28.961095676916617
30778,31.369308167620176
30779,29.85392919968761
30858,2.6998382094088513
30859,4.576602666165874
30860,5.816804924811281
30861,7.456316360535159
30862,10.538715524233364
30863,11.66139006606485
30864,14.063802592814657
30865,14.577847587138825
30866,17.143966648511974
30867,19.676674875050278
30868,24.778125537908576
30881,34.76855865196507
30882,39.26185544390134
30883,41.71475061785058
30884,44.188815848162925
30885,48.0534872555303
30886,51.035121976864275
30887,55.24013315785944
30888,58.86207584207679
30889,60.40794209301546
30890,63.17791302018923
30891,64.7829172297078
30892,67.04391714536499
30893,31.04957117193162
30894,34.26980370945797
30895,38.50065237373018
30896,41.55504348591615
30897,45.77028556712226
30898,49.39698067767476
30899,52.880173880697036
30900,54.14884906044454
30901,56.23816519024803
30902,56.51017534230697
30903,59.111685067063775
30904,59.75289346917754
30993,31.527372055138592
30994,31.00087261290285
30995,32.26259851105549
30996,36.588793600390396
30997,37.60881875153465
30998,38.61368681989601
30999,40.164942246218224
31000,42.85309683112716
31001,41.690152408137045
31002,47.31977023372375
31003,50.29056783618222
31004,53.29147484812688
31005,23.003559541004652
31006,33.69090084566294
31007,31.570204563515713
31008,34.65224162720738
31009,5.393932279975039
31010,6.06957164256047
31011,9.53542288435527
31012,12.66927823436004
31013,17.56220418296968
31014,19.535761912578085
31015,24.862881058034233
31016,24.064740248825064
31042,32.7711633504503
31043,37.08374586173168
31044,41.119430478439845
31045,45.25686775372961
31046,47.16062709409261
31047,48.059467866235146
31048,52.725655457498256
31049,53.72259766675996
31050,54.43254671975649
31051,55.19860127562742
31068,17.455785937870996
31069,21.684802658040258
31070,30.903939134174145
31071,30.127081269340625
31072,34.47207252611772
31073,37.83454951333843
31098,12.386651898482201
31099,14.828408794605386
31100,18.56095524414774
31101,17.88339569903749
31102,21.007796088899667
31103,26.04196426542084
31104,27.944694453112284
31113,36.63498673240695
31114,43.327125065084125
31115,46.269348164328946
31116,49.01709926454899
31117,16.391757037220643
31118,15.538461210719138
31119,19.710693379035472
31120,25.314538697790535
31181,5.42876401839662
31182,10.584164836226577
31183,13.610986243738951
31184,15.530998544411279
31185,16.558956729356282
31186,20.056503146614663
31215,26.446578265439804
31216,32.89335302358389
31217,37.924164530585706
31218,39.09473190150521
31219,43.63751766074567
31220,42.36306696935301
31419,26.141421130049732
31420,29.24022876517951
31421,31.89115672994758
31422,36.268587193715625
31443,37.438953155279634
31444,41.56856603123693
31445,42.52339654528743
31446,45.110766135849744
31447,47.22793361750891
31448,50.360195748307525
31449,54.335023818018364
31450,55.39902556596738
31451,57.31140881310577
31452,58.413630117810236
31453,61.00713441759964
31454,63.86787523397442
31483,52.2318427165789
31484,51.72473074454045
31485,54.43554880619283
31486,57.60232843966226
31487,58.445069384119826
31488,21.98861757670071
31489,25.87431587872715
31490,30.62125204977851
31491,34.16624281459616
31492,38.44525727753826
31493,39.58903598828581
31494,42.922437124205224
31495,44.14262433680544
31496,46.349263786581815
31497,48.86461900944251
31498,49.57088997627688
31499,51.63490086079155
31536,40.14872159509335
31537,46.17449672702935
31538,49.9535283874696
31539,51.93374380626845
31540,54.13367761278065
31541,57.25260252727208
31542,58.31302747830323
31543,60.398965747144025
31544,61.67478255442763
31545,64.16663361105726
31546,66.17514173901316
31547,66.32450351437234
31548,22.45675059708945
31549,27.517602111356315
31550,43.8720964044992
31551,45.39923077357736
31552,44.01764691991212
31565,29.853986491818468
31566,30.542516307215823
31567,37.763228577934086
31568,38.80593517665301
31569,42.931374309171716
31570,50.919792777752086
31599,20.02715102108344
31600,23.845522123482414
31601,27.5333212114662
31602,29.06920141429066
31603,32.74784284224862
31604,34.46550250503223
31605,37.47727649821236
31606,38.11103607154918
31607,39.938597279815504
31608,40.052304729767435
31609,41.19397829702016
31610,40.11875797677906
31627,32.32395355311712
31628,37.30611836340656
31629,40.59905027119528
31630,45.08830526038608
31631,50.278358280758475
31632,51.60517802592976
31633,55.9785361527625
31716,16.188634129985576
31717,25.121819302606962
31718,25.36969883817372
31719,28.867267231074816
31720,29.24731522151164
31733,2.241977120912747
31734,3.8635435028958565
31735,14.62421119445227
31736,19.293584690938733
31786,7.405785522961664
31787,10.357619336439736
31788,12.607223363912471
31789,17.63496758516222
31832,59.33292467732918
31833,61.7359167416526
31834,62.75307869247654
31835,66.9227406267269
31836,65.87891716352422
31837,69.4635676567505
31838,72.29858369714599
31839,73.57180641691252
31840,74.58430957893451
31841,74.33206569397154
31888,31.3834611151817
31889,39.06086481349587
31890,40.69952432464762
31891,45.41076570245162
31892,46.89178504063991
31893,49.37166920879355
31894,49.171298122459795
31895,54.54800845408861
31993,34.6159894318083
31994,37.388457700869516
31995,42.339859038490125
31996,48.245288971464184
32014,15.949292204898446
32015,15.353613930845555
32016,18.857169626832725
32017,23.923338656225464
32018,25.226350154400556
32019,27.419847088533675
32020,28.30203122904456
32021,32.603844403927624
32022,31.986612498316447
32057,26.166860189987133
32058,26.42218024256671
32059,27.296828577872375
32060,28.547561732292447
32061,29.474617849739033
32062,27.369525401302514
32063,30.942945543094073
32064,32.753542610352554
32065,35.108548027400396
32066,41.15114247548282
32067,42.581920693644065
32068,46.30646532377826
32119,0.33157449711350084
32120,1.3838489724014786
32121,4.4445267424202
32122,6.7806695047220575
32123,13.10505785439596
32124,16.07614667327466
32125,17.84074261970674
32126,19.190804691339324
32127,25.266288903715086
32213,36.650382601267516
32214,33.474089848305624
32215,38.875499096814885
32216,42.49481119331488
32217,43.9968524275873
32218,46.99211157964799
32231,23.467486976511044
32232,36.10728443322746
32233,37.84022083855193
32234,40.23705325411351
32235,44.85055725729225
32236,18.53550038369133
32237,25.08637486902395
32238,27.51179700851496
32239,30.025163433369137
32240,29.626790292565698
32241,37.33124283441822
32242,33.65941383095935
32243,36.557301702668795
32244,39.1507446448437
32245,41.553851344951546
32246,42.29916014487774
32247,44.50937897854315
32353,10.779762516685581
32354,10.606058016673613
32355,14.45542641839619
32356,16.550890980003448
32383,-0.6774569359299024
32384,0.37619842696680317
32385,1.1233274592744158
32386,3.338802971249396
32449,5.868629254445988
32450,7.661330866692488
32451,7.373033975609653
32452,7.851682588662981
32453,10.37109073173194
32454,13.127480370361155
32455,17.600416751353055
32456,19.930487150006922
32457,19.832584142651843
32470,29.61132595783838
32471,35.55446202623991
32472,35.85136081525674
32473,39.54547981000647
32474,43.147054384715084
32475,46.88677961177809
32476,53.05422800948748
32477,55.64594013536071
32478,56.693487515971505
32479,56.45048791850102
32480,61.414059388320204
32527,36.73567315262371
32528,33.64848883139392
32529,36.21547518637585
32530,35.70131472140395
32608,4.8646072511168725
32609,6.104402555519143
32610,11.616836890902887
32611,12.315082096049686
32627,14.316728108069462
32628,17.8340381233797
32629,29.96108766175854
32630,29.824468504623823
32713,23.14443792575324
32714,31.172890693577553
32715,29.38750119515901
32716,31.611289477923695
32717,34.4691975160938
32718,37.122061206842645
32719,40.31376226697836
32720,42.96598265759788
32721,45.88537924336938
32722,48.4160801175269
32723,51.799994084447945
32724,51.8655545413621
32725,30.97306156333964
32726,35.938256141647074
32727,38.657044432447286
32728,44.23987659128272
32729,44.881299970680594
32730,48.70233384942041
32731,50.71968812463377
32732,57.10103329288147
32733,59.216674718050164
32734,61.354003287316665
32735,62.86025523103963
32736,65.72515638343667
32741,14.182139773156269
32742,19.14301698133157
32743,19.765408176751304
32744,20.898178035078296
32745,29.428465086088153
32746,30.85739221646893
32855,25.535433756031967
32856,24.925709787607513
32857,26.109739551339487
32858,27.06946890621289
32859,30.77125822072163
32860,31.4638375033353
32871,1.95968680697083
32872,3.422058869187969
32873,5.0286623745061405
32874,9.20593611737611
32875,14.793079626410604
32876,13.341028815515624
32877,17.264436921352583
32878,16.428677913086407
32879,19.468718792580738
32880,24.264336282059727
32881,25.163930132477066
32882,26.234999861100658
32901,12.045759690167717
32902,14.95255389613905
32903,14.435540554994908
32904,14.694423843126955
32905,21.622770787463622
32906,27.359111803545076
32907,30.526208232816415
32908,37.19011640482874
32909,46.88607767286843
32929,43.4436350053525
32930,47.72122194275302
32931,47.34424743900103
32932,49.00257901105635
32933,52.71940937673825
32934,54.514572247863924
32935,55.22267147253622
32936,56.67287183895983
32937,60.039089403031475
32938,61.32250092318695
32977,0.20336004063240265
32978,1.0523394301265652
32979,1.2970304939972037
32980,3.811576065579242
32981,4.101984863447649
33029,35.83201900869402
33030,35.583278375384474
33031,38.241367031482085
33032,37.036962842752146
33033,41.640732142633105
33034,43.161355448794275
33035,45.113692214161325
33036,46.40160957404125
33037,46.79143988738633
33038,50.0544317644414
33039,51.1123729026555
33040,50.9274845991807
33107,40.70131674301336
33108,43.01045116197106
33109,45.84443450574548
33110,47.53031209603055
33111,48.11677511332437
33112,50.24285427675817
33113,50.70504394411525
33114,54.20329412878065
33115,55.040276456143516
33116,55.04756812119204
33117,56.769800503172235
33118,57.684849358770606
33119,27.89215238607923
33120,31.55614503396672
33121,35.920333967867485
33122,37.41009687989897
33123,37.59158942474258
33124,40.65600848252024
33125,43.03851996084545
33126,45.633000694958994
33127,47.5260718480667
33128,49.57983017369021
33129,50.728232563144566
33130,53.34824995119206
33135,27.27472450407136
33136,27.724516699083665
33137,28.790488773225295
33138,31.6693966247467
33139,32.619492589007116
33140,34.92074985618005
33141,36.8792005878621
33142,40.527885452475275
33143,43.63292072634002
33144,45.130043635824016
33157,28.04696230481186
33158,32.16939106385548
33159,33.13510454580657
33160,37.099560341612026
33161,38.66506656866107
33192,9.952247962398653
33193,12.203067687316763
33194,14.191101186977711
33195,17.452367519013062
33196,17.78619255298164
33197,18.89069656191131
33198,20.388293321841154
33199,30.458121292558683
33200,30.64734633295046
33201,34.092811606330066
33202,37.41953028458217
33203,40.080705509810805
33204,23.626675891450994
33205,27.05714668387816
33206,29.72227580511603
33207,31.050376946221313
33208,33.14220810777884
33209,35.013078988030614
33210,36.22447733513175
33211,38.70118957145559
33212,40.20971632044108
33213,40.74467764540308
33214,42.46438787230147
33215,43.672027004152525
33228,12.896132707234038
33229,14.841124738776202
33230,15.730467831289046
33231,17.522233365687402
33232,18.287943474996904
33233,19.318636111588027
33254,19.535950520190838
33255,21.999606347721603
33256,26.986133150873144
33257,28.342045452291693
33258,-0.6359723882539593
33259,-0.27507395948820196
33260,1.2597521633839202
33261,4.087838754628745
33262,14.103929916217105
33263,15.6178349087324
33264,16.590223436503482
33265,19.326357134177627
33266,19.085925687430386
33267,20.483686529627196
33268,21.096628105706326
33269,21.038576419918805
33270,27.4035755894734
33271,27.92941598079203
33272,27.31222416951701
33273,30.456416720957478
33274,12.616421419044899
33275,11.944554404756781
33276,20.627025482320768
33277,19.045264544358957
33278,26.133756301146185
33279,27.958757175001487
33280,27.75564276284037
33281,29.453979423910187
33336,38.66568512178345
33337,37.411563215827655
33338,40.81165112220433
33339,46.589583253504905
33483,3.6456724413490473
33484,5.216743109253236
33485,6.013102912991555
33486,7.9793124731006335
33487,12.381267897883506
33488,14.307338945782083
33489,18.7916214798755
33490,18.237392331935503
33491,38.24514609445699
33492,44.990096643510675
33493,44.21114350302265
33494,48.19222823391255
33495,48.830105314484314
33496,52.249736822785025
33497,52.1330510827654
33498,53.688534619211836
33499,54.34199709914429
33512,31.431117464341504
33513,34.5037637510789
33514,35.6955239276227
33515,38.35257464436259
33516,42.525060534472765
33517,43.973074695475894
33518,46.2463960678178
33519,48.399235947568584
33520,52.933663989882504
33521,53.16414782185317
33522,54.89737781952203
33523,54.346913537072915
33528,27.50703578887293
33529,33.84072801509112
33530,42.70882675320219
33531,43.82912547741891
33639,5.814968533334511
33640,8.182595118180743
33641,10.49830743404155
33642,15.055115487211747
33659,42.28473456801474
33660,43.594421131992426
33661,49.658464491247926
33662,54.36415240178889
33716,33.15100929802218
33717,39.44552526999881
33718,40.20839641987074
33719,42.9326992866191
33720,45.89104451694451
33721,46.712537119607234
33722,50.25939129800201
33723,53.267359383465426
33724,54.03396535117923
33725,56.40763585421091
33726,58.17949569419925
33727,59.793274873257005
33958,13.616659016802988
33959,16.083145609762234
33960,18.57363473103522
33961,20.245948701841144
33962,22.030948178438482
33984,9.169098060354703
33985,13.28562326960769
33986,13.33856379298511
33987,16.400288656606357
34035,-0.3765218042571362
34036,0.4855115323787226
34037,1.4964538916035606
34038,3.3995844017214796
34039,6.089875341565884
34040,7.808380033312314
34041,12.125620301448079
34042,13.29415289259952
34043,14.68070548790847
34044,16.581598429661707
34045,21.73035723301994
34046,28.403361153022832
34047,59.087954255625036
34048,63.23869333727625
34049,66.15221937376583
34050,66.7948359096808
34051,68.23545998614675
34052,68.48343401675238
34053,69.29599749461468
34054,71.03175942728977
34055,71.64346684000323
34056,73.32887853818468
34057,74.09601490754577
34058,75.51089581194483
34063,28.455637489902394
34064,31.280772835927863
34065,36.83939953260582
34066,40.52411183918482
34067,43.41313383808189
34084,11.82141980171772
34085,12.728442198907779
34086,15.746861456214692
34087,17.735235380322866
34088,19.954715311225872
34089,19.576759907826165
34090,26.2257874758211
34091,27.95787936361881
34092,34.23539490414537
34093,34.61168555487476
34094,39.83532573813228
34095,42.345886107336035
34108,28.43107911105887
34109,30.99035232168192
34110,33.570080902405195
34111,41.90180622604918
34112,45.88184381196561
34176,14.34711037405368
34177,14.409441911609203
34178,14.41386599869642
34179,26.27387027641992
34180,27.689291845593615
34181,31.08859822694496
34182,33.778988510300685
34183,31.962562618120334
34184,33.12211922014694
34282,16.442551964288615
34283,14.265301386886593
34284,16.75463539846653
34285,18.341187151890445
34334,9.50004772906589
34335,16.41076660183267
34336,18.219347640167122
34337,20.731566712659674
34427,45.47502406060584
34428,48.80180797350833
34429,49.320337564079715
34430,51.11341528988022
34431,53.456670078408635
34432,53.82692483165419
34433,54.540815615345906
34434,25.497964481770396
34435,36.39743539619013
34436,37.2671740502048
34437,40.49971679902857
34486,28.967787504196444
34487,33.62578780630523
34488,37.346564663075235
34489,37.07517821063643
34490,37.60469758071886
34491,40.62660855970702
34492,44.23188023819809
34493,44.64608705559363
34494,46.05938139245586
34495,47.82188687137366
34496,49.833894498391366
34497,50.252892512264474
34538,0.32147656288221443
34539,0.6354717290755506
34540,2.0117632404085732
34541,6.6269877079353146
34594,36.45161059896793
34595,39.289309078108026
34596,43.65303537544053
34597,48.658446612080034
34598,8.240807309853302
34599,6.096027223794312
34600,9.925326886586124
34601,13.653338523008115
34602,14.235763184295097
34603,16.43163648603596
34604,17.689656918360697
34605,17.150402370597188
34606,23.141375357407373
34607,26.101764491338248
34608,30.168994679627357
34609,33.31886615326387
34610,24.108569557469497
34611,26.488635906527534
34612,31.499604525939745
34613,34.198001550776404
34614,35.24847705757923
34615,36.33896474205379
34616,37.55812462407167
34617,9.719319523640312
34618,15.465215105262748
34619,19.322239121204213
34620,19.961433313658564
34621,25.235111697590813
34660,14.960568098236543
34661,17.456097133554003
34662,15.668790666340053
34663,18.47551040249051
34664,29.964250172235523
34665,32.31639536204855
34690,2.638197323747883
34691,6.750591289139476
34692,9.807563282612229
34693,11.887111153617294
34694,14.685541364959764
34695,16.303146696397935
34696,19.115239462058764
34697,22.503628665598495
34698,28.46498308699217
34699,30.195415554030113
34753,14.696984156576066
34754,16.89485241032311
34755,20.88109269783487
34756,24.514929334862508
34757,21.648471379043297
34758,28.897428317024392
34759,33.918133870069795
34760,36.07869491212459
34761,38.348165679326925
34762,39.7612007264108
34763,41.39256177721527
34764,44.85006336127249
34806,13.018267132492692
34807,15.942986260794992
34808,19.715239367163875
34809,23.463165290686387
34810,26.923911086585264
34864,14.746278924253184
34865,23.420998597553297
34866,25.77395982196201
34867,26.89622086165479
34874,23.23224912249198
34875,26.20894129921636
34876,31.197377622843653
34877,37.166590942070826
34906,26.816323832800673
34907,25.656393638398672
34908,29.58909671362857
34909,30.58276369778101
34910,33.001847080223115
34911,34.24961036108553
34912,34.567248530948746
34913,37.67484851390824
34938,38.03162973858444
34939,39.26497122673744
34940,41.99971242251937
34941,47.614207104844986
34942,48.805020162195305
34949,16.044903848672764
34950,17.432999833668376
34951,23.37688084658849
34952,24.213438010561163
34953,25.07957243119573
34998,42.436131945586766
34999,39.033678085455456
35000,42.60297762444079
35001,45.06808092806529
35002,47.68837743161682
35078,47.35985443480805
35079,45.44382254417256
35080,44.549932053847485
35081,51.6489970289285
35111,10.038414299271325
35112,11.361527070220776
35113,13.715065426329215
35114,23.492886165346768
35115,24.59838129755641
35116,25.788589851382348
35117,32.09404499915454
35118,29.31860059971299
35119,31.82654764721897
35120,32.993601562980444
35121,37.98862304192762
35122,41.824645525400584
35177,31.921207129859663
35178,36.99736242079567
35179,41.89874943969122
35180,42.470670362310855
35181,46.86947610262018
35207,22.09324464434684
35208,23.441541158396223
35209,30.35064070864466
35210,29.992904446969778
35211,32.81525949793259
35212,32.956267096139996
35213,37.40808888825059
35214,41.90466197411177
35215,42.31290349114547
35216,46.392745509069236
35217,47.93584662404597
35218,50.12639564262208
35277,41.57038093964494
35278,45.48423815717331
35279,48.09384610675561
35280,51.805775494100445
35281,54.542247531702515
35282,56.82486112373182
35283,59.271037021469425
35284,60.769624764566395
35285,63.84578530669208
35286,46.73364899395637
35287,46.97171526115439
35288,49.91749420777377
35289,53.780312207998456
35389,20.806571899929946
35390,23.565916369690367
35391,26.542874363231707
35392,30.47700968914466
35393,29.98359790556378
35394,28.916190691728342
35395,31.43739957222084
35396,32.04535947044468
35397,31.964704887402167
35398,33.4563874942672
35399,35.37435592354728
35400,36.575889305810385
35401,27.401286957992895
35402,31.95118571470526
35403,34.651559100028436
35404,37.90024401460779
35405,42.25891382950585
35406,44.99741662332472
35407,46.24503788850866
35408,49.3464518909089
35409,51.07984168483068
35410,53.064277609015534
35411,54.274950095613114
35412,57.81677108653256
35438,29.270557506994898
35439,32.384750299878725
35440,39.1993189298427
35441,39.163659037613684
35442,39.75331400274892
35443,42.83940670532955
35444,46.820690963877354
35445,48.66582757964852
35446,51.31610621975366
35447,53.507958080257474
35448,55.1438439842832
35545,52.49930399194228
35546,53.24303044448791
35547,53.92099437914603
35548,56.478545316379325
35549,57.32893267551436
35550,58.48327723361068
35551,60.26464262697696
35552,60.92181625537258
35553,60.67864181301025
35554,62.76874443018569
35555,64.0614659845654
35556,65.73061040305569
35557,28.848275348079188
35558,41.891377930973675
35559,41.27787658958912
35560,47.52114688808191
35614,40.37023576440911
35615,50.09410674984446
35616,48.74656041726031
35617,49.74572407880081
35618,52.07874354633366
35619,53.19029698912601
35620,54.20180278264339
35621,20.263145074108376
35622,23.49657448999489
35623,26.674874790616418
35624,28.071008526342684
35625,28.098620213010495
35626,29.684968438982118
35627,30.586890163182808
35628,31.972415368515104
35629,36.451492823028445
35630,36.42757030864833
35631,38.317928102698474
35632,39.78203015893177
35676,49.48788829259045
35677,51.381456585842926
35678,54.52805987617053
35679,53.389762288084555
35680,56.78617659517717
35681,57.91023336899425
35682,60.122968304269754
35683,60.225710019883316
35684,61.94993210904782
35685,63.23185902871245
35686,63.60620649809458
35687,65.5155458358505
35706,25.406139240755323
35707,30.488441670166385
35708,34.849972216941445
35709,36.97086946247584
35710,15.56003006763931
35711,17.39130975136322
35712,24.236585615434926
35713,26.056226071683895
35714,27.762141216576794
35715,28.727150720478605
35716,31.54209955437666
35717,35.2422603590398
35718,22.51366053656458
35719,26.950348562529303
35720,28.38815299054606
35721,30.929476129373818
35727,16.357671293078766
35728,22.270059484605074
35729,26.38613095823352
35730,25.83955871887129
35731,28.71650745081984
35732,33.52196662723399
35733,32.42669110413193
35734,35.93362521306842
35735,37.02342112352129
35736,41.623632525801504
35737,43.49988936925898
35738,44.954654576510286
35745,13.517640200410105
35746,13.269864909910652
35747,14.470316536687381
35748,14.032078168554799
35749,13.31546143416244
35824,16.622431248070185
35825,19.40517577755864
35826,18.597689919858297
35827,17.698103300081904
35902,1.8390768053467517
35903,10.349795621434865
35904,13.025418760267012
35905,19.851388201133616
35922,17.094738776075182
35923,20.238776725975807
35924,25.937317832739495
35925,26.81024644271905
35926,27.788265036824967
35927,28.56114483232514
35928,30.361361085364447
35929,31.9063422201963
35930,34.715282371308916
35931,36.002263471107646
35932,37.29883378322312
35933,40.28136033337462
35974,17.084608631890475
35975,19.502545913128817
35976,22.07680852208005
35977,23.04366004293031
35978,27.66510358052509
35979,32.15322284871822
35980,34.24894280042611
35981,34.93824110128561
35982,39.04686627924873
35983,43.434708187815794
35984,43.70986388879789
35985,44.534058044821805
35986,10.260494103965394
35987,15.49659157954995
35988,22.05375700881714
35989,23.602507459268427
35990,27.379579120548648
36068,22.155598475427347
36069,28.890714445087358
36070,31.077715396103205
36071,34.19492655057087
36120,34.39517798836408
36121,39.1692287002339
36122,46.080887096711315
36123,47.800453328788805
36124,55.22822458212397
36137,16.431227660768364
36138,22.473047410741145
36139,21.993500673197186
36140,26.683243017278397
36141,30.67324962186829
36142,32.73237384730333
36143,34.5788033339155
36144,36.24964472782084
36145,37.11267923393731
36146,38.787365721295586
36147,39.04482742054617
36148,40.792120536005605
36192,40.89873687520696
36193,41.505887071007436
36194,45.76608245579325
36195,49.70380882786007
36196,50.22231484938701
36197,57.21401120915849
36198,56.80655425559339
36199,58.52136418968244
36200,60.425288246565636
36201,61.581212006488016
36202,62.78955433171172
36220,20.773769840286995
36221,24.0350675131094
36222,27.287417376031236
36223,28.09396772484966
36224,27.36435270524589
36225,29.15131497207283
36226,36.6551534124658
36227,31.44322163906506
36228,34.0815790904248
36229,42.185079349364095
36230,42.39528356362338
36231,51.18499581380849
36245,45.587057656633704
36246,44.14681005939589
36247,45.31919119970911
36248,47.54481954820517
36249,50.617488421109705
36250,48.71211278552522
36251,53.15775523065717
36252,54.83870354513624
36253,55.6654147478954
36254,37.61012831668022
36255,36.521852309106286
36256,37.846568870562585
36257,39.18574104189441
36258,40.78425218466493
36259,42.51993356748324
36260,44.13675328559957
36261,45.7742226811954
36262,46.96011062833383
36263,48.87451139977619
36264,49.95379798501178
36289,-0.08799847546542462
36290,0.5749749135604221
36291,1.2716981353579055
36292,3.2156324257768847
36293,6.018246765632191
36294,7.822798351321218
36295,11.164616793634378
36296,12.2470478949955
36297,12.815231210934966
36298,13.138792110203712
36318,21.466966630206013
36319,24.105359655974
36320,25.35860595135233
36321,30.00608702553926
36322,33.784887376175966
36323,35.830880829752836
36324,41.69477037055875
36325,44.495355732857355
36326,45.972661699460915
36327,48.596355178650164
36328,49.567623088075514
36329,54.31441995732382
36330,56.85212737253085
36331,57.83746598293068
36332,59.6598433293892
36333,60.91914293121755
36343,14.186934309820925
36344,17.80152784167013
36345,22.382189136664515
36346,23.356220339299156
36347,23.965454235063834
36348,25.045877012011275
36349,25.205797116783117
36350,30.544696159269687
36351,34.33231994519534
36352,36.36936985862642
36353,36.45161861643285
36354,39.97645199014914
36367,15.350931190372803
36368,24.045471147512885
36369,23.130961541208045
36370,23.809404911483504
36371,25.064801561888437
36372,29.469937328310497
36373,31.343731245510117
36374,38.57922160159441
36375,36.364830431908445
36441,35.62006809765235
36442,41.4644138920007
36443,44.72083107268804
36444,47.743545361128355
36445,51.42276947109189
36446,54.45023424024781
36447,56.61741035449953
36448,62.03581132578535
36449,64.33468681908347
36450,69.22639846015669
36451,69.00735307159769
36452,72.08572913273989
36453,19.304386593098577
36454,26.79148520935574
36455,30.736248803186303
36456,33.28413099598993
36457,34.79303992217737
36458,39.00467535376719
36459,42.934749449092095
36460,49.70920646230431
36461,49.394324066494896
36462,48.85259465130632
36463,51.84137209480154
36464,54.08190031819691
36523,3.322012330809856
36524,4.992678474068037
36525,6.286309648471443
36526,18.299879585778573
36601,21.50468385961697
36602,27.738226850271484
36603,26.77584875285549
36604,30.785589544664504
36605,34.08775718138298
36606,33.13877086014033
36607,35.97590930090417
36608,36.85496982455927
36609,37.15856477145137
36610,39.429888970087795
36611,41.126266435634314
36612,41.96777431859694
36618,38.644202569440225
36619,36.57514683777912
36620,41.49537405536395
36621,44.42024113230138
36637,41.18493345683216
36638,43.350084118287455
36639,48.97546752249104
36640,49.062406594586555
36641,50.805375316192446
36642,55.12343651089933
36643,55.33984748121689
36644,58.65905808734083
36645,58.94073870633959
36646,58.444986983938385
36647,2.7614684504038323
36648,6.156141807060819
36649,8.621580979229412
36650,11.582814017537915
36651,13.719980332007456
36652,16.03029263916106
36653,17.643193491889818
36658,41.657884193731185
36659,40.6544309644935
36660,46.17519054096845
36661,47.7855315936502
36662,50.643406195666586
36680,31.69696190850886
36681,31.60850990007676
36682,37.13711812796117
36683,42.964005265757635
36714,16.81752538572408
36715,18.048394861113785
36716,23.63909982026485
36717,25.202686412896
36734,48.932653854497275
36735,54.63515598400836
36736,57.26457114717488
36737,58.89730034689977
36738,60.974923683426795
36739,62.630181158119456
36740,65.68141284602767
36741,67.93582863742827
36742,68.2236698353223
36743,69.15821851850053
36744,69.9067081363047
36808,27.89614116211707
36809,32.85980431598416
36810,33.432631265381204
36811,33.79229783247917
36852,17.308608529205745
36853,23.906637790998204
36854,24.351348494223863
36855,28.71354648846387
36856,30.12659655124194
36878,10.255148958469155
36879,12.20312368291545
36880,14.591727704976986
36881,18.538567647851675
36882,18.48364886461593
36883,23.521861438769996
36884,25.712749003464282
36885,25.632965982999245
36886,25.924571973290426
36887,27.45010753243074
36888,28.72120801330102
36889,30.59927478097655
36890,37.898844052629556
36891,45.56083661977347
36892,46.73125300638836
36893,50.737853854711574
36894,52.66512407950594
36951,31.89909872843818
36952,34.546032999639074
36953,35.37812257896492
36954,39.2227133520321
36955,40.13314900850012
36956,44.83036802650486
36957,45.10186354447742
36958,47.59362224102811
36959,47.932544710191024
36960,50.967645252154256
36961,54.875026888393265
36962,54.924698639202006
36975,31.608877753060753
36976,44.69818955189118
36977,43.7688730866922
36978,51.786273733241465
37010,3.6355124471449556
37011,6.058798774285049
37012,7.362727659301864
37013,7.800422901094604
37014,12.143503206555708
37015,15.069862256654387
37016,15.526458149824268
37017,15.244858371274393
37018,28.21303744419101
37019,27.490853571199388
37020,28.060036875430985
37021,32.62910773312069
37022,43.603677924874916
37023,46.67270672127708
37024,45.93738012739286
37025,50.72493748735251
37026,52.473207671381374
37027,54.778335687811406
37028,58.57402864206191
37029,58.542263431920645
37030,60.02897948015084
37031,61.16229343545757
37032,60.45070301503158
37033,63.26693373990775
37034,24.420623451281323
37035,24.128773003827988
37036,26.89789908726458
37037,26.124677937858138
37038,29.438258324585906
37039,30.460032471864377
37040,30.584550706240755
37041,18.215328334725992
37042,15.634175697924698
37043,19.09834797736788
37044,20.01961434449991
37045,27.916265530399638
37046,27.47204489519452
37047,30.09954689498927
37048,32.23529829691746
37049,36.722632321488426
37050,39.08964729473033
37051,40.693494359648874
37052,40.224214640344805
37053,34.75881270076163
37054,37.715447168942774
37055,44.37595691893908
37056,43.881981081686945
37057,60.28660023716822
37058,57.89013841107507
37059,64.29290432000337
37060,66.82938276818342
37061,67.93237533448755
37074,31.458825101490213
37075,38.01014752998415
37076,37.177522362818806
37077,37.061848753325755
37078,38.12017333123549
37079,39.290130648976
37080,40.41456507249467
37153,21.45937187604818
37154,26.00183895958881
37155,26.3577067950233
37156,31.029955503086622
37157,33.63584993325547
37158,34.83143865470305
37159,36.384723895471375
37160,36.07823055848194
37161,37.279647708796304
37249,21.69944094450164
37250,27.05248452610364
37251,28.282596101076035
37252,32.21823433350544
37253,34.45502201233145
37254,37.48632637343724
37255,38.07537874357009
37256,42.292068628447836
37257,43.33547435265973
37258,45.92955473102553
37259,47.60123139224926
37260,49.373193192203175
37261,6.774996783393628
37262,12.663139965459443
37263,14.05000715560438
37264,16.15518043448282
37265,16.259826135198523
37266,17.26897115980049
37267,23.83545043649442
37268,25.37435635993824
37269,26.52339695615001
37270,26.757762269454634
37271,31.876715112956166
37272,31.82099483213281
37308,36.17845126706039
37309,42.268827096390005
37310,47.24387669468073
37311,47.82348481838522
37398,36.93853089312289
37399,42.40773589066416
37400,48.88633155321053
37401,50.241027054970175
37430,17.727830477073848
37431,22.422842668308448
37432,23.64770231858278
37433,29.125805496588715
37434,30.114986835175774
37435,33.786368717792556
37436,35.07138337094489
37437,37.18473618179459
37438,38.6175750421787
37439,43.53898576742924
37440,43.5559886685132
37489,37.740959972157476
37490,45.92362351074432
37491,49.97071722708064
37492,50.999783647410915
37493,55.03487339166114
37494,56.85923676778428
37495,56.787762487003256
37555,14.200999190838102
37556,15.930567944552205
37557,20.00177560535304
37558,22.050791533758744
37559,20.471964329383987
37560,23.297270282096814
37561,37.850499986196965
37562,39.809236596789034
37563,43.09191939416376
37564,51.47705568838427
37577,25.95146034502845
37578,28.89837559787798
37579,34.26663184143471
37580,38.15696748576391
37581,41.43327918254013
37653,21.174741864625695
37654,26.56127766751562
37655,27.71705441121388
37656,29.821744421954584
37657,32.08355244430321
37658,36.04958657732078
37659,47.33750531924303
37660,45.4550975414885
37699,44.99288074427669
37700,47.5135026294383
37701,48.516591781841875
37702,50.53232623866642
37703,51.990920817225216
37704,53.805931970841606
37705,55.455006070014115
37706,56.40288094415652
37707,58.29544347451415
37708,58.66770706168233
37709,59.65310744993838
37710,59.12226683083863
37756,45.044305097573286
37757,50.3410862156099
37758,50.28615284237232
37759,54.082944842825256
37760,55.3087100257667
37761,56.6855420424016
37762,56.768473155338334
37767,30.84562127872576
37768,34.814081430549905
37769,41.33630174711352
37770,45.12052319315614
37771,44.61056748664916
37772,48.28816260536253
37773,54.0852078740773
37774,56.29306338452291
37775,58.10866050036608
37776,61.00915869556465
37777,62.95948382270718
37778,64.22607942888023
37816,11.82152048924357
37817,18.716718461026055
37818,25.04165298839937
37819,28.18940043114117
37862,19.403374356843884
37863,22.46225604093489
37864,23.04206659923611
37865,22.326777238053964
37960,30.471090723285442
37961,32.308286858668446
37962,32.82079264731954
37963,36.04192279704955
37964,37.813845741754676
37965,38.789035886197446
37966,40.77252182875257
37967,43.92841780157959
37968,50.08366727959821
37969,52.72722758992567
37970,54.16115609577851
37971,57.71301129374017
37994,28.771079023858444
37995,33.90778757296977
37996,40.73854921001637
37997,48.30875380363936
37998,54.08299643819074
38021,28.744467211850957
38022,33.40387430835499
38023,34.51402328933049
38024,36.16259481261074
38025,38.54449515587749
38026,39.7799145320247
38027,40.032665517477405
38028,44.351658167126274
38029,46.15608430186929
38030,48.403755921383585
38109,31.222317395161486
38110,32.45724761413993
38111,34.96676908588605
38112,35.10233643130876
38170,22.462994537141338
38171,25.100892334047
38172,26.434352090446037
38173,30.9729525039552
38174,32.71160051484262
38175,37.96000534297184
38176,38.7106992943088
38177,42.048883899657994
38178,42.52356605012862
38179,44.66004620191036
38180,45.178018968822634
38181,46.93961205836956
38197,30.851691635341105
38198,33.181930820568795
38199,36.85032222149085
38200,40.57513360961661
38201,42.105445989583885
38202,40.924139845049886
38203,39.97744629555265
38204,49.34703871855734
38205,49.513416593649204
38206,50.93649119999147
38207,54.31324206982934
38208,55.728471485610996
38209,58.85706694999684
38210,60.31426156703578
38211,63.04736629440069
38212,64.49117426925339
38213,65.26467784120025
38214,68.03091973530667
38215,43.25677499870643
38216,48.516095081619476
38217,53.35653781966286
38218,56.00573923323507
38239,14.665192663646149
38240,17.1044837851848
38241,29.89159750815455
38242,28.00316583024141
38243,29.536062023704332
38244,31.4319256596629
38295,11.519352382354759
38296,23.22506523219902
38297,26.035545025057242
38298,27.663031499827998
38299,29.66219620928425
38300,39.25765933143717
38301,45.345337310374575
38302,44.11297387180123
38303,45.2335543805515
38304,48.25376884957548
38305,50.080824477028926
38306,50.52596962435989
38307,50.6616744757134
38308,55.83501106871828
38309,59.05040880735862
38310,59.513287472405935
38311,60.33955102568726
38312,15.277887152357653
38313,18.770217937411868
38314,19.343173650355745
38315,21.549201426587505
38316,22.82363587856323
38317,22.164944705355953
38318,27.81151199304342
38319,28.64644270435029
38320,30.91391085142159
38321,35.09722321992262
38322,36.111645311864464
38323,35.59132604803508
38324,27.310145045719416
38325,30.26001854219886
38326,35.09738046779997
38327,34.743250488127174
38328,38.354371258007184
38329,41.32246758081578
38330,40.51441407172209
38435,31.184753688118686
38436,32.07768655148689
38437,33.09673604594131
38438,33.25172392293556
38439,34.01513015671123
38440,34.893412719744916
38441,35.60433418670235
38442,37.17291438426992
38443,38.37506419643628
38444,40.69920550822185
38445,44.992792130196555
38446,45.29067935570576
38447,33.211516554005186
38448,32.99248056307856
38449,35.24757822923483
38450,35.57951678522478
38451,38.26645173857274
38615,28.384433500789616
38616,34.123670764347324
38617,34.51172909085368
38618,36.220880286126935
38619,36.13821381197272
38620,40.262279526767095
38621,43.839531046230455
38622,46.04436450997488
38623,48.45800359683644
38624,49.182765020833024
38625,52.50747535772347
38626,52.527854334888104
38627,17.171694553052035
38628,23.033135007585404
38629,25.24027927866548
38630,26.925078432166078
38631,19.89340702094224
38632,19.010342851778514
38633,27.798188035427106
38634,34.672374078110515
38786,42.25923969838672
38787,51.78833848483489
38788,57.638059313934
38789,63.74146424801588
38790,64.20767996036265
38853,31.889992685387863
38854,41.81125066070652
38855,40.76385839248762
38856,46.719508493562905
38857,49.20092550024969
38858,49.21207281892917
38859,51.658128531262
38860,56.34468684753621
38861,55.82759744790984
38862,56.51949906284852
38863,59.712210601691496
38864,60.65667978042994
38869,29.666965426979065
38870,36.58926064077574
38871,45.0279363761583
38872,48.71176603962122
38916,28.54521688571891
38917,27.514317998943696
38918,28.620509701654772
38919,30.598700941929206
38920,32.644795912141674
38921,35.83989615589799
38922,36.84894946957741
38923,38.60079721864761
38924,38.72581174322092
38925,40.54028043694986
38926,40.56173474861177
38927,41.18820815529261
38936,45.62086211018803
38937,47.144586113409154
38938,49.026921349301645
38939,55.810511065716334
38969,18.04409965403147
38970,17.96709887339105
38971,20.34929119221717
38972,23.823807449126473
38973,24.72584347286104
38974,25.068041008724766
38975,27.772832453510357
38976,27.413214065736348
38977,30.597642797919505
38990,3.9231321155020797
38991,8.957772986765786
38992,12.536576963628246
38993,15.789455610463738
38994,21.07834068914354
39004,33.53551820768201
39005,35.744393819901596
39006,38.279856776315505
39007,42.91323608130733
39008,45.04189864728273
39009,51.03971798047241
39010,52.34834096505837
39011,54.894509550664964
39012,55.73480747476134
39013,55.86540940034587
39014,56.72504817269328
39015,58.08825852915241
39040,20.64169590036222
39041,24.043273967303765
39042,29.89588362507476
39043,32.449648567164175
39089,31.88763289688765
39090,39.19360919036464
39091,46.32279866658644
39092,50.69293720327055
39222,17.023953531308138
39223,21.562552643839993
39224,27.163582877270024
39225,29.55797911181543
39226,33.700339441166925
39227,37.71741295073104
39228,43.861721606831814
39229,43.99798785703406
39230,47.05409448432106
39231,47.894906715993386
39232,50.345867017735145
39233,54.52432824272234
39252,35.04996064055726
39253,42.899998030350076
39254,44.8360130158163
39255,47.49734178304125
39256,46.55280438842268
39257,51.72477508050965
39281,11.821241018768367
39282,18.00617189292306
39283,18.50286240837072
39284,21.222989692806237
39285,23.91717677688087
39313,16.474541114767963
39314,17.495754902054742
39315,18.52107047395621
39316,26.353271398712664
39338,27.746525440800795
39339,27.845322015182578
39340,30.79110778162195
39341,32.18070757735712
39342,34.929064172683276
39343,39.249193367374176
39344,39.57556567373831
39345,42.069175915363445
39346,47.35619472873418
39347,53.2727656673327
39348,53.7092114739141
39349,60.25750651847425
39408,22.362514405153533
39409,25.78542148256185
39410,28.301059657453873
39411,31.433200402276515
39412,35.74615585394412
39413,39.11418838079676
39414,43.968749241062575
39415,45.2780430273297
39416,47.79321345152188
39417,47.8168878774433
39418,53.55764793449674
39423,21.8661266253086
39424,25.39681408656253
39425,28.348193363756376
39426,29.738086768632805
39427,30.540337544241957
39428,31.513893619547073
39429,33.59175941165548
39430,33.92132359398943
39431,35.4407618500881
39436,26.920840370976794
39437,28.38411000988139
39438,30.248987756724254
39439,38.617202450566026
39440,39.02130175251166
39441,44.74752887603339
39442,47.34883792579803
39443,49.06727513153
39444,49.78278269041086
39445,51.600908347469726
39474,14.264084914409425
39475,18.07964939099626
39476,25.523572755506688
39477,29.42472568570003
39478,13.685488974405683
39479,16.69003485439134
39480,17.925419637454752
39481,25.371448553773476
39482,26.161434846913284
39483,26.803249638809174
39484,31.970553470069103
39485,29.20557227170597
39486,39.406108443041994
39487,42.18559007746156
39488,42.82795372171857
39489,46.71339137984261
39522,46.40064147591134
39523,47.810183336089715
39524,50.39632501587874
39525,54.683076527487415
39537,12.416425082671887
39538,16.41524260577849
39539,26.34182661743496
39540,29.606889456294763
39541,34.611938094373414
39542,34.2663170997681
39543,38.20190501339145
39544,43.664755473059884
39557,22.835875628430184
39558,23.348561464914567
39559,25.947722502386412
39560,31.332497256481002
39561,33.61712299126532
39562,36.219443498755304
39563,39.03481295738731
39564,40.721136340947396
39565,41.473117508654305
39598,20.562954254998914
39599,24.02346177103823
39600,32.40384448215902
39601,41.399233673216564
39634,11.727242345495094
39635,13.041711740400281
39636,15.16917702798651
39637,17.156379523805214
39638,20.04072489841595
39639,20.94444350858571
39640,21.57520114462743
39641,38.698913675344045
39642,40.105962989569164
39643,38.927464691358
39644,46.44050459905045
39645,46.98893536781975
39708,49.03512346711182
39709,53.093044783900716
39710,56.335093510048345
39711,59.88786963316291
39724,36.121829008692146
39725,36.09978564791372
39726,41.766688580181295
39727,43.74230233066752
39728,46.58486331461913
39729,47.891274852637366
39730,52.089989197193766
39731,53.85136610490848
39732,53.74977262564432
39773,38.00886451093624
39774,35.2812629576011
39775,38.294136353275114
39776,39.39061895153586
39777,43.369507126429056
39778,41.742324055632416
39779,19.05215901721001
39780,17.225210987426674
39781,18.28471597818278
39782,19.657371401991753
39783,25.368340754095623
39784,27.282166820553932
39785,31.709554075867793
39786,32.5107647167424
39787,36.82766648748221
39788,39.974467620261485
39789,46.224615200874126
39790,49.199580079357304
39803,37.31538633948418
39804,44.8021708109134
39805,51.53424794395584
39806,52.49690456925655
39807,55.9576180079441
39808,61.13529166957215
39809,59.91916703670595
39810,61.519489832054305
39811,64.82642621472469
39812,66.29556296752178
39813,67.48069600820375
39814,70.01898381525082
39815,72.81226470028857
39816,72.83775540422423
39817,73.82304527498928
39818,75.12671640671475
39819,75.55630001700801
39860,35.567655472871635
39861,39.43936283711641
39862,37.4796214238103
39863,38.83211301523603
39864,41.610696156207666
39865,43.15528363622573
39894,30.482968038052263
39895,30.6465091935775
39896,29.987670704514017
39897,28.50485835752393
39936,11.13907351342226
39937,11.654303643637254
39938,14.597750697046603
39939,14.524220820716877
39940,17.026556248740903
39941,18.219748686242735
39942,18.71276682219695
39943,21.394469594122953
39944,26.540600319846835
39945,29.46776103762168
39946,33.888792304688174
39947,40.737470360295376
39960,20.453881933188693
39961,28.831022622402543
39962,32.68538174864195
39963,37.07438029798782
39964,37.40057149842767
40034,31.764611715719248
40035,36.017458375345434
40036,41.28543117096607
40037,45.284778680598166
40038,48.03300188062831
40095,34.53561754307193
40096,39.51545998408143
40097,39.881244484084164
40098,43.17356127383527
40099,42.41748375685427
40100,42.78879570033403
40101,43.98356208456077
40131,10.878527160882301
40132,12.115152029624657
40133,13.743810504069943
40134,14.714870421785632
40135,14.212594734882046
40136,15.617149697885475
40137,18.132720549370976
40138,27.189666979034854
40206,8.006005770331878
40207,9.613477027941467
40208,11.107555633388566
40209,10.595264404677414
40210,9.985240556304607
40228,8.312601391382309
40229,11.605465246420998
40230,14.047280133623163
40231,16.113855114409237
40232,18.030127458660626
40233,25.041549255906542
40234,26.978920268359037
40235,29.012493963788206
40236,29.828840373980928
40237,30.87085038862697
40238,31.180788658192164
40239,33.72822312555117
40252,37.51586554197378
40253,37.24889291464906
40254,40.73568270666353
40255,49.334542220866645
40256,51.96372082626351
40257,53.43709458606181
40327,32.0428204161811
40328,36.9632983706705
40329,40.23529137210915
40330,43.25234981034762
40331,46.25579301678941
40332,50.86605355668764
40333,51.18135608785394
40334,54.05032111629353
40335,57.82466786953653
40336,60.30973823196594
40337,61.42448391769423
40338,64.27626719441946
40394,29.255302354366513
40395,32.968803917923815
40396,32.122679421849924
40397,34.97578890497055
40414,46.064870155161806
40415,48.04177774503092
40416,51.560516718031934
40417,50.482246576440204
40418,52.899082814523645
40419,54.17114284334499
40420,10.498061839547645
40421,12.424968513544604
40422,16.97183835654664
40423,17.639697059455766
40466,19.981910890079075
40467,25.160278217102782
40468,26.007155202907757
40469,27.940616713831336
40470,32.22324955322902
40471,32.26461138894712
40472,32.62873685849611
40473,39.03724108727593
40474,42.70277070706583
40475,42.80931770495799
40476,48.58312049003986
40481,39.81868950245717
40482,40.587107160615695
40483,41.09039554168578
40484,47.791301739818564
40485,48.27040145714944
40486,50.446737831934826
40487,53.40532654560374
40488,54.97646630034432
40489,58.6643868725171
40490,60.0785881246011
40491,61.44753429767148
40492,62.4966615863584
40493,26.92701966310266
40494,35.44915621098648
40495,31.731870414245993
40496,44.98776057661281
40497,46.15595343141876
40556,38.71297364427719
40557,39.386383767074804
40558,40.00347482748397
40559,41.90147741223107
40560,44.889548520180526
40561,48.11289527718202
40562,49.77217907583874
40563,52.198812686745775
40564,53.68248172583415
40565,56.22936423379378
40566,56.58861889898763
40567,57.40008621716711
40613,26.819009823474797
40614,34.106620175774346
40615,35.31582308356161
40616,38.659081402249306
40629,10.0022469839539
40630,13.710230576600427
40631,17.662805622851135
40632,20.157360590167215
40633,22.035811241421573
40634,20.533391065428212
40635,28.321186000940347
40636,31.036316129647762
40637,31.144937269991328
40638,31.2514815557043
40639,35.45277425144765
40740,7.9723753081124045
40741,7.60374109347231
40742,13.545561202733701
40743,16.04129392176957
40744,16.858756874168243
40745,19.307947696196106
40746,26.46077017155531
40747,27.56650889667311
40748,28.95669137371844
40749,30.889330441275657
40766,49.48013030145513
40767,49.3454719511156
40768,51.01758336083183
40769,57.05588575155786
40770,43.65983618798394
40771,38.306821048859724
40772,42.5943824691111
40773,48.115494019945196
40774,51.46216326746729
40775,54.25721081153665
40776,58.74101724068928
40777,58.37226991850917
40778,59.57748265235476
40779,60.940631938960294
40780,63.39938252507512
40781,65.83835036506771
40837,18.632774993854987
40838,22.42382093438327
40839,25.94147783867259
40840,24.46389236482775
40841,28.61586354806218
40863,8.139120180862422
40864,8.444006778715044
40865,11.144616968471222
40866,13.000144631178411
40891,16.39004518737559
40892,15.501090152078424
40893,16.316000275849618
40894,16.946852326840887
40903,32.70979157635137
40904,35.82400693496032
40905,37.514961582718335
40906,41.81681706552764
40925,5.348385812942273
40926,7.026954729007974
40927,8.136499121823988
40928,9.186209991659604
40963,21.321307470549044
40964,27.106936994309468
40965,27.118949695766506
40966,30.06020888220147
40967,30.94211142224239
40968,34.062401134406635
40969,36.686308183060554
40970,39.294400975516545
40971,42.65444584657195
40972,41.814447219438506
40973,46.4095752023339
40974,49.91886806189396
41003,23.842908533029988
41004,30.889360189497953
41005,32.043029599168634
41006,34.43549136829523
41079,45.86189250716247
41080,50.50003065145701
41081,49.40270945993928
41082,51.212918184468464
41083,52.452164155235934
41084,54.23272527934386
41101,26.14182657002686
41102,29.56034610412166
41103,35.099903840376996
41104,36.7483666493381
41105,39.245566303836995
41106,38.928176474742486
41107,43.86067957140378
41108,44.37391862333791
41109,44.084875983700115
41110,46.934500099695526
41111,47.259299541051426
41112,49.7678834899092
41129,30.336716099297618
41130,29.19845021484643
41131,37.51762009962522
41132,38.08143315776817
41133,39.99620149119347
41134,39.85686043016241
41135,46.009978959514676
41136,46.91218222550693
41137,48.76757389778422
41138,50.51349699225535
41139,32.59445252133927
41140,33.14394086390582
41141,38.59948947466442
41142,40.87582030929555
41143,44.128672816882656
41144,45.7956471559471
41145,47.1197901334748
41146,49.42812316441441
41147,49.40120952518135
41207,14.305973682162287
41208,15.300434688715036
41209,16.856263442001374
41210,20.610042513133845
41211,25.207218739862117
41212,26.00036674196156
41236,16.912044773010987
41237,16.55174181120788
41238,20.010664138238837
41239,20.49643093418477
41268,28.41360197375769
41269,29.44471913230191
41270,34.86486995426527
41271,36.993226104720385
41272,44.291867085482984
41339,37.049358461598096
41340,38.09418787039295
41341,41.43537223106744
41342,42.600054648350145
41377,32.05129171031643
41378,35.99530382140765
41379,39.40264723668077
41380,44.201279309974254
41381,47.62950409880834
41382,49.480588188564774
41383,52.352016819085
41384,55.938382954337925
41385,56.60905862855816
41386,60.63527190494052
41387,62.13284352017572
41388,63.17803339052757
41401,22.602902954675667
41402,28.05186465105341
41403,35.77664379672551
41404,35.39005114015147
41405,36.8938310136661
41406,39.531082763761304
41407,40.33468945459784
41446,46.73079946097556
41447,47.76944883004615
41448,49.95228894451522
41449,51.17553393502187
41450,52.59233840522229
41451,53.867459982885855
41452,57.99757213889668
41453,60.50339002476288
41454,60.36628759258495
41455,61.56643675272486
41456,62.61151158823418
41457,65.38557418853522
41484,32.90869812192244
41485,36.344104324337515
41486,44.693685812243096
41487,49.46130182653968
41488,54.67230069173068
41493,15.467478154292897
41494,16.237203038463026
41495,16.662264630004625
41496,18.83346568487891
41497,24.270677081789962
41498,25.188120633529447
41499,27.254265413636887
41500,27.1572512861859
41501,33.666345109296934
41506,29.759385699170597
41507,35.83568594393702
41508,40.77749230789662
41509,44.35290179653929
41510,1.3278602202449126
41511,6.892647382374376
41512,8.366933250714222
41513,9.893243064678263
41514,13.776089831756515
41515,13.191909685265072
41516,14.435529660821828
41517,18.124310594659484
41518,23.728659779820166
41519,23.562342469753705
41520,24.65537561078445
41521,25.15453703241534
41530,1.7392983395709
41531,5.058666539367819
41532,5.3186013535578525
41533,7.294760602346548
41534,10.510178630710584
41535,18.64566708872576
41536,16.056023173086366
41537,18.019851173694462
41538,25.76188344887773
41539,26.310084541851833
41540,24.98389075282732
41541,26.778095291909267
41559,32.61928837588937
41560,36.715887342217144
41561,38.10320639385785
41562,39.486035506784916
41563,44.990883532670864
41564,50.007528895475936
41565,52.06201469770624
41566,54.76467701499535
41567,55.73146571685018
41568,58.176413149683896
41569,61.50637220641209
41570,62.347707032604006
41579,38.37128812743253
41580,40.59983552913559
41581,44.809994498703375
41582,52.25657424246202
41595,21.306063045452948
41596,28.65134243089211
41597,30.119658019463525
41598,32.297534794136865
41599,34.04068477744959
41600,37.07931418133727
41601,39.02724620506311
41602,41.92753682606392
41603,47.94414502404965
41604,50.72991439407664
41605,53.748712657950804
41606,55.58434208330696
41652,52.61591644111994
41653,55.32118353706203
41654,57.55961419821574
41655,58.293853542029574
41807,16.007276734234328
41808,19.759771138607206
41809,23.96828479347093
41810,22.57602109764807
41811,26.547455982146197
41812,27.663346796637036
41813,29.666638942622825
41814,32.90666966215659
41815,32.74481763491525
41816,34.95166977306424
41817,38.56809325301606
41818,41.122900112021256
41856,0.4096046962263971
41857,1.247544298675223
41858,2.6998692147138508
41859,5.739356427009336
41860,7.709536614025904
41861,0.9535595212110095
41862,2.500650789651405
41863,4.070908877301014
41864,9.092824182298102
41865,10.142365169395312
41866,12.167062324948217
41867,14.53564485220796
41868,15.445891533923303
41869,18.011925997511895
41870,19.389563095110358
41871,23.477470788615484
41872,32.621071258368794
41901,16.67682162453604
41902,16.657387172489173
41903,19.418088163903196
41904,22.035508748841572
41905,20.98833158734101
41906,32.14781425309594
41907,33.571631913802676
41908,36.58606529603004
41909,36.70043851771649
41910,39.40961302925833
41911,40.65062031469775
41912,43.525855078727005
41929,37.26465487259235
41930,43.256721158897534
41931,45.176614792498974
41932,54.004903137924956
41933,31.366784010745512
41934,32.2346818836136
41935,33.22097332446608
41936,34.521104615438524
41937,35.45963816023688
41938,36.196748740844505
41939,38.07021503502128
41940,39.170027132181474
41941,40.44777787378041
41942,41.11601744501938
41943,40.81145889139777
41944,40.33835617938769
41972,24.23640292932739
41973,27.41493573338413
41974,25.78275093366084
41975,29.84318045754035
41976,32.78907624200701
41977,39.12726445892376
41978,42.01311561431151
42010,42.60804704972055
42011,48.77057568397427
42012,48.97170918887871
42013,53.027293113870066
42014,56.703155944619425
42015,58.13800400372316
42016,60.437426260929
42017,62.279211024202304
42018,65.43401075585442
42019,10.300899886232747
42020,13.536418805090085
42021,14.147134727442522
42022,15.269955005657918
42023,40.42937910037467
42024,42.99866190040382
42025,48.27836254827127
42026,48.78230892077712
42027,51.36215744196157
42028,51.56520034393587
42029,56.08579403854606
42036,4.3332449516521665
42037,8.934434940924817
42038,9.354625732868824
42039,12.893748938287095
42040,16.04108081112439
42121,20.75535343941289
42122,24.57690730161772
42123,25.04827773249819
42124,28.201523651305653
42125,29.793015427891984
42126,31.203981567563115
42127,35.35250996119747
42128,38.68152334392698
42129,41.575924366123715
42130,44.110946244633894
42131,44.25197529583019
42132,48.341896728970674
42133,15.259847868403728
42134,17.814468470020312
42135,24.73738472494741
42136,26.259446522271375
42137,29.371287601241335
42138,31.560799746097512
42139,35.014503817950505
42140,36.002013604893094
42141,37.69692329687064
42142,37.63573079842698
42143,39.199140365983176
42144,39.436855866646724
42181,6.226559203095176
42182,7.87036016924062
42183,9.468575110814253
42184,10.886676485784848
42404,32.621107277183185
42405,36.760009311331686
42406,39.54196355786221
42407,40.165459857035266
42408,42.249650847488525
42409,43.00849222764371
42410,45.79855362423429
42411,48.415196174455296
42412,48.5495315429512
42413,49.576251043713754
42438,16.901538939301272
42439,20.958625932447596
42440,22.174083527705875
42441,23.16380999649982
42442,28.34875682964791
42443,30.99160370888107
42444,30.516303954217207
42445,33.430439535011374
42446,38.75120258899615
42447,38.16810523998158
42448,41.156257612719834
42615,28.400196207511346
42616,26.09705447874387
42617,28.293052648307196
42618,35.251333608596475
42619,39.730592446499806
42620,37.12496570020015
42621,41.7737427114746
42622,43.496059677244524
42623,46.36316988073017
42624,49.332228089633745
42625,50.37004930803155
42626,53.66640021405244
42639,21.08193449494695
42640,22.605130116879252
42641,25.462875012071965
42642,29.603412676753244
42643,29.463567868710623
42711,9.388710289074819
42712,10.634882654861148
42713,13.54053841290729
42714,13.684928909758472
42715,16.68591512973007
42716,18.685559434262917
42717,18.806884863767365
42718,20.796815475143696
42719,21.204820936184415
42720,34.63965965397346
42721,37.80908988683534
42722,36.70934606528319
42749,28.225266245356927
42750,36.91120647019056
42751,38.57888648398466
42752,47.77908451726215
42778,26.61389600165749
42779,29.13429250928154
42780,28.528502555245677
42781,28.837540427622535
42782,30.481128976493963
42870,5.749984346999471
42871,6.740194504770266
42872,9.746049352392042
42873,15.149957587973708
42874,16.388414623307302
42875,18.757802626749044
42876,20.646531160072904
42877,28.68759083567201
42878,33.44961771126895
42879,32.74812325998382
42880,37.60668841250777
42881,40.25709715150048
42977,2.4921891587375153
42978,7.397256382337959
42979,11.817322316748783
42980,13.739662360396181
42981,16.545765099345186
42982,18.510009284614558
42983,30.091574015892547
42984,29.155030526390643
42985,33.25036902760878
42986,35.96225718199558
42987,34.37966001384051
42988,33.97167044457302
42994,49.33719081372339
42995,50.5600840185611
42996,52.26158108257132
42997,55.89235357604639
42998,58.15376950403965
42999,58.2445886847521
43000,61.06076508163874
43001,61.71070252412287
43002,61.33704994546131
43003,63.71747259247425
43004,63.32874168906556
43005,65.05199067599678
43018,15.492296865695737
43019,18.465354198575795
43020,26.915593740765374
43021,30.25423555065655
43038,20.008121107480648
43039,22.480655256412568
43040,25.4487094496238
43041,28.10246759065442
43042,31.089556118486126
43043,34.14416753991075
43044,36.65112723040314
43045,38.35322498149955
43046,41.48308709631408
43047,44.84681306326129
43048,46.307897904674306
43049,47.87882396201356
43050,33.062294550665136
43051,38.10092470009173
43052,36.12049401694692
43053,42.28811070746115
43058,19.125241388539656
43059,23.46580011162022
43060,24.371811041373014
43061,28.75190628296958
43062,30.925114180216248
43063,35.91677900938019
43064,38.10685719380026
43065,41.80731533606614
43066,43.65974391586683
43067,42.15775671026528
43068,46.333278353922225
43069,47.50789763222028
43120,16.43686482634119
43121,22.880997592812086
43122,20.525931686472557
43123,26.427020682737567
43124,28.09075575416555
43125,29.058200427665525
43126,34.42667897893948
43127,33.00128392570152
43128,38.11304062978569
43129,36.69817483651643
43130,40.43997059766258
43131,41.39573780827732
43132,15.79592796931667
43133,21.480044717414685
43134,27.19717232960252
43135,29.092887502867892
43145,34.136765778058056
43146,36.95053584273185
43147,40.43282616022548
43148,46.81085563557585
43149,48.34611096627287
43150,49.57513290870031
43173,24.924351451732722
43174,28.754990890018927
43175,32.55621495575818
43176,36.706401600474955
43203,37.424466198297075
43204,46.823186308512895
43205,49.43233861757279
43206,48.64083716355948
43223,19.995888020835316
43224,22.80388068665723
43225,26.890415647609565
43226,27.844913685560748
43227,30.406720251966703
43228,32.13481845276321
43229,35.06705190050932
43230,38.30114156693278
43231,39.08942101004337
43232,41.710805254020336
43233,43.60421184961598
43234,46.72862884875141
43279,23.21868996402589
43280,26.251971524861737
43281,27.453001909584653
43282,29.683319310136607
43283,32.91282658691326
43335,23.62763530308065
43336,28.967885355003947
43337,28.988412879055694
43338,30.977649464472492
43339,39.00109555346833
43340,41.580393335446665
43341,47.91372953594339
43342,49.67929606112805
43343,52.67383774878258
43344,55.009013559076514
43397,34.8677183719652
43398,30.31722982162599
43399,33.72728923397939
43400,36.18201863256417
43401,38.69459656989713
43402,40.053659864759325
43403,43.883787852330784
43404,46.801012153818895
43405,46.046634699097076
43406,49.1883242465821
43419,33.25261993218979
43420,38.22029862031322
43421,39.299357100717614
43422,41.206186512741894
43423,42.96709725285697
43424,44.69804702524041
43425,47.094670473308945
43426,48.99829818144849
43427,49.25507927092689
43428,52.616496182007616
43429,52.14624896733556
43430,56.20811763650266
43457,16.128238477345903
43458,20.564919042855397
43459,21.993929814301953
43460,27.32147525850615
43461,27.80108369972201
43462,29.85298628999006
43463,31.690647299916623
43464,32.87221503609352
43465,33.429309223589996
43466,36.307428725745034
43467,38.81930193172994
43468,40.66244454449962
43506,54.66705521646439
43507,50.34890630733184
43508,55.59188239169631
43509,57.708027899573445
43510,57.029092704983874
43511,60.776238181079194
43512,60.55663654610164
43513,62.08983396896415
43514,63.34237339249087
43515,63.7780417557699
43516,66.61720707711862
43521,2.6626375909090068
43522,4.228950770032277
43523,6.7008296470620845
43524,9.010639326726574
43532,21.80082116180147
43533,22.08506067539904
43534,26.290061051155995
43535,27.830475124546748
43536,29.186778418599246
43537,29.42624466456669
43538,30.52189911471858
43539,31.788058725266772
43540,32.92786996770531
43541,34.237796459351486
43542,37.026808796175054
43543,38.71553304291595
43616,29.82302853622088
43617,29.497728561747888
43618,30.5103366300418
43619,31.912362172768166
43620,33.972679422397725
43621,37.023405251952454
43622,38.599940423419845
43623,38.3324802003265
43624,39.700152046600856
43625,42.297457676403845
43626,45.35902740070869
43627,47.35158438028012
43776,15.349762966122778
43777,16.694928741059343
43778,20.03829779488568
43779,24.777789823520063
43857,28.32673039268746
43858,30.21756910545822
43859,31.822145840004982
43860,33.564399807919884
43879,1.0639111919484485
43880,1.8991331987181859
43881,3.2600069589670237
43882,5.9493264728226265
43883,8.041772699531728
43884,11.565859692098936
43885,13.31244879542828
43886,14.264843619549035
43958,44.95559943072331
43959,44.86815702307603
43960,46.9570879818969
43961,49.12226484335208
43962,50.95081771007469
43963,51.34805837582242
43964,54.5732330703864
43965,56.79070011519194
43966,58.70493533991324
43967,61.49498428003492
43968,63.278156328669944
43969,65.3443424579201
43970,16.776015824360158
43971,22.186694755360882
43972,19.876877555887503
43973,27.023760913926125
43974,34.91052012592682
43987,23.72702005162024
43988,32.74845420209658
43989,32.12820294090292
43990,43.49777496301561
43991,38.68465829745003
43992,39.6440605320326
43993,41.96779959276641
43994,47.072337047360776
43995,48.7525462643729
43996,49.33209966659112
43997,50.42658007046425
43998,54.030694663552616
43999,55.385088840923565
44000,56.81120640051628
44001,59.21593896317995
44002,60.24307881347458
44074,27.209880544789986
44075,30.38684256954598
44076,30.189387595500403
44077,35.24219207697952
44078,35.64089522005734
44079,37.83803718337839
44080,42.730466464752396
44081,43.69926668375482
44082,44.49115547410598
44083,47.35889933286114
44096,43.691110448620215
44097,48.01496924720063
44098,44.971011531516716
44099,54.468088598512004
44125,20.481482261400593
44126,21.407120035307813
44127,26.782356106868743
44128,30.646500883459257
44129,35.063898655770664
44130,39.67426618398047
44131,42.15128075607893
44132,44.34708315050745
44133,47.75600660292963
44134,47.92511419961845
44135,53.581883613616235
44136,54.90003321869963
44188,14.68197031961041
44189,16.048715184487268
44190,18.126827839818084
44191,19.049784778049766
44192,20.026708793880424
44193,20.132417954841344
44194,26.315697152138664
44195,23.09877845331313
44196,34.28843980835994
44197,40.01541128262125
44198,39.317368133266434
44199,44.4830281265852
44200,4.90875867389874
44201,10.606009970045365
44202,15.91381183518408
44203,17.86745958100553
44262,11.151850444754178
44263,13.454140155520973
44264,16.531100936509034
44265,18.220639967862617
44266,19.85875405428023
44267,23.306163252980188
44268,21.912022347540102
44269,26.026520723830405
44270,26.410991381118798
44271,27.86749162836935
44272,28.410470124646555
44273,29.907396488322153
44274,6.172860142515985
44275,13.123255456926
44276,14.183673625652185
44277,16.89056451572046
44278,18.71321329378279
44279,20.240203273993828
44280,32.11807549448093
44281,31.922550181631145
44282,35.49916606134507
44283,37.33415463836995
44284,37.129055442445555
44285,42.895112723389786
44286,46.81251367384959
44287,51.321477875188606
44288,52.83740555814547
44289,56.21369472801059
44306,36.01559289367266
44307,44.60608566140881
44308,46.49941492478824
44309,49.455727898908286
44310,50.55883925585739
44311,53.963938357570576
44312,57.242733361623586
44313,54.53969098946648
44314,58.75382758105233
44315,60.04269282359551
44316,-0.3559990628522603
44317,0.04132670492102198
44318,0.649153798804839
44319,2.1951623239695617
44332,22.15369147389754
44333,29.119178898791613
44334,26.137315599358946
44335,30.080616348143533
44336,34.229627874109575
44337,37.603638339357374
44338,41.15824412308941
44339,45.55192174969827
44340,47.23951835527812
44424,46.939038318430676
44425,48.34573076316594
44426,53.18387684126201
44427,57.85222675720516
44428,61.15684685972405
44429,61.84393788939759
44443,38.01700318203485
44444,40.94335668267312
44445,42.90056703196909
44446,49.9977989805002
44458,5.832423138805759
44459,8.606873000550461
44460,10.17698321909781
44461,10.37268101374653
44474,54.536996590960406
44475,49.332820553867116
44476,51.36988005933075
44477,52.751239807627364
44478,54.98556236154868
44479,56.14093764649627
44504,48.520677933124595
44505,51.27522835988717
44506,55.31702337767985
44507,56.16478600759993
44508,58.686775347932404
44509,61.399402589138624
44510,63.8787371677283
44511,65.38003732588567
44516,33.1636093569315
44517,35.415115701060586
44518,44.188679007266536
44519,46.96750701224735
44582,10.29359925595533
44583,12.754945186101693
44584,16.338107745770362
44585,19.205595563672432
44586,19.998341606909886
44640,47.27107765238184
44641,47.537839123076964
44642,50.48414804923405
44643,51.308397496464174
44644,52.522125645046415
44645,56.398444405535464
44646,58.907792754649705
44647,60.04073987302518
44648,61.13195080103901
44649,63.204787103717756
44650,64.62622457955307
44651,65.63678371236824
44669,31.276469615828653
44670,36.5032865086962
44671,38.27224268805249
44672,40.89091149390156
44692,42.56853804673701
44693,47.127614118779924
44694,48.84115344119189
44695,50.7423309631209
44696,52.48746853291967
44697,54.04142241974456
44698,56.70294552033542
44699,57.70483288879138
44700,58.63923349728839
44728,17.195136243716004
44729,20.441357071905447
44730,28.002625318651937
44731,29.73948224892196
44732,30.6192505948305
44733,32.54786763079506
44734,35.454285447403066
44837,21.583072895183914
44838,23.370633594392228
44839,31.97019248456601
44840,34.763737575085585
44841,30.450887717166257
44842,31.608598459964476
44843,33.50740818718075
44844,36.0746079083086
44845,39.19691788199049
44846,43.044665175746815
44847,46.94913010361017
44848,47.66513465402632
44849,49.38552309875238
44850,52.05639831317946
44851,55.28721041688193
44852,55.413902772799446
44853,29.109318455549403
44854,30.953097301737262
44855,34.1956545817567
44856,36.5311595909912
44857,37.84779873926447
44858,38.472312295978114
44859,40.163392451880306
44860,42.723594956224645
44861,42.737133549426964
44862,46.77450620388245
44863,52.6896491180018
44864,51.009857486164385
44885,28.511088723433552
44886,28.782674264259743
44887,28.94201075144223
44888,28.300013477125862
44897,51.130828658226875
44898,53.96161921462185
44899,55.43595699147559
44900,57.61827475255084
44901,61.75648289350223
44902,62.0437177596101
45041,21.051247354725824
45042,23.145288493272925
45043,26.31575656468593
45044,28.221593510130507
45045,31.58084244843103
45046,32.59679082857843
45047,34.2835556834214
45048,35.52923087507634
45049,38.35767664676093
45070,14.415483570350919
45071,15.645857946930755
45072,16.317685645041117
45073,16.915072484670297
45074,16.096111195273917
45075,29.006455835976492
45076,34.703377967379055
45077,40.74278527635349
45078,41.34155932763207
45079,46.9311209923947
45080,48.890186805319686
45081,52.3168677226152
45082,54.58870028380977
45083,54.448171803896
45084,57.41700249241992
45085,60.488780903090806
45086,64.28211373981841
45087,64.75597870534895
45093,51.040784650884966
45094,49.941342183389054
45095,56.72912362846842
45096,56.03343132988197
45097,58.7222810665712
45098,60.960639275408134
45099,63.81085693973698
45100,64.26127095326335
45101,66.63242064021246
45102,66.78578241650014
45103,68.73041242037783
45104,70.10323447647326
45105,31.523892346218062
45106,36.73205697767243
45107,45.73683417618424
45108,48.40708374548649
45140,16.494310380791074
45141,23.017947814024275
45142,23.78947283166596
45143,25.695787116944025
45144,26.303440359400277
45145,27.65465502570169
45146,29.784607229208607
45147,31.72830049185936
45148,33.16932592640741
45149,34.470300271617745
45150,35.249420964420395
45151,36.401351350014785
45176,19.903845614138895
45177,28.572147749547884
45178,28.226121491352586
45179,32.40610059063187
45180,35.26630321060385
45181,35.82626308781267
45182,36.79522550292139
45183,39.665848238712265
45184,46.42762313604065
45185,47.02496940529108
45186,49.60851303107082
45187,49.25347866551914
45253,17.343446525678264
45254,20.562632089961088
45255,27.919548445813977
45256,28.39488023523041
45283,40.38842132748578
45284,43.483283451755966
45285,45.86005018896304
45286,50.52330909120978
45287,51.05625329868004
45288,53.872578277151874
45289,55.71965324858072
45290,56.199967113010366
45291,57.4018009930971
45292,59.241192611150204
45293,58.494132581371254
45294,59.75118913724433
45354,9.04510744830102
45355,11.367505871893506
45356,11.777207947957839
45357,12.994394059608892
45399,15.446760855037185
45400,23.453158254103514
45401,24.395446502550023
45402,26.856912017299866
45432,18.080837851983993
45433,23.162167540998556
45434,24.98343082234465
45435,26.898015541266304
45476,28.95588026569158
45477,32.17341954797421
45478,34.097445900845536
45479,40.79704335868176
45480,0.289970338244181
45481,0.8849737662899426
45482,1.8133534067894572
45483,6.016050782500063
45484,9.499476887080068
45500,21.35940627019626
45501,25.90814409852455
45502,27.19424397344794
45503,29.127462571153888
45504,26.167564806091978
45505,26.993127296814944
45506,28.838037991954547
45507,30.885890801154574
45508,34.02851779473541
45509,37.53814803282782
45510,39.165117182356056
45511,41.66246988987951
45512,44.304390326929386
45513,46.067195444702605
45514,48.58175367936598
45515,49.61834559584643
45556,21.862518368574115
45557,30.372183818460332
45558,30.917358577215325
45559,32.80681819407109
45560,27.54933758878082
45561,32.23728177787907
45562,35.65732029214009
45563,37.05053976327115
45564,33.425316677118275
45565,32.193166625782034
45566,35.65779888668261
45567,38.8279724007848
45568,43.88232066695232
45592,21.542790410777616
45593,26.549587672849857
45594,25.744253728411316
45595,26.934569447936298
45662,30.761808017606544
45663,36.22580092620851
45664,36.05938448332468
45665,37.67594701014057
45666,41.46693470018739
45667,46.713638370603036
45668,45.5297694090834
45669,46.6417256692052
45670,50.200262819954645
45671,52.109167686667945
45672,51.896807393136136
45673,54.54563343065825
45690,19.843137364792064
45691,22.251127571309407
45692,29.242160646045114
45693,39.52837029387946
45694,38.60310565018582
45695,45.94294920238808
45696,44.09757588857751
45697,47.30431835431289
45698,18.049465412900652
45699,21.273758720052072
45700,23.067684255321748
45701,28.232450349601518
45702,29.540509247924003
45703,31.101806069016774
45704,35.53070003591095
45705,41.390675099393086
45706,43.48611223740304
45707,43.8557546768147
45736,14.092343816286254
45737,18.818724139048317
45738,18.89391700538935
45739,20.4130095773679
45740,21.93595369693274
45741,28.64967070058649
45742,28.367148447305897
45743,29.373711663258984
45744,30.481173125425787
45745,33.14156051764001
45746,34.43057980261999
45747,35.58569162512444
45820,2.1983166477253735
45821,5.288706983829971
45822,6.687684628354826
45823,8.33825722561916
45824,12.914858133333965
45825,14.410200856245767
45826,17.441292848248874
45827,18.949887023924553
45828,19.778758349895718
45829,28.535556301995065
45830,28.424935817477287
45831,32.09040002155601
45832,40.15476993903096
45833,46.88388789424446
45834,51.71334475017096
45835,53.85405689722492
45836,54.79343886778658
45837,56.83624726801027
45838,56.36692153776501
45839,58.72877535562695
45840,61.781622650089325
45841,62.67420205980071
45842,62.897944579518715
45843,66.80803774716811
45873,44.1983154342022
45874,50.93792797121263
45875,54.04918650768355
45876,57.12743108919316
45877,55.73080315598901
45878,60.62999058453766
45879,62.69772540527601
45880,64.44217881604798
45881,65.43421363990618
45882,67.02646581683683
45883,68.0210988809979
45884,68.4687502136166
45920,45.2688364237801
45921,45.46404555944339
45922,50.12243894769598
45923,56.37039276467544
45924,55.1764708383659
45925,56.152462681815244
45926,58.92833605300153
45927,62.093173636355836
45928,62.3009914843924
45929,63.55933018923799
45930,65.75696753521729
45931,67.83538410430442
45944,29.640632431179597
45945,40.927860721332465
45946,41.52881831145774
45947,39.59117677546805
45948,42.324903736250526
45978,37.760760515450855
45979,44.32456411459717
45980,45.912323416938186
45981,49.929023988030984
45982,50.699474750346184
45983,52.89125021274898
45984,55.38642933153185
45985,57.84976696182627
45986,58.43223823473713
45987,60.611719559023925
45988,62.211611743557576
45989,65.87254628393062
46068,26.790406548633914
46069,34.082542825206474
46070,36.599507047892715
46071,39.23164867195017
46072,43.04215618827274
46073,45.375592092114545
46074,46.08158512691726
46075,46.05136995389223
46088,38.892482516506306
46089,38.622229117614445
46090,42.341562766579806
46091,42.74197078619835
46092,45.14111338714922
46093,46.36690718998685
46094,47.32747677939312
46150,31.901642574197215
46151,30.574551043776545
46152,32.01950016448289
46153,37.54145660973884
46154,38.83244834653778
46155,37.397897707745095
46156,48.169175146897715
46157,47.2339382540669
46158,49.233414781981246
46181,33.88992313344555
46182,44.54471922628419
46183,44.972257158266
46184,47.39248391411407
46216,49.66494133249581
46217,42.60470129313607
46218,46.42236505434222
46219,46.93539564874298
46220,49.84499251900474
46249,45.70654471377507
46250,42.023752917890135
46251,45.057133343831076
46252,46.37510964081491
46253,52.920070806902196
46254,54.95459478978598
46255,53.91362688681168
46256,57.75730391130447
46257,57.73162594882819
46258,60.02429357008273
46259,62.27101760830979
46260,61.892280387332036
46272,7.532702900737999
46273,10.683971697587417
46274,13.064800166298697
46275,17.188393160195325
46276,23.300870726977458
46277,24.52396075203526
46278,25.306429055840148
46279,26.53460444880737
46280,29.290778787321265
46281,28.478021410322032
46282,29.06907377035899
46283,30.508227378874356
46288,12.594271509096066
46289,18.63949444280485
46290,25.89003610164572
46291,26.392849287737523
46312,6.403857115235786
46313,10.52479603996342
46314,13.828881609829699
46315,19.977143959499326
46316,49.131778674727
46317,48.317172864442504
46318,51.28446901761533
46319,54.234940155058375
46320,57.657609687892965
46321,58.096758749390226
46322,62.02078743651551
46323,61.812655454282066
46324,62.21234492263301
46325,65.04501342592332
46326,64.79927202992799
46327,68.07591000208717
46340,35.06241080879603
46341,41.286312916992614
46342,44.86226067389578
46343,46.799096569924814
46425,14.302544809248618
46426,16.302776508294116
46427,18.395835050073877
46428,28.167055633722363
46429,37.34696274221332
46437,32.22705878893795
46438,35.35762346586219
46439,39.74312651625531
46440,41.770985359213604
46470,16.260877283784083
46471,19.072931594935024
46472,22.580861840092155
46473,24.880430148974284
46474,23.632456563153237
46475,26.919378067308195
46476,30.896511700477657
46477,35.87308087243228
46478,33.811613752898495
46479,36.642413850940656
46480,39.925433776676975
46481,43.864080101995086
46530,32.24434442826261
46531,33.76798609845277
46532,38.09547633929454
46533,37.579198471421606
46602,37.448256057491044
46603,37.5226287098969
46604,40.729716233346494
46605,42.79500792806221
46635,26.936692519511805
46636,27.853303188004773
46637,30.94497347010164
46638,32.18573944266713
46672,20.9848074947899
46673,27.18719862494068
46674,28.443709491267537
46675,32.68737365116776
46676,37.08491021756623
46677,43.60286406366721
46678,52.374743356303846
46679,54.46206725829336
46680,17.802845816263947
46681,20.7337448526761
46682,27.74143474490298
46683,33.43981365733056
46684,31.938400750975422
46685,37.38363083236848
46686,38.35710735505792
46687,42.76569694161714
46688,43.497504656575074
46736,51.31570704655688
46737,47.38860225263316
46738,48.238730816242175
46739,54.75522625435303
46780,20.559706819613066
46781,22.73431921023661
46782,23.247144351130327
46783,25.024002748309986
46784,27.9391057588286
46811,40.47545407779197
46812,48.917570578943234
46813,51.16863882595975
46814,55.663548147727944
46815,56.699176707653514
46816,59.22120316789603
46817,61.69076750345091
46818,63.085471491181735
46819,65.48087221762002
46820,67.19942466562236
46821,68.26433022539359
46822,68.43682454565067
46839,17.06893025309111
46840,19.547038513688587
46841,23.549562395751288
46842,20.980876741680177
46843,25.50711783787635
46844,26.79834177523649
46845,29.70068212236758
46846,35.39601075901808
46847,35.048152442668325
46848,41.23428183290372
46849,43.822935717450534
46850,48.49784264868365
46977,4.337921866056801
46978,4.526823956337876
46979,5.765804832022477
46980,7.182117004514286
46981,10.35397899401397
47007,15.881596589269126
47008,20.00205212199178
47009,20.811695385190813
47010,24.30836329204842
47011,30.0198580924702
47012,9.08879523787478
47013,11.348335433493078
47014,16.348844237419485
47015,24.876904172428222
47038,17.945321732729404
47039,26.786513118963256
47040,28.690113351111282
47041,31.240291922108273
47042,33.91909356737017
47043,35.81782904970803
47044,38.17340139402286
47045,40.943907286742565
47046,42.598941006832156
47047,46.516111199874715
47048,48.30206324597936
47049,52.97964043451705
47141,41.576492906474726
47142,48.34613405913192
47143,50.99459001478071
47144,52.86672247205812
47145,54.045114566076215
47146,56.84558221978976
47147,57.8810727965851
47148,60.85001363774158
47149,62.76072577086598
47150,65.2574999995526
47151,66.74552538675485
47152,66.48008586814832
47211,-0.3895503721157353
47212,0.014695488860787946
47213,1.3362903412608498
47214,2.831688735226544
47215,5.344614443186014
47216,6.0507522944024705
47217,8.882773130775801
47218,11.932257214001265
47219,14.824072731286458
47220,15.788381733456303
47221,18.535331745132627
47222,20.720099846042388
47223,55.39023009721499
47224,58.63926683144226
47225,58.674222414895006
47226,59.154488282913405
47227,20.335202203483153
47228,26.750790806088695
47229,31.09054354067478
47230,36.02935738111995
47231,41.10344263111441
47276,0.46977563680854495
47277,1.9061521233886634
47278,5.994489669694756
47279,15.117452603504477
47280,-1.279549699511636
47281,-0.6742715870973636
47282,-0.283617840041261
47283,0.8516802293847132
47284,2.6329220617870313
47285,5.89397673694557
47286,9.540559603335348
47287,12.729752205361198
47288,15.32608781355161
47289,19.046938639829033
47290,23.124672765792926
47291,26.33953642376844
47292,29.093996828605977
47293,27.174751207072013
47294,34.07845528864773
47295,39.24005208788632
47296,10.743120628281545
47297,13.445130358638645
47298,12.968531975622643
47299,21.48550323825324
47300,25.73126570775681
47301,25.812257684032737
47326,58.22739328171806
47327,56.27113503665171
47328,62.141618417017675
47329,59.59206399139693
47330,62.83671722304574
47331,64.18804597376692
47332,63.87862428559128
47333,64.62078713813126
47334,62.457594390272085
47335,66.3110528547913
47336,68.35468964700154
47337,71.16922378708863
47377,14.428416873608121
47378,16.0768386777372
47379,18.5625114134563
47380,19.95102457972429
47381,20.628703181539652
47382,21.346034001067768
47383,27.19982848480158
47384,30.438896484957297
47385,29.522853323429967
47386,30.13211046502214
47387,34.85660125919189
47388,34.07008561202428
47438,39.0833873286233
47439,39.74542928466432
47440,40.75011226859432
47441,41.633906943319396
47442,29.949340479349736
47443,28.796868668873174
47444,32.566552925105476
47445,37.01954605695702
47446,39.1454269998527
47452,51.53307484429876
47453,58.954588942025055
47454,55.633708993349245
47455,59.67285125740748
47456,58.95720632206479
47457,60.817064479956315
47458,63.49734717320218
47459,13.634679499765232
47460,16.836440558363595
47461,18.53116284208547
47462,20.726833899027834
47463,29.322931354409963
47464,34.52296452300416
47465,34.741781928221286
47466,36.377710182897246
47467,39.717124984725224
47468,40.993886668001196
47469,42.59122195850751
47470,44.0627628403509
47490,14.957872469879185
47491,19.434347223768274
47492,26.81885965890863
47493,30.25183647255575
47494,35.71449618005209
47511,39.487914083529915
47512,43.87866510645274
47513,49.47531939833147
47514,51.725500536374426
47530,25.43576945951794
47531,32.66982091088393
47532,31.252680320123645
47533,37.019661636300306
47534,39.487424063999626
47535,41.2417104737026
47536,44.19556821238032
47537,45.48773808032376
47538,48.89470659132413
47539,51.24881440555096
47540,53.140784810500996
47541,53.586694306465255
47551,8.994203133243504
47552,8.905602130967237
47553,8.536559242264183
47554,9.25836779558667
47555,12.71869181575656
47556,15.625227390811384
47586,48.38003053585528
47587,51.77409367328079
47588,57.36292344235421
47589,59.849570373146065
47590,61.61975067428793
47591,62.28480425886061
47592,62.429684380241866
47593,66.17240606413782
47594,66.62579433502209
47595,67.95757854158161
47596,69.70824310003255
47597,70.13996388163478
47598,27.986859438553406
47599,28.821293567336987
47600,31.866041815887233
47601,34.42255600749274
47628,10.8054147716363
47629,11.008677091749242
47630,14.827689807157572
47631,18.303577776241898
47638,16.973589683363453
47639,14.56975248083753
47640,15.413155331000416
47641,17.278668618484662
47642,19.480329888062855
47643,18.8346151187343
47644,25.447122411736917
47645,27.588574533568345
47646,26.47932928061766
47647,28.90729569626945
47648,30.61852461379145
47649,34.072570333838556
47697,11.650464509494286
47698,17.016228721537832
47699,13.939905777434143
47700,16.731438478217022
47701,19.74781833017072
47702,22.44857271866367
47703,26.05913469003208
47704,27.95024564456869
47719,13.495421578992302
47720,15.213345545180438
47721,16.546931502429235
47722,19.331204054822457
47723,20.689132102241334
47724,24.97258677232093
47725,27.27177983754924
47726,28.736545689051802
47727,12.456907824955248
47728,14.558647466615822
47729,17.13988510383286
47730,20.028642246678046
47731,23.40955635659874
47732,21.892261608125704
47733,26.173044589130175
47734,26.642942943777932
47735,27.8036926075254
47736,30.338160338533
47737,33.20712737875082
47738,38.4588099485212
47739,48.10146842315724
47740,49.109727488777416
47741,54.28037725219153
47742,56.59071541208548
47743,58.58351284954424
47744,58.29624920815082
47745,61.3444433797281
47746,59.66191578924258
47747,62.358250958735354
47748,63.6847087655599
47749,65.71109514769499
47800,35.00154534828337
47801,32.62452369444094
47802,37.06404310761209
47803,38.989160738390744
47804,39.25256743815318
47879,30.5845740682378
47880,35.848821816028625
47881,38.40668685491588
47882,37.03062752461792
47895,10.649822004800644
47896,13.157227795335412
47897,13.432372370092724
47898,18.908688769980113
47899,18.709303234502986
47900,19.95137277274062
47901,26.094193938238867
47902,26.559581108312887
47903,29.51645442022079
47904,29.98835902242741
47905,31.267216319068577
47906,33.31379146984533
48043,14.582112203150837
48044,21.613305957817605
48045,21.748026856652196
48046,24.41961014521538
48047,31.998503704237343
48048,30.60583433279269
48049,33.07426919899056
48050,39.59509984288769
48051,39.154109890497075
48052,39.19273398003653
48053,41.473405422092426
48054,43.05229611378521
48055,52.668645699053435
48056,48.33286508325256
48057,49.55282842330971
48058,49.593485363698534
48059,56.50032182064771
48060,34.88204198735563
48061,32.631728548920705
48062,32.68896681892379
48063,36.58274849707691
48064,35.70881049674066
48065,38.28238152138315
48066,40.29934877533052
48067,44.26817880666893
48068,46.40253493970619
48069,44.48739031829752
48070,20.83979637492825
48071,22.805313201389303
48072,22.915108426346467
48073,28.084828356805662
48074,29.802183505285612
48075,33.78976739577049
48076,35.317439112077956
48077,37.16391676186084
48078,41.52439716153376
48079,45.70272808318626
48085,41.49875299139783
48086,47.40428854150795
48087,47.72915240070314
48088,51.6286026760867
48089,55.773962932759666
48090,55.51243649848153
48091,26.322818453708724
48092,34.468663636641246
48093,38.68174433240812
48094,38.365627507470656
48095,41.85143583419068
48096,46.16421013624692
48097,45.4142420664432
48098,48.56798823543788
48099,49.615277676176795
48100,52.04909969201445
48101,52.23494811343298
48102,55.604728873584875
48128,3.2829753020374284
48129,5.275117094675188
48130,8.511441224448568
48131,13.923487651685535
48132,17.41391557423797
48133,17.017008219580006
48134,18.669836891443687
48135,27.918445418091228
48136,28.492031901278555
48137,27.504115937966727
48138,31.198592496083627
48139,31.611015195315886
48212,26.529868752534888
48213,31.721525457542878
48214,35.15389783815748
48215,35.86703351734876
48216,40.21197857547392
48217,42.153594763015725
48218,45.788008020776864
48219,47.120853309314754
48220,49.874805708849436
48221,52.778800960217225
48222,54.90402988148257
48228,6.4547908457995025
48229,8.610249452317534
48230,12.184129866776397
48231,14.270682295050355
48244,36.2052627726482
48245,36.78885646762138
48246,41.18963071703564
48247,42.57085396360272
48248,41.71961695221645
48249,42.3665399793152
48250,49.772892072335985
48251,52.19113816202226
48252,54.564465451382986
48253,55.54028424100493
48254,60.350039307886014
48255,62.78948510429265
48256,62.38698021231486
48257,65.03102005674035
48258,64.75107742800135
48259,67.88930369615156
48272,18.455374929116303
48273,21.42296596296311
48274,26.22335555319258
48275,26.761111947616314
48276,28.213207529936614
48277,28.857784848286148
48278,30.825081566584128
48394,53.6294639257208
48395,51.75479862279756
48396,53.239110163157505
48397,55.41398209195125
48398,61.529065584544945
48399,62.169339036087074
48400,64.56056288041243
48401,65.37507781167076
48402,67.53979264229176
48403,68.41175843415748
48404,68.83308990183446
48405,72.29550040560993
48406,45.552876601186966
48407,45.28433836911482
48408,46.11352512344856
48409,50.35898857565021
48410,50.078294561345025
48411,54.9730536266309
48412,54.41459010561673
48413,56.595112716741646
48414,57.48826648916573
48415,59.551289813249554
48416,58.04014187357647
48417,52.88005904489746
48418,56.104871279265396
48419,56.954098156047785
48420,57.23378166438844
48421,58.71324962606747
48422,60.34217315900141
48423,61.05197004861772
48424,61.520954917539285
48425,63.158765771241185
48426,65.05183877759293
48427,66.64195952372063
48428,10.106764057717442
48429,13.080846205534872
48430,14.552372251962415
48431,19.075057244782155
48432,17.242704649074376
48433,31.005604708062197
48434,27.914535019945237
48435,30.73480460482017
48436,30.499068900039337
48437,30.739305430667482
48438,34.6710924957919
48439,34.11600559375775
48475,2.7227895182165023
48476,5.0797957719772
48477,6.477695163759685
48478,13.403545784436252
48479,16.89569175829583
48480,16.744679517559696
48481,18.944865489783314
48482,24.44406899959524
48483,26.357866615215688
48484,27.18846726552728
48512,15.537101552949556
48513,16.389456739095866
48514,17.37518480510124
48515,18.533128588697135
48516,18.755115100145353
48517,20.17250201996688
48518,28.029780097763997
48519,29.75988298204663
48520,33.029579963305224
48521,37.45696550203556
48522,41.35653106709446
48523,46.38164411266525
48528,18.596720989350437
48529,20.26325715182317
48530,24.992769643873388
48531,27.574596987553637
48532,30.992232192407435
48533,34.44695291410937
48534,36.511820448230765
48535,41.33560479028274
48536,42.58461060088805
48537,47.14919653386698
48538,48.09858661127541
48539,53.36930054893415
48610,24.06760521990535
48611,27.873176811517446
48612,32.32024679127654
48613,33.29265299050108
48614,35.987299113755256
48615,39.21269013372784
48653,13.635628967459098
48654,16.732794010451105
48655,19.145435718719305
48656,24.78263988292747
48662,16.944911452534658
48663,18.78079772007915
48664,21.377260969304434
48665,21.926942916464625
48666,33.14402845679373
48667,35.31303467858957
48668,50.23412137519627
48669,51.27585771783559
48704,21.908432906990306
48705,29.348075019741465
48706,30.699555427465672
48707,32.75855793257489
48736,15.125882142842581
48737,16.109228266274645
48738,18.432363698081986
48739,24.319234258394786
48740,25.74161168138248
48741,27.92429151971701
48742,32.86312131328014
48743,36.66086441481049
48744,37.52852237252774
48745,36.35781730556721
48746,30.234873446111802
48747,30.972387030288807
48748,34.532114982855525
48749,35.38169873928962
48750,38.40740059919479
48751,42.02367684996901
48752,46.11472071899688
48753,47.02601529568773
48754,49.723129506721
48755,51.5859753975656
48756,55.558045233125824
48768,50.39477381405389
48769,51.3770438196097
48770,53.681389195335505
48771,57.37287897716062
48772,58.11726823312893
48773,60.1356048222744
48774,60.86437583420667
48775,61.77696437653505
48776,62.40057402697777
48777,63.04987841027599
48778,63.34321519643039
48779,63.87592343439285
48828,28.29560165793283
48829,26.36995795863636
48830,30.91448263456246
48831,29.801185847357058
48832,14.438610602806534
48833,22.923251265897413
48834,24.133059634542967
48835,25.54143314341568
48836,33.17143630024092
48861,27.842468866579512
48862,28.759509123486104
48863,28.621405777960035
48864,30.88101461580394
48865,33.21247072591266
48871,34.6256688249882
48872,39.657720553420006
48873,43.93435272241167
48874,45.91573175707781
48875,52.00791240722074
48897,13.295046917174556
48898,14.84454791057469
48899,16.688116359635554
48900,18.192428984135972
48901,21.209756012998312
48902,19.215167704218107
48903,27.60134872549934
48904,29.130133446671397
48905,32.91556630018054
48906,34.816296268275906
48907,37.583633695345625
48908,39.76569909516462
48918,13.597140714047967
48919,14.640951325325293
48920,17.51498302445765
48921,23.817972563406144
49051,27.777155187103862
49052,30.38663482775751
49053,35.23262839269763
49054,45.943422737326735
49055,37.169829061835486
49056,43.427629339742694
49057,41.41619450455378
49058,45.63432620646838
49059,49.170853646307
49060,50.491533800297276
49061,51.98877778808881
49062,55.62886085333446
49063,58.999436544517195
49064,58.26622475238951
49065,61.628088183267515
49072,9.159277269733145
49073,11.521836350308911
49074,15.30745084662539
49075,16.86888665127477
49102,29.197889926613705
49103,34.505226619731985
49104,43.311384179119884
49105,42.17460799721574
49106,46.69769342446725
49107,49.79552809421956
49108,54.358359145478104
49109,54.71427762692385
49110,54.89443813874595
49111,58.286487171534134
49112,58.51888288083546
49113,62.841639534903486
49126,23.232211549561864
49127,25.231046216595843
49128,28.997844380011156
49129,29.589081273584117
49130,35.45695108262146
49131,38.062673231711635
49132,39.98515319908918
49133,42.18058122763927
49134,44.80756831014626
49135,48.961861894365676
49136,49.101727308159845
49190,32.198544746109896
49191,35.65224905180399
49192,39.06647501169437
49193,46.5472559314886
49194,48.15005657819902
49195,50.85887656345061
49196,49.99095967843334
49197,53.49032634983996
49198,57.45462892175957
49199,58.4116041923041
49200,58.70363244995388
49201,61.72827560647656
49212,32.61675048783239
49213,35.60351845115936
49214,41.121886531394814
49215,43.57469467625505
49216,46.94185578800941
49217,49.29515957402514
49218,49.05244525281369
49219,50.39093178582821
49220,53.76223822133849
49221,55.64533576484587
49230,21.041960240502036
49231,22.323651943285096
49232,28.061360329012842
49233,30.90948603296354
49234,33.472665387292714
49270,56.316881447039435
49271,57.27054781701624
49272,57.916870300335205
49273,61.33287013929671
49291,19.446997151842247
49292,22.92938945167072
49293,36.47003383453099
49294,39.04932276757446
49342,19.710759656976567
49343,25.726145976377705
49344,26.53202187660735
49345,28.634568349680887
49346,28.49214931895479
49398,10.185890628464835
49399,13.122129949373432
49400,16.900142261987618
49401,19.717732752060588
49402,20.56443583046897
49403,22.418193784161957
49404,26.971700741700257
49405,27.43605195096476
49406,30.386317812769352
49407,31.534200650593693
49408,32.25409976144294
49417,21.419617850897918
49418,27.27466126623734
49419,27.95121841416973
49420,29.393980617748127
49421,32.470684914853244
49422,36.72480368821608
49423,37.25811720159014
49424,39.69502127724757
49425,43.06217132715803
49426,46.16898835741651
49427,47.877659993274726
49428,51.41092005951384
49429,66.33800172024874
49430,68.1289286000893
49431,70.81952347636748
49432,70.4656094020317
49433,14.772611740701523
49434,18.180392624489542
49435,26.307650751383722
49436,28.92557973298675
49457,23.71613570512121
49458,28.137274896017228
49459,31.024186672110897
49460,36.18465486723514
49485,43.33583603347784
49486,40.95704750058466
49487,43.129221213956214
49488,47.44530942629232
49489,49.64349462326393
49490,51.912951895658296
49491,53.28479816115167
49492,55.56023748688231
49493,57.54460995294448
49494,60.538222630844345
49495,62.458678796357276
49496,65.33591907561095
49497,43.16006687852861
49498,45.05551636434363
49499,46.6890488570926
49500,50.52914844130414
49501,51.31184252859431
49502,52.66045882030884
49503,54.606136946214924
49504,56.57022110758148
49505,56.90515139122204
49506,60.67592612939938
49507,59.60552637307081
49508,61.92953317417146
49585,17.963626469250837
49586,21.639301071111152
49587,20.562141900037034
49588,22.735013188751232
49589,28.197849607964205
49590,29.375994930223367
49591,33.39294368746815
49592,39.455691866350335
49593,40.705801118931284
49594,42.814784579253036
49595,47.43817172963827
49596,53.02880855479229
49647,3.775578208249099
49648,6.87448497700324
49649,10.954288522891156
49650,16.018079943289024
49651,18.454962525459734
49712,40.73424568542891
49713,38.63565629271937
49714,41.341764053177094
49715,44.459785855045276
49716,47.50361901038802
49717,51.546841744961114
49718,53.55904525527699
49719,53.81932065577452
49720,55.79524258191155
49721,58.93646676102054
49722,60.68879983401665
49723,61.33193366482712
49770,43.00865912685533
49771,44.10078720991317
49772,49.14868968292068
49773,55.26795770645498
49774,57.367992482069894
49775,56.763124081608815
49815,14.236018456036192
49816,23.257489054892424
49817,22.770003940718695
49818,22.6744801458351
49897,23.43104832082739
49898,27.780754010409193
49899,33.083881962845965
49900,34.30835377456963
49901,41.549474366044024
49902,42.64753943047092
49903,45.915122176755695
49904,49.59375563064187
50004,2.8490053358650886
50005,4.28701299340173
50006,6.331079563519122
50007,8.52549574671937
50032,24.880051254154836
50033,29.55349264160773
50034,33.06100395148726
50035,36.93565277275151
50036,23.106269177255303
50037,27.935773259177743
50038,29.066600634805305
50039,32.65755771784494
50040,35.083073151532446
50041,36.21802630894514
50042,37.97216290287785
50043,38.886046766787764
50044,42.183907595082225
50045,44.61194529842402
50046,44.58916509599645
50047,47.58868487207906
50096,51.69793038168349
50097,56.286797115517096
50098,55.633910420396056
50099,62.70539442858352
50100,64.87644271126699
50223,42.03954001948196
50224,48.951872249008375
50225,49.63123439263525
50226,55.033999186210735
50227,56.954688650550665
50288,18.817132328406426
50289,18.887370630760337
50290,20.913211362088198
50291,23.90552571144222
50292,25.53859273799658
50302,7.063658395794179
50303,9.035522007311346
50304,13.073729675210263
50305,18.095432748038924
50306,26.889929843231645
50307,27.458779241623656
50308,29.421145661399063
50309,30.625701923063968
50310,31.152606489303857
50311,31.82536624450418
50312,30.385648352559436
50359,30.538689941860678
50360,33.79302558395271
50361,38.992987495920154
50362,41.69942561044879
50363,19.25233829967755
50364,22.214682495219947
50365,27.026751831553014
50366,30.31838340429146
50407,25.661099541399526
50408,30.041950024973648
50409,29.905837076882207
50410,30.94760905109731
50411,31.94244949255449
50412,35.27553042915516
50413,37.90548464358062
50414,39.20803926747769
50415,41.35676100165484
50416,46.48669380414661
50417,48.29211536023262
50418,50.066317494341185
50457,41.960860991063946
50458,49.716425109635665
50459,58.36499640380441
50460,64.84254292067065
50507,16.848810412564013
50508,18.942936685141152
50509,25.53031598992828
50510,26.124378836740746
50511,41.46053421679204
50512,35.90826653521989
50513,46.47747677236731
50514,46.409485676103195
50515,49.20155443528276
50516,53.434893944866516
50517,53.03767110405784
50518,56.33272313916687
50519,57.36994904621029
50520,60.59383244985837
50521,63.20021267728915
50522,64.04860454517824
50558,28.692155005224844
50559,35.299941153423646
50560,33.92534385253259
50561,36.39135110457179
50635,50.26681720315283
50636,55.09499469892723
50637,58.331609448909546
50638,58.85360243692793
50639,59.508526607905566
50640,60.95653317199736
50641,62.86583527737092
50642,63.91728399317842
50643,64.7770553711484
50644,66.21396731478475
50645,66.12609456156949
50646,68.03865050157295
50656,18.20850188126331
50657,24.69079872685036
50658,25.139747542953256
50659,26.79465705399568
50660,22.96109936004116
50661,25.648139958936387
50662,28.82938301128264
50663,29.002426266701764
50664,30.056110882669
50665,35.716874838392926
50666,39.822616172462254
50667,42.73596849043518
50668,44.73819602180656
50669,49.43788828358026
50670,52.92499704850472
50671,54.355627763437965
50686,21.208279221705663
50687,25.386573933439514
50688,27.313802753132986
50689,30.239531006191577
50735,7.44970570189685
50736,11.431709115336904
50737,13.818161838346079
50738,13.713021300563868
50739,16.72914287156495
50740,17.8466147590414
50741,18.447795799725657
50742,23.4087996132577
50743,25.84014238326421
50744,26.116812552058473
50745,29.491253914369047
50746,31.61755755977405
50752,32.203766108364356
50753,38.35932717567689
50754,37.64957092691856
50755,41.68806871162352
50756,44.31640839582254
50757,47.79475470866569
50758,49.341391188587615
50759,48.681619146250604
50760,51.250108151660285
50761,51.68400379694836
50762,53.91290872612659
50763,57.179873106467184
50768,7.173447610236938
50769,11.290578172140757
50770,13.378949207603329
50771,17.146761919474116
50772,15.76761967176835
50773,18.163297913018226
50774,19.410559722220544
50775,25.30625833820895
50776,24.80762285635267
50777,27.600085631020768
50778,28.519483071661583
50779,28.32032752013387
50792,42.835288571802955
50793,49.597653068047684
50794,50.29828115825014
50795,51.4417794133294
50796,54.80478747415894
50818,32.3437344134695
50819,36.18793107075592
50820,37.27524410544392
50821,40.29177121052544
50822,42.47234402310675
50823,46.02013838192722
50824,47.566392653482694
50825,48.66154743394576
50826,49.486874310392174
50827,50.58780639981939
50828,51.26293803419597
50829,53.42044497899692
50848,49.52111627843329
50849,53.263640061249475
50850,57.06297942756367
50851,59.44027350876167
50852,61.78861568234498
50853,63.096177802348905
50854,64.9653372600819
50855,65.97060328460704
50856,66.16314468747687
50857,67.32615946478286
50858,68.85730986811635
50859,69.20739603010281
50860,36.82584476504509
50861,40.3094627355467
50862,41.01589509299284
50863,43.63227951560093
50864,46.003405104255584
50865,48.19809018849366
50866,50.4386055779768
50867,52.91596112822738
50868,53.92126922850096
50869,55.293427970019685
50870,54.700400548853196
50871,58.159605396939334
50890,19.19636436210513
50891,22.78782002975024
50892,28.652967685977885
50893,29.509201013810042
50894,35.301482347673925
50895,35.00127946843914
50896,38.84922300576586
50897,41.861850471255295
50898,41.13651666559035
50899,45.286568612071115
50900,46.441872795930976
50901,47.54497814954259
51021,38.38636282666151
51022,41.332298615236695
51023,43.93282134573875
51024,46.27293490679066
51025,50.82567721093156
51026,55.20270751156859
51027,59.55623676553961
51028,59.24146385643076
51029,60.63416758485098
51030,64.18445339809833
51031,63.644833289078136
51032,65.2659397851412
51088,42.215916819747015
51089,50.77281724070539
51090,56.44679282929887
51091,62.298539895815125
51111,23.23341517203602
51112,27.8689005297249
51113,32.33017679707985
51114,41.150150539036005
51122,38.00393863413898
51123,41.106888841769035
51124,43.2256317471661
51125,46.787754703494315
51192,13.432828472601862
51193,17.082294769556235
51194,18.4828868286186
51195,35.40591494214977
51204,46.1113151803108
51205,50.10405855062322
51206,52.313502641895525
51207,54.45379746571166
51208,55.35090778050781
51209,59.00575724940738
51210,60.201033982026175
51211,61.54594389812132
51212,61.38922402459654
51213,63.11370772731111
51214,65.83029305670908
51215,66.59427871622158
51221,11.931615683749088
51222,15.714169018576923
51223,18.120647968712326
51224,18.8668325484012
51225,19.714852926534522
51226,20.85125437499402
51227,25.528470974555706
51228,25.277358830838807
51229,26.853075373731883
51230,29.581144050671423
51231,30.283278788013565
51232,32.987027457383135
51334,9.63996772842724
51335,10.875378714661249
51336,14.1709176459225
51337,15.876357574271095
51338,17.577777319694057
51339,20.58757035778807
51340,26.896076828007484
51341,30.428961215739648
51342,31.729732166279565
51343,31.758359142022233
51344,34.33435941169149
51345,37.86926737789326
51400,15.387107487499625
51401,15.795798826357684
51402,17.638463376489
51403,21.158959551616682
51404,21.25545944956274
51405,24.139040130543254
51406,25.235351040349737
51479,15.847712087077172
51480,17.251714518391395
51481,19.5853533969086
51482,20.55205904869687
51541,16.98812706020478
51542,22.77594050770196
51543,21.566700818114004
51544,22.304688986208273
51545,22.177381395308835
51546,27.46995118435865
51547,27.41957358320925
51548,29.854657195443313
51549,32.5395987911927
51550,36.14325421623885
51551,39.37194462147687
51552,39.20334240790925
51577,35.55330387124894
51578,43.18295349311948
51579,48.04780334797428
51580,48.74340894661334
51581,51.64565699464243
51582,55.30707073285598
51583,55.80030881796176
51584,56.6011474292373
51585,59.10434258227135
51586,59.2307365923053
51587,60.61330860483625
51616,44.515060555217545
51617,45.63595410275064
51618,52.96416203913193
51619,56.3949329393201
51620,57.628395696304445
51621,59.85080880649634
51622,60.898462729178824
51623,62.515677360368876
51624,60.996981283132165
51625,64.80302249785026
51626,66.28802359344186
51627,67.6210392674074
51674,31.19711287432473
51675,39.67843009793731
51676,44.40219728560141
51677,45.8732806397746
51678,49.563190239512416
51679,52.4443625854991
51680,58.20125092510503
51681,58.624200004644244
51682,60.43763616519774
51683,60.861118957495
51684,64.7161403508765
51685,67.09414822257668
51702,42.85906516383905
51703,45.652858600787454
51704,47.552290215991725
51705,56.77840685263975
51706,60.23642236850473
51707,62.83170644152608
51708,64.37825569699919
51709,66.29562892824643
51710,69.35216375686497
51711,70.82272166296137
51712,72.59719816160617
51713,71.27082989375629
51718,19.17997751673137
51719,23.34186736311529
51720,25.525018334711152
51721,30.705294955667167
51722,33.59676548300355
51723,33.72899508688884
51724,35.21627492883047
51725,36.73397799386578
51726,38.78383089733763
51727,40.30841881529804
51728,41.545863979571564
51729,42.299611082352875
51730,40.4661800569784
51731,46.30252684454961
51732,50.155143522502954
51733,52.57554255362283
51734,55.883642981657566
51735,59.52932288288429
51736,62.10360017224105
51737,65.14807391369565
51738,63.40621167906608
51739,67.0613145925479
51740,68.76279948142835
51741,69.31498039517672
51747,21.416845869380285
51748,22.773357348105936
51749,28.111250726201167
51750,31.45874569883998
51751,33.42986402915465
51752,34.23083110099473
51792,25.19663832499624
51793,28.458891930773973
51794,30.64653199130156
51795,33.99152002263786
51796,32.46035268779862
51797,37.55884139918911
51798,41.77116991059575
51799,47.255465944817374
51800,48.70893178624692
51801,49.981297738179066
51802,55.720734725221156
51803,56.3999801573677
51812,7.706547579617951
51813,11.406760982225865
51814,12.232045648309517
51815,14.553532046357828
51833,29.119809259008587
51834,29.290749652678613
51835,31.20301489426974
51836,33.44317786823708
51837,36.855717786644995
51838,39.22385673895209
51839,45.21965987626209
51840,29.762264237011188
51841,35.51038021571835
51842,35.823068028085544
51843,35.763124221174266
51844,38.563810303628735
51845,40.263249960627654
51846,40.23740560967182
51847,43.32743739248802
51848,44.237484836893785
51849,47.09897355863028
51850,46.28531306250685
51851,51.30576738670289
51864,30.31575556602884
51865,32.84330929670801
51866,33.95856104300005
51867,36.64155451255267
51868,36.42420240916538
51869,36.7868911125869
51870,41.80274201857308
51871,41.69423708274558
51872,42.98755978970872
51873,44.29899213099962
51874,46.227987475866186
51875,46.88650080642854
51891,13.216932720135661
51892,14.801435021181996
51893,19.364766365264984
51894,19.31602247234651
51921,18.301351036264883
51922,24.44194573879248
51923,24.92820999021613
51924,22.895397948332075
51925,27.564355138510102
51926,28.73361510489014
51927,30.903289124977174
51928,33.30348384278291
51929,35.71879270860527
51930,35.93387650033023
51931,39.409146358892144
51932,40.613961451855005
51937,38.03366046969246
51938,48.965975018536604
51939,46.621529281187364
51940,50.022415385727804
51941,52.390463536533005
51942,51.53624525159212
52202,33.3313016837742
52203,39.222465184283294
52204,45.09727905286468
52205,51.71682198161739
52206,14.898322053991716
52207,17.441028741745928
52208,22.276178975635116
52209,26.853369886335194
52333,28.455288162716155
52334,31.176204590904838
52335,36.03443585554347
52336,35.845032927353365
52359,34.03148208036764
52360,37.55155647923684
52361,40.47591787276944
52362,43.64635558588817
52363,48.6670226136301
52364,50.36169129793992
52365,53.826641635792825
52366,54.620076286953754
52367,55.01727197496818
52368,59.011639083480866
52369,59.2536521596201
52370,62.37698582506704
52377,5.157218374002437
52378,6.218486099840643
52379,8.175897846769178
52380,9.551792789125788
52381,11.681872934547522
52382,13.991252174823407
52383,15.64852334736889
52384,23.245985897876682
52385,25.181859804962997
52386,26.87255371107918
52387,28.989724986693567
52388,32.33002420737469
52413,59.822691519382325
52414,58.96103235475207
52415,57.6781261856779
52416,57.7155061249073
52417,60.62720537216745
52418,62.20004809982357
52419,65.21442423014662
52420,65.9907368697581
52421,66.20455360839262
52422,19.024704210161644
52423,20.770619344466883
52424,21.60471507264592
52425,20.89988815439374
52499,20.97222920039005
52500,25.037923215561907
52501,27.80201448493075
52502,30.20169159555222
52515,27.63746419649791
52516,40.12485621062851
52517,44.516153334143475
52518,49.94985032220769
52524,13.691796023607706
52525,18.732246704913912
52526,20.33612500192113
52527,25.379577457278256
52587,31.730655267630826
52588,32.1666540295579
52589,34.35440890425066
52590,37.30776598996117
52591,39.59540037057131
52592,42.377401477101984
52593,43.7800011483572
52594,45.12093679598133
52595,47.21089011344452
52614,28.989197903832657
52615,29.337081481328426
52616,31.40990661157697
52617,33.304618610159665
52657,3.3692665973987808
52658,6.329539091259089
52659,10.090433728800052
52660,11.753178887955306
52661,45.6173394823984
52662,48.441136691611774
52663,56.17418063831379
52664,60.94890609429886
52719,39.91448959902893
52720,39.311279180509466
52721,40.36111220817746
52722,42.956755825018845
52723,44.89109714430109
52724,45.88812676195572
52725,48.227490588034655
52726,49.35371674267865
52727,52.51028903015563
52728,54.17825600039898
52729,55.65506853244519
52730,57.11744683511422
52753,9.669604266918645
52754,10.469646675445096
52755,13.445196596167392
52756,15.68714716629231
52757,15.238752480959157
52758,18.615589528393798
52759,21.45967701973458
52760,21.10537704602263
52761,21.80501380560819
52762,29.509466554470492
52763,33.315611260638526
52764,34.29477215585023
52802,51.287422441306354
52803,58.198712290894264
52804,59.28063462627247
52805,63.34389847872625
52806,65.43289103254284
52807,66.45392116807909
52808,68.03370143334035
52809,68.80859097341764
52810,66.1500033660997
52811,68.92408837030216
52812,71.64633448032215
52813,74.0997177819119
52861,25.489077369503683
52862,29.04931933641665
52863,32.18556187302067
52864,37.06667331246575
52865,42.038021704374415
52866,44.819975707107076
52867,45.81393841531017
52868,49.046579588094914
52869,51.749023331265604
52870,53.53565059882634
52871,55.482414399704226
52872,55.52453960874501
52913,11.14540955125066
52914,11.510018423099252
52915,12.917220819874023
52916,14.664376442445441
52917,15.360799308056023
52918,19.441434860120157
52919,20.20860232584286
52920,23.419020179683358
52921,28.07630273098766
52922,27.257316511453727
52923,17.426293232801182
52924,22.576687715268115
52925,22.739581473330517
52926,23.676762406752346
52927,29.576303522580073
52928,34.434050399925354
52929,36.964302877701
52930,38.640621885910384
52931,43.87460154810334
52932,45.78177732129605
52933,47.92734265826747
52934,51.06468651250484
52955,22.987719821212856
52956,31.109613759005402
52957,29.871327516133814
52958,39.500468640121916
52959,46.14227786365141
52960,45.996758264118725
52961,46.164002201335514
52962,49.74243897292875
52963,49.70401774220964
52964,51.56027311602512
52965,55.27203231442819
52966,55.6744326100167
52998,33.232420156314454
52999,32.906379131487384
53000,36.396329979909886
53001,41.975269854133025
53002,30.037982323655417
53003,32.08914978220583
53004,38.000778895250875
53005,38.20004479358737
53006,42.52563597290332
53007,42.19683659912566
53008,44.99254124850797
53009,47.85311110416251
53010,46.896909930033154
53011,50.02563646646934
53012,53.613806782315336
53013,57.46296917117138
53014,18.72976177325332
53015,24.159011297250053
53016,26.619708063970517
53017,27.92094156731646
53018,28.41206430084906
53019,32.068565553430226
53020,37.452829929781316
53021,37.0995422073264
53022,39.1394615768195
53023,44.973869728900084
53024,46.75665068418009
53025,46.576853225278235
53141,30.15364852801539
53142,30.653521567510275
53143,36.55973334306187
53144,39.09899364930482
53145,39.95107818234466
53150,3.116931256120571
53151,8.584693139772913
53152,10.898458841390346
53153,13.066494686404761
53154,14.20468109409997
53155,15.966102092895659
53156,18.713025449019767
53157,26.204564163906166
53158,28.53026701817948
53159,28.47436224435242
53160,31.221664438018493
53161,32.37848569576885
53162,25.01436957723215
53163,26.62038994158907
53164,30.692992816032408
53165,34.44774006555424
53166,24.909958109338643
53167,26.477323521439672
53168,25.1527547633364
53169,28.21578299905157
53170,30.54038415319747
53171,24.03552763612559
53172,29.274290191320848
53173,29.35358143000747
53174,28.518799147209013
53175,29.65656120542222
53176,29.347410108621776
53177,32.98855859489003
53178,38.90014632677696
53179,41.28386510856857
53180,42.905185932459865
53181,45.43958048442922
53182,49.50318297912868
53183,49.18529914102003
53184,52.976091329073824
53185,54.24002621619961
53186,57.77326867995358
53187,59.34256332748102
53193,33.358184937848215
53194,38.66275905251497
53195,40.07101123353783
53196,44.45028857843369
53197,46.06208216882012
53198,49.46644840858149
53199,52.007633723169015
53200,51.90714475980232
53244,32.3130694284291
53245,38.59807255615336
53246,36.82064265061495
53247,44.3550773379661
53248,47.53381184166348
53281,23.39003298141291
53282,23.812049947838904
53283,28.691325322134816
53284,29.899672818004888
53285,30.47723100727608
53291,41.00419764485088
53292,44.12058910602176
53293,45.99103584730218
53294,48.52428640739801
53295,50.66508191919884
53296,55.25614094508469
53297,56.728399257229476
53298,57.48917319587174
53299,60.32245021919144
53300,60.73663921732309
53301,60.893593139778964
53302,63.495718711042166
53318,41.96081315256397
53319,41.97386339785166
53320,50.30536233879887
53321,49.45117443620084
53322,53.06381874587508
53323,55.800946279542444
53324,57.94629497566655
53430,29.53276046190986
53431,34.112432432892625
53432,35.68905137827524
53433,41.78397949651014
53434,40.78777678698493
53435,43.308925326841965
53436,45.522259401765695
53437,43.98815951430163
53438,46.53140799743
53439,47.70150102798138
53440,51.74421029415225
53441,52.26663709491255
53442,30.209657516774076
53443,35.6906889308546
53444,40.524492367537505
53445,39.486692623823224
53446,43.616161487880284
53447,45.09146310365962
53448,46.25023411940108
53449,48.4886359718952
53450,50.137021986272764
53451,55.099483789234476
53452,54.03968499474657
53453,54.29486252213475
53483,20.615067286095393
53484,26.849921668317744
53485,29.480256045164744
53486,30.6300975544219
53487,34.92828815498303
53488,37.90035047288603
53489,41.65645231937839
53490,46.088632324217336
53491,50.065800786950554
53492,49.77142105386915
53493,52.077104103265576
53494,56.509380059591145
53527,43.877477027268604
53528,42.222847126894784
53529,46.38684682610219
53530,48.32876400637825
53531,51.62973305352257
53544,28.056586636724578
53545,32.968547085868444
53546,37.84998826049802
53547,45.34951472146892
53589,54.32823944818908
53590,56.017814963988585
53591,59.06896856122119
53592,58.838979377797386
53593,60.735515971395344
53594,62.55917743888784
53595,64.67859535981565
53596,65.40913689711466
53597,66.36594105061306
53598,67.40078653806319
53599,68.58888504481516
53600,69.47254989371987
53651,44.25370075014521
53652,54.34273281448624
53653,53.04648335625829
53654,57.73099923039306
53655,55.16849622520251
53656,56.80382895961266
53657,52.701237459280804
53658,59.729510713739536
53659,59.94611423534127
53660,61.53088067027083
53661,61.89967859595436
53662,63.10767623186363
53663,61.317781175702194
53664,63.24643589430647
53665,65.72251605768426
53666,66.20236214688808
53667,24.739173149322365
53668,26.520560562132605
53669,27.39461992762378
53670,29.087541437812177
53671,30.583551530642183
53672,33.77594521681356
53673,34.893277648529434
53674,36.06770956610564
53675,40.50930718864237
53676,44.51394558466518
53677,45.81141286473581
53678,47.48674014876477
53703,32.56717990169724
53704,38.92107987056513
53705,44.10134710942574
53706,51.463639224043376
53707,56.22594062957035
53720,3.152859805609791
53721,5.22043066149473
53722,5.400784552042984
53723,12.073203140883425
53724,13.528384639811462
53725,14.738717800948011
53726,20.720503239309544
53727,17.69083170133881
53728,20.10391418343049
53729,30.184681993673486
53730,31.815445835650543
53731,35.41769328614054
53732,16.8937200199895
53733,23.614511928823333
53734,24.312406517226204
53735,25.47706001786282
53736,30.553615737929874
53737,27.723372048757867
53738,29.35317758881027
53739,31.950881467582676
53740,32.10036255617054
53741,34.16377268473791
53742,35.93354268366761
53743,37.60997195954121
53794,11.533237780730376
53795,16.958405697422837
53796,18.451559752304053
53797,26.545737790788547
53798,26.924865231135907
53936,49.891613462773165
53937,54.99670990874659
53938,57.82026505546638
53939,61.626014852530396
53940,64.86858319314165
53941,65.12752444451111
53942,66.77575847583235
53943,66.44971954948811
53944,67.147908510517
53945,69.71361355879725
53946,69.28821941786576
53947,73.2428092676033
53954,0.24953915412218436
53955,0.6520642870466947
53956,1.2638208611160155
53957,4.2571481283389545
53958,6.486953031199953
53971,24.987131276287005
53972,27.477486226804913
53973,30.74545586863685
53974,31.4571248481435
53975,33.47262553456007
54001,24.85086142612677
54002,29.249633170300573
54003,34.45659211188782
54004,39.28132930733189
54017,21.741416930510695
54018,26.86045543895301
54019,29.70626922773932
54020,28.81829600459796
54021,32.948921222100516
54022,33.79360542646276
54023,36.44090462563121
54024,40.024045103974856
54025,38.58133250633384
54089,38.921437866214724
54090,38.87651680878847
54091,44.83038965743444
54092,48.45162064132795
54093,50.8673333331628
54094,51.898871172797996
54095,57.71860247120431
54108,55.65627085632899
54109,52.1616653947938
54110,53.42436682623548
54111,57.0025702976649
54120,7.325265993371329
54121,7.507052292972286
54122,9.183618294995277
54123,13.23957203512917
54124,15.531607592601757
54125,18.907564109298537
54131,1.2878135894855491
54132,5.1069786839924305
54133,5.045074960085009
54134,12.328473341340189
54135,13.079618014384938
54136,16.473155908279576
54137,18.051282601465772
54138,24.731902524917846
54139,26.31919927958821
54140,27.408371073025563
54162,25.998352588024463
54163,34.96363754012042
54164,34.23581413561777
54165,36.968667295326256
54178,-0.3591557584761872
54179,1.2932500988880216
54180,3.8485005522194555
54181,8.091340541057594
54182,10.927115115012404
54183,13.743835732253286
54184,16.032722778319332
54185,16.374251934630877
54186,17.88822300944382
54187,22.278265677349044
54188,25.065735945796277
54189,29.78410475198627
54202,63.54819758805237
54203,65.80425296248364
54204,66.25958116165135
54205,66.98897454480817
54206,69.5743920726554
54207,72.21668167175147
54208,72.94136993218378
54209,74.10000384621466
54210,75.2834952658345
54246,4.05037300024535
54247,6.042011256539846
54248,7.198352340218364
54249,7.020392657737258
54250,12.270286869643718
54296,41.40724729229491
54297,41.19748024907059
54298,43.165547207141735
54299,45.48195343269971
54300,47.647716442068734
54301,51.51324137281331
54302,52.93242186351497
54303,55.693072905540426
54304,57.988779716800806
54305,59.15303720336797
54306,58.77677082788693
54307,60.549232884320254
54323,16.070395125654496
54324,15.194132321101906
54325,15.694393054637663
54326,17.354942158696506
54327,16.599574978553758
54328,17.523386965233374
54329,23.247783492889
54330,24.895762136760766
54388,25.745183104239743
54389,33.1198955403926
54390,34.29529914785252
54391,40.457970172514
54392,41.62985937306847
54475,2.555888888614499
54476,6.216172531460568
54477,8.315062935336696
54478,10.807021878406838
54479,12.395420552544824
54480,14.584449060264982
54481,15.500963467131314
54482,16.60670172111105
54483,18.281980602041898
54484,19.948697358952497
54485,22.216399920284413
54486,22.81409146081163
54493,32.430239949142354
54494,33.09012559381474
54495,32.227316224043236
54496,34.33398851293068
54549,12.554425739892388
54550,14.443556789532028
54551,17.526032961609385
54552,23.737963275126898
54553,26.187838200820966
54554,26.487331350697186
54555,32.857411269456584
54556,29.5589603422198
54557,34.83317675052088
54558,34.773457140205586
54559,36.365649607978675
54564,1.2498178557776245
54565,3.7022211095387783
54566,8.070816091418855
54567,11.059564086083293
54659,13.94418477835668
54660,18.75075275518122
54661,22.469936401840684
54662,23.776337126944224
54674,16.180709114235835
54675,22.764816375458768
54676,24.76184990677998
54677,25.118592124600124
54714,22.177887507411594
54715,23.46642804394177
54716,25.57869997276136
54717,32.95077794655397
54718,36.499886974684756
54728,31.160762190931774
54729,36.464211622734275
54730,39.17330884559829
54731,38.918446836819975
54732,42.33689473605861
54785,26.69892559473131
54786,33.26340664225261
54787,35.575931842451524
54788,34.74235471273086
54789,36.71114578698283
54790,39.80957080264727
54791,13.79162915469805
54792,16.2946628793609
54793,19.773531701389704
54794,20.414563255649206
54795,25.973847341286767
54796,27.036966283014813
54797,28.427756064615938
54798,34.35991393062304
54799,31.504138660162983
54800,36.1442970121812
54801,39.316861241269244
54802,38.92505177017612
54851,22.758589432373512
54852,26.878313669144728
54853,27.968594274722516
54854,29.915167787501197
54935,36.84530683614076
54936,43.113115085299135
54937,51.816099420234394
54938,53.26279290744492
54953,55.56172597756719
54954,58.16616897797927
54955,60.10636605210989
54956,62.339994752812686
54957,63.16634855692609
54958,65.71555687014141
54959,67.20443064511807
54960,67.58310019316787
54961,68.66384551401792
54962,69.68823337008452
54963,70.20665196721086
54964,69.78447091980053
55017,32.798226754542355
55018,38.013480776075696
55019,37.0643095569084
55020,37.03054217880983
55021,38.203714074593265
55022,44.986433422676704
55023,40.88600617777228
55024,43.69368729561242
55025,45.48859461923638
55026,46.75902141119442
55027,47.953215477283536
55028,52.25794803866441
55041,30.14685011239321
55042,34.871906680502626
55043,38.62989916107672
55044,40.656048584972
55045,40.75733981809828
55046,44.07659835993361
55047,45.28692624202113
55048,45.748834525770015
55049,48.76196208201118
55050,50.047628201349056
55051,52.22849913012844
55052,52.598982390676596
55060,43.75192466201093
55061,44.98042387445891
55062,46.30777210518631
55063,51.56583353291995
55095,37.677020300330206
55096,42.48193505116813
55097,46.02382979696368
55098,53.824654391484145
55127,23.611136094549185
55128,21.833263543489906
55129,22.90735784278821
55130,28.60230813655982
55131,29.37163221035659
55132,32.839187048989196
55133,35.79179759091786
55134,39.219683852736274
55135,42.62661893773735
55136,45.32493579570957
55137,48.84127412725986
55138,50.5661668327136
55179,22.722757625674614
55180,31.44453625069991
55181,31.09826805876265
55182,35.918340028294715
55183,38.7732959024983
55184,37.98257800551625
55185,43.991666363421345
55186,44.073814254007154
55187,44.15882395243112
55188,47.358033490914195
55189,48.04683938321325
55190,49.841840461670024
55191,51.79233590441733
55192,52.28062373208338
55193,53.24997459628144
55194,55.66454704667239
55220,16.57276696439895
55221,20.57414955186178
55222,22.392037210821663
55223,27.877120330939665
55224,30.249065088308377
55225,32.20943795119735
55226,34.456354663271796
55227,35.07348625175493
55228,35.58508833616474
55229,39.31321402831445
55230,39.25998327004141
55231,41.939221081962046
55261,6.603745929010327
55262,10.609110424412227
55263,11.746197507614749
55264,13.783381867152517
55265,15.85086806598299
55266,17.67119755975523
55279,45.01446627344099
55280,46.486375796650435
55281,49.51457520842904
55282,52.702297243608136
55283,57.0907994190075
55284,57.506300868512895
55285,58.690579539376046
55286,61.720874576951026
55287,61.823367147963765
55288,63.611916842852814
55289,64.78249780550584
55290,67.16263609586656
55349,51.977478671984485
55350,50.32497736670597
55351,54.08088717264722
55352,55.76596829472549
55353,56.968072208064505
55354,58.401366688888025
55355,62.27727476984853
55356,62.87789827059402
55357,64.26700822414674
55358,66.1545513806817
55359,66.19868378215837
55360,68.34174660381915
55517,8.345081269485526
55518,15.014422560427514
55519,13.991012610880542
55520,14.292692169213572
55521,13.814304782672615
55522,15.72526642142243
55523,17.79713598096179
55524,20.542125790921414
55525,25.933798609841418
55548,24.208643301299443
55549,26.23862213192228
55550,26.755282133723917
55551,26.118821792670897
